#"Step","Potential Energy (kJ/mole)","Kinetic Energy (kJ/mole)","Total Energy (kJ/mole)","Temperature (K)","Box Volume (nm^3)","Density (g/mL)","Speed (ns/day)"
50000,-85839.04862904834,15609.203338603023,-70229.84529044532,303.5581932047163,64.0,0.9693454206348489,0
100000,-85632.32090688037,15569.220234850887,-70063.10067202948,302.7806263763248,64.0,0.9693454206348489,630
150000,-85647.99687123584,15404.866993874079,-70243.12987736176,299.5843855563417,64.0,0.9693454206348489,629
200000,-86135.56242299365,15845.356915301934,-70290.20550769172,308.1507628257594,64.0,0.9693454206348489,628
250000,-85547.72929311084,15612.850353319664,-69934.87893979118,303.6291181054918,64.0,0.9693454206348489,627
300000,-85787.58854604053,15244.77854593913,-70542.8100001014,296.47108381032007,64.0,0.9693454206348489,626
350000,-86032.23112416553,15604.344976820052,-70427.88614734547,303.4637107706816,64.0,0.9693454206348489,625
400000,-85975.83348012256,15344.522916730843,-70631.31056339171,298.41085103117445,64.0,0.9693454206348489,624
450000,-85875.02104115771,15460.359374449356,-70414.66166670836,300.6635672684794,64.0,0.9693454206348489,624
500000,-85665.51396107959,15130.993323142058,-70534.52063793753,294.25825872909036,64.0,0.9693454206348489,623
550000,-85576.2943565874,15430.368088864721,-70145.92626772268,300.08031517889697,64.0,0.9693454206348489,622
600000,-85634.57182240771,15029.660696995445,-70604.91112541227,292.28760409422614,64.0,0.9693454206348489,622
650000,-85843.20341420459,15736.411463075085,-70106.7919511295,306.0320586280849,64.0,0.9693454206348489,621
700000,-85796.20542836474,15526.043054830632,-70270.16237353411,301.94094311573144,64.0,0.9693454206348489,621
750000,-85905.62321400928,15449.892856150283,-70455.73035785899,300.46002085325955,64.0,0.9693454206348489,621
800000,-85382.63188100146,15333.233002979774,-70049.39887802169,298.19129172725815,64.0,0.9693454206348489,620
850000,-85981.90519643115,15725.258274664404,-70256.64692176675,305.81515827455786,64.0,0.9693454206348489,620
900000,-85653.19596791553,15424.517831494275,-70228.67813642125,299.96654296909026,64.0,0.9693454206348489,620
950000,-85658.54472279834,15282.78363113897,-70375.76109165937,297.210183349585,64.0,0.9693454206348489,619
1000000,-86508.64897084521,15085.314898543525,-71423.33407230169,293.3699328011888,64.0,0.9693454206348489,619
1050000,-85888.0863487749,15160.430220532988,-70727.65612824191,294.83072941780534,64.0,0.9693454206348489,619
1100000,-86120.93962025928,15469.139944716822,-70651.79967554245,300.8343264025544,64.0,0.9693454206348489,619
1150000,-86159.66020131396,15590.176512769423,-70569.48368854454,303.1881711896795,64.0,0.9693454206348489,619
1200000,-86447.2650597124,15605.829280078644,-70841.43577963376,303.4925765882107,64.0,0.9693454206348489,619
1250000,-86070.97123647021,15552.64253750327,-70518.32869896694,302.4582335068635,64.0,0.9693454206348489,619
1300000,-85624.19560170459,15728.349273742642,-69895.84632796195,305.8752701249216,64.0,0.9693454206348489,618
1350000,-85736.37412953662,15285.572892761673,-70450.80123677495,297.2644271953596,64.0,0.9693454206348489,618
1400000,-86119.30473256396,15786.397930404404,-70332.90680215956,307.00416472331705,64.0,0.9693454206348489,618
1450000,-86365.14286732959,15164.012408529874,-71201.13045879971,294.90039360837716,64.0,0.9693454206348489,618
1500000,-85726.42204213428,15355.987177917152,-70370.43486421712,298.6338009368584,64.0,0.9693454206348489,618
1550000,-85607.63474965381,15770.131699664518,-69837.50304998929,306.68782906501735,64.0,0.9693454206348489,618
1600000,-86462.35331654834,15751.465733752746,-70710.88758279559,306.3248248319579,64.0,0.9693454206348489,618
1650000,-85970.52238393115,15459.852879878366,-70510.66950405278,300.65371727335145,64.0,0.9693454206348489,618
1700000,-86072.18681264209,15635.876284681726,-70436.31052796036,304.07691226701934,64.0,0.9693454206348489,618
1750000,-85997.15788197803,15491.029136228026,-70506.12874575,301.2600139460961,64.0,0.9693454206348489,617
1800000,-85995.25883412646,15255.609712028876,-70739.64912209759,296.6817216716625,64.0,0.9693454206348489,617
1850000,-86331.6834557085,15525.614102994325,-70806.06935271417,301.93260112405017,64.0,0.9693454206348489,617
1900000,-85633.7855675249,15865.283928482793,-69768.50163904211,308.53829113107577,64.0,0.9693454206348489,617
1950000,-86104.72526479053,15608.68506145291,-70496.04020333762,303.54811406923096,64.0,0.9693454206348489,617
2000000,-85731.20133900928,15434.8883468993,-70296.31299210998,300.1682223790295,64.0,0.9693454206348489,617
2050000,-86017.41758656787,15623.742248572875,-70393.675337995,303.84093699028153,64.0,0.9693454206348489,617
2100000,-85885.80876088428,15746.033432366676,-70139.7753285176,306.2191807732621,64.0,0.9693454206348489,617
2150000,-86355.94688344287,15552.588254056405,-70803.35862938646,302.45717783575117,64.0,0.9693454206348489,617
2200000,-85859.66111684131,15317.140734191518,-70542.52038264979,297.8783391740778,64.0,0.9693454206348489,617
2250000,-85922.85258412646,15122.62640925916,-70800.2261748673,294.0955441301517,64.0,0.9693454206348489,617
2300000,-85764.7826378374,15458.657464953838,-70306.12517288356,300.63046957859416,64.0,0.9693454206348489,617
2350000,-86339.9940025835,15385.641955786617,-70954.35204679688,299.21050883121194,64.0,0.9693454206348489,617
2400000,-85597.02336049365,15286.49813806708,-70310.52522242657,297.2824207974088,64.0,0.9693454206348489,617
2450000,-85966.09233022021,15287.952314398717,-70678.1400158215,297.3107007249783,64.0,0.9693454206348489,617
2500000,-85824.92735219287,15715.7390400031,-70109.18831218977,305.6300340493304,64.0,0.9693454206348489,616
2550000,-85459.43357777881,15303.032166744117,-70156.40141103469,297.60396442540315,64.0,0.9693454206348489,616
2600000,-85578.97868275928,15722.91616439959,-69856.06251835969,305.76961035357493,64.0,0.9693454206348489,616
2650000,-86170.45048451709,15515.857847821433,-70654.59263669566,301.7428674695847,64.0,0.9693454206348489,616
2700000,-85379.34074330615,15471.002725355793,-69908.33801795036,300.8705526155671,64.0,0.9693454206348489,616
2750000,-85940.5277550249,15553.794541167677,-70386.73321385722,302.4806369661142,64.0,0.9693454206348489,616
2800000,-86151.59257436084,15423.036147728097,-70728.55642663274,299.9377280938397,64.0,0.9693454206348489,616
2850000,-86350.2074425249,15195.847935846075,-71154.35950667883,295.51951137769504,64.0,0.9693454206348489,616
2900000,-86161.56608510303,15249.303013653262,-70912.26307144976,296.5590728777133,64.0,0.9693454206348489,616
2950000,-85840.59379506396,15409.212493154337,-70431.38130190963,299.66889415562594,64.0,0.9693454206348489,616
3000000,-86133.96733022021,15026.763774640363,-71107.20355557985,292.231266528696,64.0,0.9693454206348489,616
3050000,-85920.51298451709,15528.86076168518,-70391.65222283191,301.9957401468926,64.0,0.9693454206348489,616
3100000,-86009.7377159624,15579.416167286225,-70430.32154867618,302.9789106039672,64.0,0.9693454206348489,616
3150000,-85618.11698842334,15617.352271319367,-70000.76471710397,303.71666863989765,64.0,0.9693454206348489,616
3200000,-86424.72593617724,15264.260341881774,-71160.46559429547,296.8499538044155,64.0,0.9693454206348489,616
3250000,-86026.77519154834,15678.688133962452,-70348.08705758589,304.9094907999205,64.0,0.9693454206348489,616
3300000,-85612.9125206499,15798.874706163944,-69814.03781448596,307.2468053901357,64.0,0.9693454206348489,616
3350000,-85913.47032094287,15447.738557847275,-70465.7317630956,300.4181253838817,64.0,0.9693454206348489,616
3400000,-85966.93839955615,15109.278077384923,-70857.66032217123,293.8359539756677,64.0,0.9693454206348489,616
3450000,-85761.42851186084,15543.049651111593,-70218.37886074925,302.2716769480496,64.0,0.9693454206348489,616
3500000,-85906.54814076709,15427.329145538155,-70479.21899522893,300.0212156767986,64.0,0.9693454206348489,616
3550000,-85732.19035268115,15985.444749616086,-69746.74560306506,310.8751049303431,64.0,0.9693454206348489,616
3600000,-85776.08451772021,15451.121087791864,-70324.96342992835,300.48390674736106,64.0,0.9693454206348489,616
3650000,-86044.87174916553,15378.256604479393,-70666.61514468613,299.06688305798247,64.0,0.9693454206348489,616
3700000,-86184.33036732959,15591.995624936186,-70592.3347423934,303.22354816508306,64.0,0.9693454206348489,616
3750000,-85345.48405385303,15255.846218769904,-70089.63783508312,296.6863211094064,64.0,0.9693454206348489,616
3800000,-85680.16825795459,14940.200976327993,-70739.9672816266,290.547846428103,64.0,0.9693454206348489,616
3850000,-85812.58640981006,15312.396736437455,-70500.1896733726,297.7860808213899,64.0,0.9693454206348489,616
3900000,-85789.91239857959,15367.078073048964,-70422.83432553062,298.84948984898307,64.0,0.9693454206348489,616
3950000,-85894.17484975146,15239.713159268955,-70654.46169048251,296.3725752835153,64.0,0.9693454206348489,616
4000000,-86193.41068959521,15347.4665314632,-70845.94415813201,298.46809664136106,64.0,0.9693454206348489,616
4050000,-85906.98600697803,15283.315958892577,-70623.67004808545,297.2205357325717,64.0,0.9693454206348489,616
4100000,-86010.99699330615,15769.682324456284,-70241.31466884987,306.67908989215096,64.0,0.9693454206348489,616
4150000,-85853.01481557178,15463.766507689841,-70389.24830788194,300.7298271017364,64.0,0.9693454206348489,616
4200000,-86409.75346303271,15165.753332443302,-71244.00013058941,294.93425002668397,64.0,0.9693454206348489,616
4250000,-86330.69737172412,15020.095195026603,-71310.60217669752,292.10158009083733,64.0,0.9693454206348489,616
4300000,-86339.88358998584,15336.680981091922,-71003.20260889392,298.2583458864762,64.0,0.9693454206348489,616
4350000,-86172.30583119678,15353.669202921214,-70818.63662827556,298.5887223837512,64.0,0.9693454206348489,616
4400000,-85823.9256432085,15895.757695317268,-69928.16794789123,309.1309262194751,64.0,0.9693454206348489,616
4450000,-85829.27629018115,15518.076921704778,-70311.19936847637,301.7860226546383,64.0,0.9693454206348489,616
4500000,-85850.79704213428,15583.731626532273,-70267.065415602,303.06283500312855,64.0,0.9693454206348489,616
4550000,-85978.33879018115,15480.34617501963,-70497.99261516152,301.0522582822002,64.0,0.9693454206348489,616
4600000,-86104.40647816943,15360.17473513796,-70744.23174303147,298.71523797604067,64.0,0.9693454206348489,616
4650000,-85768.56608510303,15365.577656712267,-70402.98842839076,298.820310674214,64.0,0.9693454206348489,616
4700000,-86029.2738487749,15453.34162359126,-70575.93222518364,300.5270903628595,64.0,0.9693454206348489,616
4750000,-86234.54679799365,15603.879772050539,-70630.66702594311,303.4546637542362,64.0,0.9693454206348489,616
4800000,-85490.07768178271,15585.359126978205,-69904.71855480451,303.0944856315488,64.0,0.9693454206348489,616
4850000,-86104.99540639209,15654.706024009269,-70450.28938238282,304.4431014648145,64.0,0.9693454206348489,616
4900000,-86333.00163197803,15147.615352753666,-71185.38627922436,294.58151374517536,64.0,0.9693454206348489,616
4950000,-86383.85453725146,15362.827767835173,-71021.02676941629,298.76683252539783,64.0,0.9693454206348489,616
5000000,-85913.00016713428,15566.508688682225,-70346.49147845205,302.72789389293695,64.0,0.9693454206348489,616
5050000,-85791.60575795459,15289.38061873347,-70502.22513922112,297.3384775098531,64.0,0.9693454206348489,616
5100000,-85789.81254506396,15371.142704702914,-70418.66984036105,298.92853630729036,64.0,0.9693454206348489,616
5150000,-85916.5560753374,15513.504227929749,-70403.05184740765,301.6970957164522,64.0,0.9693454206348489,616
5200000,-85953.62846303271,15304.169017413631,-70649.45944561908,297.62607319852214,64.0,0.9693454206348489,616
5250000,-86138.78105092334,15104.119395300047,-71034.66165562329,293.73563109697665,64.0,0.9693454206348489,616
5300000,-85761.68131947803,15091.780896818964,-70669.90042265906,293.49567956168505,64.0,0.9693454206348489,616
5350000,-85802.12821889209,15432.535637189401,-70369.59258170269,300.12246832655285,64.0,0.9693454206348489,616
5400000,-85891.1810753374,15548.419722932857,-70342.76135240454,302.3761108044151,64.0,0.9693454206348489,616
5450000,-86303.59037709521,15491.117585976142,-70812.47279111907,301.26173406243674,64.0,0.9693454206348489,616
5500000,-85869.02159047412,15565.381540535018,-70303.6400499391,302.70597380850865,64.0,0.9693454206348489,616
5550000,-86056.37333607959,15766.118444114618,-70290.25489196497,306.6097817376061,64.0,0.9693454206348489,616
5600000,-86198.16709828662,15292.171129516326,-70905.9959687703,297.39274564852656,64.0,0.9693454206348489,616
5650000,-86206.0677940874,15357.36046455428,-70848.70732953312,298.66050777136337,64.0,0.9693454206348489,616
5700000,-85853.79215932178,15471.213596587884,-70382.57856273389,300.8746535096886,64.0,0.9693454206348489,616
5750000,-85720.49027943896,15537.248912218958,-70183.24136722,302.1588677431656,64.0,0.9693454206348489,616
5800000,-86297.65580678271,15359.713777959812,-70937.9420288229,298.7062735641416,64.0,0.9693454206348489,616
5850000,-85910.81339955615,15394.263012295123,-70516.55038726103,299.3781658397388,64.0,0.9693454206348489,616
5900000,-85593.7133018999,15739.56551142456,-69854.14779047534,306.09339662192593,64.0,0.9693454206348489,616
5950000,-86192.83109975146,15625.33502246067,-70567.4960772908,303.87191227794193,64.0,0.9693454206348489,616
6000000,-85853.72135854053,15472.518281058408,-70381.20307748212,300.9000262114199,64.0,0.9693454206348489,616
6050000,-85907.03739857959,15413.794711382361,-70493.24268719723,299.75800631952023,64.0,0.9693454206348489,616
6100000,-86039.17900014209,15372.393057684414,-70666.78594245767,298.952852403615,64.0,0.9693454206348489,616
6150000,-86498.73789906787,15343.470048432238,-71155.26785063563,298.3903754955898,64.0,0.9693454206348489,616
6200000,-86320.54899525928,15340.675571235945,-70979.87342402333,298.3360302205456,64.0,0.9693454206348489,616
6250000,-86174.81816029834,15358.641764208674,-70816.17639608966,298.6854256995628,64.0,0.9693454206348489,616
6300000,-86257.8842003374,15447.23148761061,-70810.65271272679,300.4082641935614,64.0,0.9693454206348489,616
6350000,-85624.90116811084,15378.279254463967,-70246.62191364687,299.06732354096187,64.0,0.9693454206348489,616
6400000,-85976.69346547412,15234.08232594654,-70742.61113952758,296.26307029773795,64.0,0.9693454206348489,616
6450000,-86071.48112416553,15530.31742258463,-70541.1637015809,302.0240683928099,64.0,0.9693454206348489,616
6500000,-85714.71043324756,15679.98058146672,-70034.72985178084,304.93462552465286,64.0,0.9693454206348489,616
6550000,-86233.6244347124,15344.13201632537,-70889.49241838703,298.4032490403339,64.0,0.9693454206348489,616
6600000,-85703.12211537646,15338.864975466393,-70364.25713991007,298.3008188668008,64.0,0.9693454206348489,616
6650000,-85753.11839223193,15376.836183248786,-70376.28220898315,299.03925957887213,64.0,0.9693454206348489,616
6700000,-85847.51713490771,15138.120996988902,-70709.39613791881,294.3968733494374,64.0,0.9693454206348489,616
6750000,-86399.14091420459,15984.611724302988,-70414.5291899016,310.85890476602646,64.0,0.9693454206348489,616
6800000,-85704.22453236865,15389.02171566966,-70315.20281669899,299.27623632423683,64.0,0.9693454206348489,616
6850000,-85941.90281606006,15546.989625266579,-70394.91319079348,302.3482991439309,64.0,0.9693454206348489,616
6900000,-85430.31828236865,15503.035552577581,-69927.28272979107,301.49350735218945,64.0,0.9693454206348489,616
6950000,-85766.10472035693,15198.941684298916,-70567.16303605802,295.5796766962063,64.0,0.9693454206348489,616
7000000,-86035.4779503374,15147.427609432954,-70888.05034090445,294.5778626284601,64.0,0.9693454206348489,616
7050000,-86037.69633412646,15418.74907220644,-70618.94726192002,299.8543556839059,64.0,0.9693454206348489,616
7100000,-85722.68937611865,15486.268758916063,-70236.42061720259,301.1674370538329,64.0,0.9693454206348489,616
7150000,-85773.92448354053,15073.61695609946,-70700.30752744107,293.14243840602313,64.0,0.9693454206348489,616
7200000,-85656.53495717334,15166.59161467012,-70489.94334250322,294.95055242422774,64.0,0.9693454206348489,616
7250000,-85715.63432240771,15734.623013802804,-69981.01130860491,305.99727796580794,64.0,0.9693454206348489,616
7300000,-85756.56620717334,15565.148935094592,-70191.41727207875,302.7014502408612,64.0,0.9693454206348489,616
7350000,-85994.01774525928,15734.898586219875,-70259.1191590394,306.00263712880997,64.0,0.9693454206348489,616
7400000,-85842.24137807178,15037.63624864188,-70804.6051294299,292.442707720919,64.0,0.9693454206348489,616
7450000,-85537.03886342334,15737.910529711051,-69799.12833371229,306.0612115547036,64.0,0.9693454206348489,616
7500000,-85769.54032826709,15233.807763327379,-70535.73256493971,296.257730772665,64.0,0.9693454206348489,616
7550000,-86087.10893178271,15160.895782510168,-70926.21314927255,294.83978338100593,64.0,0.9693454206348489,616
7600000,-86109.29692006396,15590.37729638652,-70518.91962367744,303.1920759060644,64.0,0.9693454206348489,616
7650000,-86177.11070180224,15468.801014091121,-70708.30968771112,300.8277350880505,64.0,0.9693454206348489,616
7700000,-86265.37870717334,15403.979213661049,-70861.39949351229,299.5671205523832,64.0,0.9693454206348489,616
7750000,-85755.03422475146,15207.890966633335,-70547.14325811813,295.75371683886993,64.0,0.9693454206348489,616
7800000,-86507.23277211474,15203.1675447023,-71304.06522741244,295.66185863214247,64.0,0.9693454206348489,616
7850000,-85898.24381947803,15751.473160016816,-70146.77065946121,306.32496925337745,64.0,0.9693454206348489,616
7900000,-86390.55143666553,15414.092703332193,-70976.45873333333,299.76380148381645,64.0,0.9693454206348489,616
7950000,-85523.44230580615,15418.84497598093,-70104.59732982522,299.8562207615703,64.0,0.9693454206348489,616
8000000,-85658.51469350146,15459.206435648957,-70199.3082578525,300.6411456232787,64.0,0.9693454206348489,616
8050000,-85907.72379994678,15339.540406827291,-70568.18339311949,298.3139542407914,64.0,0.9693454206348489,616
8100000,-85715.36845326709,15707.887131901225,-70007.48132136586,305.47733496630156,64.0,0.9693454206348489,616
8150000,-85603.98637318896,15154.504192210268,-70449.4821809787,294.71548366108726,64.0,0.9693454206348489,616
8200000,-86176.46220326709,15518.326567149023,-70658.13563611807,301.79087760580734,64.0,0.9693454206348489,616
8250000,-85976.55888295459,15302.667711136164,-70673.89117181842,297.59687671673197,64.0,0.9693454206348489,616
8300000,-86145.76884389209,15511.73965422943,-70634.02918966266,301.662779371625,64.0,0.9693454206348489,616
8350000,-86231.93138051318,15394.120613462292,-70837.81076705089,299.37539655475535,64.0,0.9693454206348489,616
8400000,-85640.3783409624,15321.832043956267,-70318.54629700613,297.96957288313126,64.0,0.9693454206348489,616
8450000,-86138.35856557178,15563.922674785368,-70574.43589078641,302.6776026840198,64.0,0.9693454206348489,616
8500000,-85782.13102650928,15505.549951769353,-70276.58107473992,301.5424058423361,64.0,0.9693454206348489,616
8550000,-86062.71195912646,15485.44817660586,-70577.2637825206,301.1514788733891,64.0,0.9693454206348489,616
8600000,-85827.8568565874,15655.842074916349,-70172.01478167105,304.46519468464516,64.0,0.9693454206348489,616
8650000,-86012.2347862749,15324.6478208786,-70687.5869653963,298.02433238215684,64.0,0.9693454206348489,616
8700000,-85977.13529897021,15590.599233976565,-70386.53606499365,303.19639201191404,64.0,0.9693454206348489,616
8750000,-86123.05729604053,15342.670372192282,-70780.38692384824,298.37482388355147,64.0,0.9693454206348489,616
8800000,-85936.64866566943,15375.000279455446,-70561.64838621399,299.0035560502349,64.0,0.9693454206348489,616
8850000,-85839.25224232959,15613.596476844978,-70225.65576548461,303.6436282572489,64.0,0.9693454206348489,616
8900000,-86024.22245717334,15562.259823741391,-70461.96263343195,302.645264578895,64.0,0.9693454206348489,615
8950000,-85963.43534779834,15219.400225948775,-70744.03512184956,295.9775418405136,64.0,0.9693454206348489,615
9000000,-85498.07157826709,15432.695867960807,-70065.37571030628,300.1255843961183,64.0,0.9693454206348489,615
9050000,-85908.17600941943,15283.763823466608,-70624.41218595282,297.22924552755245,64.0,0.9693454206348489,615
9100000,-86126.0316612749,15247.634473666549,-70878.39718760835,296.5266241375265,64.0,0.9693454206348489,615
9150000,-85533.35307240771,15317.01263239095,-70216.34044001676,297.87584792899094,64.0,0.9693454206348489,615
9200000,-86060.99223256396,15619.49698969745,-70441.49524286651,303.7583778047834,64.0,0.9693454206348489,615
9250000,-85671.88004994678,15227.5001816781,-70444.37986826868,296.1350648013524,64.0,0.9693454206348489,615
9300000,-85945.2162315874,15676.604736570269,-70268.61149501713,304.86897416788105,64.0,0.9693454206348489,615
9350000,-86418.10368275928,15321.534511836478,-71096.5691709228,297.9637866613271,64.0,0.9693454206348489,615
9400000,-85809.56437611865,15221.038184171775,-70588.52619194688,296.009395845355,64.0,0.9693454206348489,615
9450000,-85650.44584584521,15355.75993069401,-70294.6859151512,298.62938157252756,64.0,0.9693454206348489,615
9500000,-86097.57511830615,15734.445495469961,-70363.12962283619,305.9938256983725,64.0,0.9693454206348489,615
9550000,-85635.72294545459,15155.270452114753,-70480.45249333984,294.73038541277083,64.0,0.9693454206348489,615
9600000,-86047.8383018999,15444.613950499333,-70603.22435140057,300.35735994054426,64.0,0.9693454206348489,615
9650000,-86364.56620717334,15565.264314603875,-70799.30189256946,302.7036940706462,64.0,0.9693454206348489,615
9700000,-86032.63865590381,15189.901523317676,-70842.73713258613,295.4038692014729,64.0,0.9693454206348489,615
9750000,-85658.40397572803,15245.074201810174,-70413.32977391785,296.47683354399175,64.0,0.9693454206348489,615
9800000,-85950.47160268115,15744.701177372597,-70205.77042530855,306.1932718969333,64.0,0.9693454206348489,615
9850000,-86004.67594838428,15514.021840119734,-70490.65410826454,301.70716192020166,64.0,0.9693454206348489,615
9900000,-86091.54038930224,15586.110811678693,-70505.42957762355,303.109103933623,64.0,0.9693454206348489,615
9950000,-86082.68656850146,15531.753226877183,-70550.93334162427,302.0519910322546,64.0,0.9693454206348489,615
10000000,-85971.16007924365,15480.36422564392,-70490.79585359973,301.0526093196476,64.0,0.9693454206348489,615
10050000,-86282.38981557178,15354.769894872792,-70927.61992069898,298.61012796434665,64.0,0.9693454206348489,615
10100000,-85402.74278188037,15224.81591654825,-70177.92686533212,296.0828628628406,64.0,0.9693454206348489,615
10150000,-85675.69761586474,15567.597208507359,-70108.10040735739,302.7490627574983,64.0,0.9693454206348489,615
10200000,-86252.65812611865,15411.43958446337,-70841.21854165528,299.7122052586468,64.0,0.9693454206348489,615
10250000,-86005.97190785693,15262.422699026647,-70743.54920883029,296.8142164555735,64.0,0.9693454206348489,615
10300000,-85854.7513878374,15339.383548813523,-70515.36783902388,298.31090376254366,64.0,0.9693454206348489,615
10350000,-85984.62101674365,15724.194993023062,-70260.42602372059,305.7944802266837,64.0,0.9693454206348489,615
10400000,-86138.87467885303,15545.582448203815,-70593.29223064921,302.32093322925704,64.0,0.9693454206348489,615
10450000,-85535.37858510303,15309.109564925078,-70226.26902017795,297.7221539300934,64.0,0.9693454206348489,615
10500000,-86551.3822472124,15180.86216662242,-71370.52008058998,295.2280773479989,64.0,0.9693454206348489,615
10550000,-86291.87260365771,15279.456069892738,-71012.41653376498,297.1454709835678,64.0,0.9693454206348489,615
10600000,-86217.57292104053,15671.792932728305,-70545.77998831222,304.77539716406886,64.0,0.9693454206348489,615
10650000,-85791.31230092334,15942.373235580511,-69848.93906534283,310.03747659687815,64.0,0.9693454206348489,615
10700000,-85934.20524525928,15325.095633965917,-70609.10961129336,298.0330411758557,64.0,0.9693454206348489,615
10750000,-86291.18681264209,15384.94231018005,-70906.24450246204,299.19690255345347,64.0,0.9693454206348489,615
10800000,-85986.32945180224,15378.352658879594,-70607.97679292265,299.0687510649231,64.0,0.9693454206348489,615
10850000,-85752.24076772021,15337.030704584438,-70415.21006313578,298.2651470940206,64.0,0.9693454206348489,615
10900000,-86448.19883656787,15635.59396737488,-70812.60486919299,304.07142193354633,64.0,0.9693454206348489,615
10950000,-86304.95878529834,15266.98989257263,-71037.96889272571,296.90303642868554,64.0,0.9693454206348489,615
11000000,-85653.50089955615,15597.417670821771,-70056.08322873438,303.32899278110847,64.0,0.9693454206348489,615
11050000,-85673.08451772021,15381.275276750675,-70291.80924096954,299.1255883410562,64.0,0.9693454206348489,615
11100000,-85914.79777455615,15223.780923993792,-70691.01685056236,296.06273496374183,64.0,0.9693454206348489,615
11150000,-86193.32664418506,15220.929164545261,-70972.3974796398,296.00727569866143,64.0,0.9693454206348489,615
11200000,-85867.100447896,15384.751329519553,-70482.34911837644,299.19318847894374,64.0,0.9693454206348489,615
11250000,-85883.6156456499,15734.222769605462,-70149.39287604444,305.9894942626458,64.0,0.9693454206348489,615
11300000,-85915.82524037646,15370.47796605085,-70545.34727432561,298.91560887852955,64.0,0.9693454206348489,615
11350000,-86122.06547475146,15303.82412864198,-70818.24134610948,297.61936601365767,64.0,0.9693454206348489,615
11400000,-85865.6146690874,15559.01582186995,-70306.59884721745,302.5821772242437,64.0,0.9693454206348489,615
11450000,-86069.42179799365,15762.288608800154,-70307.1331891935,306.53530145420467,64.0,0.9693454206348489,615
11500000,-85957.22343373584,15324.16326462524,-70633.0601691106,298.014909029947,64.0,0.9693454206348489,615
11550000,-85698.92399525928,15594.085671989014,-70104.83832327026,303.26419411563586,64.0,0.9693454206348489,615
11600000,-85796.39567494678,15598.37845832156,-70198.01721662522,303.34767758591005,64.0,0.9693454206348489,615
11650000,-85802.46501088428,15531.523263363517,-70270.94174752076,302.04751884317506,64.0,0.9693454206348489,615
11700000,-85825.5492393999,15259.072754953522,-70566.47648444638,296.7490688020953,64.0,0.9693454206348489,615
11750000,-86140.18705678271,15473.754563410766,-70666.43249337195,300.9240686707967,64.0,0.9693454206348489,615
11800000,-86428.82426381396,15210.783202548977,-71218.04106126499,295.80996326540617,64.0,0.9693454206348489,615
11850000,-86452.95585561084,15589.936206964077,-70863.01964864676,303.1834978700677,64.0,0.9693454206348489,615
11900000,-86272.79740834521,15259.313187341904,-71013.48422100331,296.75374458341616,64.0,0.9693454206348489,615
11950000,-85332.15495229053,15263.526102401316,-70068.62884988921,296.8356747662588,64.0,0.9693454206348489,615
12000000,-85799.69389272021,15887.064757959452,-69912.62913476076,308.96187131636833,64.0,0.9693454206348489,615
12050000,-85857.13401723193,15449.628841084777,-70407.50517614715,300.4548864505277,64.0,0.9693454206348489,615
12100000,-86156.97117543506,15417.224550602958,-70739.7466248321,299.82470772472334,64.0,0.9693454206348489,615
12150000,-85732.01579213428,15236.636601270526,-70495.37919086375,296.31274427439627,64.0,0.9693454206348489,615
12200000,-85861.03691029834,15433.554815594573,-70427.48209470377,300.1422886817956,64.0,0.9693454206348489,615
12250000,-85842.24052357959,15409.163614679535,-70433.07690890005,299.66794359708837,64.0,0.9693454206348489,615
12300000,-85886.14817738818,15281.468805630342,-70604.67937175784,297.1846134311772,64.0,0.9693454206348489,615
12350000,-85980.61125111865,15209.20210848283,-70771.40914263582,295.7792151197388,64.0,0.9693454206348489,615
12400000,-85605.24125600146,15108.277707061497,-70496.96354893997,293.8164993884394,64.0,0.9693454206348489,615
12450000,-85731.5922081499,15522.592259534635,-70208.99994861527,301.8738341696533,64.0,0.9693454206348489,615
12500000,-85920.82108998584,15539.117824769113,-70381.70326521673,302.1952132058184,64.0,0.9693454206348489,615
12550000,-85559.92558217334,15475.124184368877,-70084.80139780446,300.95070421742906,64.0,0.9693454206348489,615
12600000,-85976.77024770068,15412.840221375402,-70563.93002632528,299.7394439844888,64.0,0.9693454206348489,615
12650000,-85980.86137318896,15599.324615028687,-70381.53675816028,303.3660778600479,64.0,0.9693454206348489,615
12700000,-85869.91453481006,15422.082621637266,-70447.83191317279,299.9191845044568,64.0,0.9693454206348489,615
12750000,-85730.87235951709,15225.124604048906,-70505.74775546818,296.0888660276359,64.0,0.9693454206348489,615
12800000,-86499.41831898974,15314.990178059787,-71184.42814092996,297.836516480147,64.0,0.9693454206348489,615
12850000,-85688.74516225146,15417.913582720328,-70270.83157953114,299.8381075978669,64.0,0.9693454206348489,615
12900000,-86052.18388295459,15450.824533168518,-70601.35934978607,300.478139535307,64.0,0.9693454206348489,615
12950000,-85624.05461049365,15380.966906872229,-70243.08770362142,299.11959135318244,64.0,0.9693454206348489,615
13000000,-85731.03813100146,15966.899244683504,-69764.13888631796,310.51444334837237,64.0,0.9693454206348489,615
13050000,-85947.39933705615,15557.18347647041,-70390.21586058574,302.5465428970621,64.0,0.9693454206348489,615
13100000,-85455.84739613818,16035.02254281065,-69420.82485332753,311.83926338217134,64.0,0.9693454206348489,615
13150000,-85904.72343373584,15486.480981030967,-70418.24245270487,301.17156421909306,64.0,0.9693454206348489,615
13200000,-86087.14811635303,15504.730713167693,-70582.41740318533,301.5264737935102,64.0,0.9693454206348489,615
13250000,-85943.50956654834,15267.956169680925,-70675.55339686741,296.9218279920194,64.0,0.9693454206348489,615
13300000,-85518.30973744678,15688.191795233215,-69830.11794221356,305.09431216342006,64.0,0.9693454206348489,615
13350000,-85620.23075795459,15845.226331715705,-69775.00442623888,308.1482233164303,64.0,0.9693454206348489,615
13400000,-86067.55912709521,15104.727728265265,-70962.83139882995,293.7474615826063,64.0,0.9693454206348489,615
13450000,-86257.14616322803,15717.554862182995,-70539.59130104503,305.66534704309134,64.0,0.9693454206348489,615
13500000,-85655.74101186084,15413.612233360996,-70242.12877849984,299.75445759911065,64.0,0.9693454206348489,615
13550000,-86080.92802357959,15483.775813704357,-70597.15220987523,301.118955787505,64.0,0.9693454206348489,615
13600000,-86158.77409291553,15209.44483586168,-70949.32925705385,295.7839355326239,64.0,0.9693454206348489,615
13650000,-86095.48832631396,15412.547084729187,-70682.94124158478,299.7337432431533,64.0,0.9693454206348489,615
13700000,-85630.19340443896,16017.918629192049,-69612.27477524691,311.5066369820814,64.0,0.9693454206348489,615
13750000,-86195.85612416553,15679.330500625714,-70516.52562353981,304.92198315199283,64.0,0.9693454206348489,615
13800000,-85896.43803334521,15639.109669526573,-70257.32836381864,304.13979314826264,64.0,0.9693454206348489,615
13850000,-85443.81742787646,15427.2657198573,-70016.55170801916,300.01998221313835,64.0,0.9693454206348489,615
13900000,-86158.20512318896,15478.241416959558,-70679.9637062294,301.01132624101984,64.0,0.9693454206348489,615
13950000,-86185.11845326709,15506.817729473696,-70678.30072379339,301.56706080396145,64.0,0.9693454206348489,615
14000000,-86047.02641225146,15519.137846806785,-70527.88856544468,301.80665487398386,64.0,0.9693454206348489,615
14050000,-86109.9877159624,15237.939544021152,-70872.04817194125,296.3380831042295,64.0,0.9693454206348489,615
14100000,-85919.86668324756,15521.836628136924,-70398.03005511063,301.85913911463723,64.0,0.9693454206348489,615
14150000,-86073.31059193896,15132.416272358969,-70940.89431958,294.2859313709246,64.0,0.9693454206348489,615
14200000,-86046.87498402881,16022.214753514156,-70024.66023051465,311.59018536752495,64.0,0.9693454206348489,615
14250000,-85510.46086049365,15814.425226495368,-69696.03563399828,307.54922235228304,64.0,0.9693454206348489,615
14300000,-85874.79203725146,15652.610713050002,-70222.18132420146,304.40235314504446,64.0,0.9693454206348489,615
14350000,-85640.58256459521,15414.885404706467,-70225.69715988875,299.77921745295373,64.0,0.9693454206348489,615
14400000,-86373.7459557085,15593.788856952335,-70779.95709875616,303.2584218392233,64.0,0.9693454206348489,615
14450000,-86224.67179799365,15332.836452555843,-70891.83534543781,298.1835798583311,64.0,0.9693454206348489,615
14500000,-85916.4242393999,15428.442454325967,-70487.98178507393,300.0428666218709,64.0,0.9693454206348489,615
14550000,-85710.18278432178,15751.082132854877,-69959.1006514669,306.317364797455,64.0,0.9693454206348489,615
14600000,-85956.90641713428,15134.753053851891,-70822.15336328238,294.3313756612268,64.0,0.9693454206348489,615
14650000,-85833.57694936084,15564.562365079764,-70269.01458428107,302.69004298771534,64.0,0.9693454206348489,615
14700000,-85917.11112904834,15476.414952300489,-70440.69617674785,300.9758062788647,64.0,0.9693454206348489,615
14750000,-85921.4925987749,15590.364758817246,-70331.12783995765,303.1918320831227,64.0,0.9693454206348489,615
14800000,-85740.62187123584,15211.883475806797,-70528.73839542904,295.83136070350275,64.0,0.9693454206348489,615
14850000,-85771.18437123584,15732.745993837016,-70038.43837739882,305.9607748351187,64.0,0.9693454206348489,615
14900000,-85521.36491322803,15165.046704340726,-70356.3182088873,294.9205079576345,64.0,0.9693454206348489,615
14950000,-85882.91105580615,14970.718665767461,-70912.19239003869,291.1413356963296,64.0,0.9693454206348489,615
15000000,-85500.76444936084,15538.517586533912,-69962.24686282693,302.1835401415231,64.0,0.9693454206348489,615
15050000,-85801.99674916553,15299.650827965932,-70502.3459211996,297.53820622699595,64.0,0.9693454206348489,615
15100000,-86435.91764760303,15638.956715168897,-70796.96093243413,304.1368185859194,64.0,0.9693454206348489,615
15150000,-85885.93461537646,15394.120213609887,-70491.81440176658,299.3753887786716,64.0,0.9693454206348489,615
15200000,-85717.88102650928,15478.131153023918,-70239.74987348536,301.0091818957671,64.0,0.9693454206348489,615
15250000,-85813.25102162646,15380.364042773377,-70432.88697885309,299.1078672227047,64.0,0.9693454206348489,615
15300000,-85697.51432729053,15230.008590507321,-70467.5057367832,296.1838467946098,64.0,0.9693454206348489,615
15350000,-86014.59916615771,15652.914591122419,-70361.6845750353,304.40826277903517,64.0,0.9693454206348489,615
15400000,-86066.10270619678,15535.224905456416,-70530.87780074036,302.11950610359037,64.0,0.9693454206348489,615
15450000,-85955.20378041553,15362.14735888131,-70593.05642153422,298.7536003502384,64.0,0.9693454206348489,615
15500000,-85774.00602650928,15363.19499104796,-70410.81103546132,298.77397405674685,64.0,0.9693454206348489,615
15550000,-86066.3090050249,15533.57387494971,-70532.73513007519,302.08739787700955,64.0,0.9693454206348489,615
15600000,-86085.43376088428,15362.779423264321,-70722.65433761996,298.76589234989615,64.0,0.9693454206348489,615
15650000,-85964.0209190874,15219.892481872812,-70744.12843721459,295.9871149311867,64.0,0.9693454206348489,615
15700000,-85919.89445424365,15644.25655634678,-70275.63789789687,304.2398866398957,64.0,0.9693454206348489,615
15750000,-85782.67106557178,15368.179551563691,-70414.49151400808,298.8709107261753,64.0,0.9693454206348489,615
15800000,-86369.53593373584,15423.095590976067,-70946.44034275977,299.9388841095927,64.0,0.9693454206348489,615
15850000,-85621.09355092334,15253.756702197134,-70367.3368487262,296.6456854753037,64.0,0.9693454206348489,615
15900000,-86219.15263295459,15482.434070806718,-70736.71856214787,301.092862396259,64.0,0.9693454206348489,615
15950000,-86042.85636830615,15024.480861465912,-71018.37550684024,292.1868698363442,64.0,0.9693454206348489,615
16000000,-85534.71635365771,15584.212007046677,-69950.50434661104,303.0721771481336,64.0,0.9693454206348489,615
16050000,-86049.75871205615,15749.13122815732,-70300.62748389883,306.27942480191143,64.0,0.9693454206348489,615
16100000,-86040.69816518115,15508.676520040259,-70532.02164514089,301.6032094204982,64.0,0.9693454206348489,615
16150000,-85240.21440053271,15553.972790431231,-69686.24161010148,302.4841034482409,64.0,0.9693454206348489,615
16200000,-86333.74296498584,15570.307285734103,-70763.43567925174,302.8017666738065,64.0,0.9693454206348489,615
16250000,-86359.59171986865,15455.558192492463,-70904.03352737619,300.57019683255993,64.0,0.9693454206348489,615
16300000,-86083.53495717334,15376.60387039138,-70706.93108678196,299.03474170119944,64.0,0.9693454206348489,615
16350000,-85605.14616322803,15543.340719366912,-70061.80544386111,302.27733746459023,64.0,0.9693454206348489,615
16400000,-85846.19071889209,15163.5432302861,-70682.64748860599,294.89126931824643,64.0,0.9693454206348489,615
16450000,-85628.57780385303,15020.96102325106,-70607.61678060197,292.1184181860136,64.0,0.9693454206348489,615
16500000,-86011.83512807178,15253.682422417682,-70758.1527056541,296.64424092780484,64.0,0.9693454206348489,615
16550000,-85596.57963490771,15263.137866026256,-70333.44176888146,296.82812458384444,64.0,0.9693454206348489,615
16600000,-86229.54753041553,15217.797248731833,-71011.7502816837,295.94636812477887,64.0,0.9693454206348489,615
16650000,-86028.2787315874,15645.533414169215,-70382.74531741819,304.26471818607706,64.0,0.9693454206348489,615
16700000,-85461.0843956499,15066.18569899234,-70394.89869665756,292.9979198850107,64.0,0.9693454206348489,615
16750000,-85896.79606557178,15251.9233241966,-70644.87274137518,296.6100310667327,64.0,0.9693454206348489,615
16800000,-86283.03227162646,15577.340622646268,-70705.6916489802,302.9385466874269,64.0,0.9693454206348489,615
16850000,-85769.79692006396,15143.087119964068,-70626.7098000999,294.4934514569085,64.0,0.9693454206348489,615
16900000,-85979.71708607959,15445.54776569549,-70534.1693203841,300.3755202045618,64.0,0.9693454206348489,615
16950000,-86217.74992299365,15530.72134661558,-70687.02857637807,302.0319236591145,64.0,0.9693454206348489,615
17000000,-86106.93815541553,15332.577593193855,-70774.36056222167,298.17854572055256,64.0,0.9693454206348489,615
17050000,-86412.9564659624,15716.544674844248,-70696.41179111815,305.6457015405826,64.0,0.9693454206348489,615
17100000,-86028.53727650928,15299.35348000424,-70729.18379650504,297.53242358658525,64.0,0.9693454206348489,615
17150000,-86021.19877553271,15149.744875801262,-70871.45389973145,294.6229274006127,64.0,0.9693454206348489,615
17200000,-86499.90055775928,15665.355320685427,-70834.54523707385,304.65020244157745,64.0,0.9693454206348489,615
17250000,-85968.12895131396,16137.832599457819,-69830.29635185614,313.8386501773902,64.0,0.9693454206348489,615
17300000,-85873.23393178271,15280.58261239715,-70592.65131938556,297.16737928982724,64.0,0.9693454206348489,615
17350000,-85916.06242299365,15352.980874213157,-70563.0815487805,298.57533619007967,64.0,0.9693454206348489,615
17400000,-85616.73637318896,15121.066358955228,-70495.67001423374,294.0652052306386,64.0,0.9693454206348489,615
17450000,-85907.93241811084,15595.538539563771,-70312.39387854707,303.2924485913059,64.0,0.9693454206348489,615
17500000,-85456.77848744678,15272.067524536513,-70184.71096291026,297.0017830944364,64.0,0.9693454206348489,615
17550000,-85721.34538197803,15636.519032659358,-70084.82634931867,304.08941203465923,64.0,0.9693454206348489,615
17600000,-86122.06571889209,15086.962453821208,-71035.10326507088,293.4019734436514,64.0,0.9693454206348489,615
17650000,-86043.20207143115,15363.27687694598,-70679.92519448517,298.77556652336494,64.0,0.9693454206348489,615
17700000,-85861.98356557178,15083.935784577508,-70778.04778099427,293.343112640373,64.0,0.9693454206348489,615
17750000,-86122.97178578662,15520.878242059844,-70602.09354372678,301.84050101122864,64.0,0.9693454206348489,615
17800000,-85814.99644398974,15350.708530862816,-70464.28791312693,298.53114505317103,64.0,0.9693454206348489,615
17850000,-85784.98637318896,15567.786047046538,-70217.20032614243,302.7527351733492,64.0,0.9693454206348489,615
17900000,-85925.58109975146,15463.566754586063,-70462.0143451654,300.7259424261412,64.0,0.9693454206348489,615
17950000,-86077.72087025928,15348.887804881088,-70728.83306537819,298.4957366932859,64.0,0.9693454206348489,615
18000000,-85930.18534779834,15358.819317351095,-70571.36603044724,298.6888786439535,64.0,0.9693454206348489,615
18050000,-86268.26029897021,15423.61314205546,-70844.64715691475,299.94894912490093,64.0,0.9693454206348489,615
18100000,-86269.20133900928,15515.534921864979,-70753.6664171443,301.736587404052,64.0,0.9693454206348489,615
18150000,-86244.10331654834,15324.901237067534,-70919.2020794808,298.02926066445116,64.0,0.9693454206348489,615
18200000,-85894.58610463428,15160.534815670922,-70734.05128896335,294.83276351976434,64.0,0.9693454206348489,615
18250000,-86180.44718861865,15374.919801898563,-70805.52738672009,299.00199097216966,64.0,0.9693454206348489,615
18300000,-85771.04594350146,15897.421657070372,-69873.62428643109,309.1632859249883,64.0,0.9693454206348489,615
18350000,-85700.655135396,15450.00063963118,-70250.65449576481,300.46211696015297,64.0,0.9693454206348489,615
18400000,-86171.29777455615,15596.193697739393,-70575.10407681676,303.30518970484906,64.0,0.9693454206348489,615
18450000,-85852.5277550249,15228.836860256619,-70623.69089476828,296.1610597048327,64.0,0.9693454206348489,615
18500000,-85749.13572621631,15080.140661012847,-70668.99506520346,293.269307409748,64.0,0.9693454206348489,615
18550000,-85564.79899525928,15115.863393462263,-70448.93560179701,293.96402115544333,64.0,0.9693454206348489,615
18600000,-85616.55400014209,15213.885929031065,-70402.66807111102,295.87030318311236,64.0,0.9693454206348489,615
18650000,-86428.65226674365,15534.557221712545,-70894.0950450311,302.10652140049405,64.0,0.9693454206348489,615
18700000,-85959.94132924365,15898.170943784527,-70061.77038545912,309.177857592498,64.0,0.9693454206348489,615
18750000,-86128.71305775928,15624.576488446677,-70504.1365693126,303.8571607746283,64.0,0.9693454206348489,615
18800000,-85719.54618764209,15864.062725916738,-69855.48346172535,308.514541934115,64.0,0.9693454206348489,615
18850000,-85940.840682271,15342.399202565663,-70598.44147970533,298.36955034331226,64.0,0.9693454206348489,615
18900000,-85667.60929799365,14991.554656753782,-70676.05464123987,291.5465412433542,64.0,0.9693454206348489,615
18950000,-86227.04386830615,15039.97923742421,-71187.06463088194,292.4882727267706,64.0,0.9693454206348489,615
19000000,-85866.82719350146,15400.386561457883,-70466.44063204358,299.4972528603589,64.0,0.9693454206348489,615
19050000,-86044.80192494678,15160.536939534592,-70884.26498541218,294.83280482335965,64.0,0.9693454206348489,615
19100000,-86236.03605580615,15567.53299459396,-70668.50306121219,302.747813964776,64.0,0.9693454206348489,615
19150000,-85816.78324818896,15065.234293692512,-70751.54895449645,292.97941753946776,64.0,0.9693454206348489,615
19200000,-85880.60703969287,15855.907176003093,-70024.69986368978,308.3559378117474,64.0,0.9693454206348489,615
19250000,-85614.5023643999,15513.726670739008,-70100.7756936609,301.7014216474946,64.0,0.9693454206348489,615
19300000,-85995.74998402881,14998.018570499262,-70997.73141352955,291.672247465193,64.0,0.9693454206348489,615
19350000,-85893.59086537646,15519.063232788074,-70374.52763258839,301.80520382640526,64.0,0.9693454206348489,615
19400000,-85594.25956654834,15216.02437449785,-70378.23519205049,295.9118903562744,64.0,0.9693454206348489,615
19450000,-85798.4379112749,15106.811533051543,-70691.62637822336,293.78798613739576,64.0,0.9693454206348489,615
19500000,-85968.54472279834,15331.617986528785,-70636.92673626955,298.1598838798989,64.0,0.9693454206348489,615
19550000,-85762.54862904834,15488.652975860983,-70273.89565318736,301.21380383965203,64.0,0.9693454206348489,615
19600000,-86279.30406117724,15373.145192469005,-70906.15886870824,298.96747945864814,64.0,0.9693454206348489,615
19650000,-85979.47843861865,15587.825024144957,-70391.6534144737,303.142440884122,64.0,0.9693454206348489,615
19700000,-86330.46281361865,15413.913621509448,-70916.5491921092,299.76031881059026,64.0,0.9693454206348489,615
19750000,-85881.21586537646,15648.319438650738,-70232.89642672573,304.3188990779195,64.0,0.9693454206348489,615
19800000,-85882.60990834521,15665.70347481611,-70216.9064335291,304.65697312913744,64.0,0.9693454206348489,615
19850000,-85519.50059438037,15554.107708995929,-69965.39288538444,302.48672726156695,64.0,0.9693454206348489,615
19900000,-85915.78568959521,15560.859167257498,-70354.92652233772,302.6180254724315,64.0,0.9693454206348489,615
19950000,-85619.39262318896,15233.682328607887,-70385.71029458108,296.2552913953319,64.0,0.9693454206348489,615
20000000,-85872.78727650928,15537.045890280977,-70335.7413862283,302.1549194972918,64.0,0.9693454206348489,615
20050000,-86397.04582143115,15390.08154088026,-71006.96428055089,299.29684715357024,64.0,0.9693454206348489,615
20100000,-86461.94560170459,15416.637843277305,-71045.30775842728,299.81329780124094,64.0,0.9693454206348489,615
20150000,-85932.83256459521,15560.029233218404,-70372.80333137681,302.60188542531176,64.0,0.9693454206348489,615
20200000,-85798.98063588428,15379.540772137698,-70419.43986374658,299.0918567613593,64.0,0.9693454206348489,615
20250000,-85692.90214467334,14945.290035484359,-70747.61210918898,290.64681532287017,64.0,0.9693454206348489,615
20300000,-85373.99265981006,15457.708680637414,-69916.28397917264,300.6120182043256,64.0,0.9693454206348489,615
20350000,-86470.31077504443,15614.111355458153,-70856.19941958628,303.65364130007663,64.0,0.9693454206348489,615
20400000,-85908.56816029834,15736.247191726696,-70172.32096857164,306.0288639798616,64.0,0.9693454206348489,615
20450000,-86070.25321889209,15508.9026975054,-70561.35052138669,301.607607980833,64.0,0.9693454206348489,615
20500000,-85650.26884389209,15239.546558117494,-70410.7222857746,296.3693353267137,64.0,0.9693454206348489,615
20550000,-86256.52506947803,15567.72577737039,-70688.79929210764,302.7515630857289,64.0,0.9693454206348489,615
20600000,-85854.87187123584,15334.787457051687,-70520.08441418415,298.22152179469043,64.0,0.9693454206348489,615
20650000,-86327.8793175249,15353.59277762007,-70974.28653990483,298.587236111465,64.0,0.9693454206348489,615
20700000,-86154.4340050249,15185.36756887444,-70969.06643615046,295.31569564200254,64.0,0.9693454206348489,615
20750000,-86117.35502553271,15403.83891835995,-70713.51610717276,299.5643921755921,64.0,0.9693454206348489,615
20800000,-86149.82231068896,15449.672091923538,-70700.15021876543,300.4557275662582,64.0,0.9693454206348489,615
20850000,-85922.9506065874,15588.738195666578,-70334.21241092082,303.1601996826446,64.0,0.9693454206348489,615
20900000,-85792.11833119678,15525.436111098155,-70266.68222009862,301.92913964704627,64.0,0.9693454206348489,615
20950000,-86240.27989125537,15483.332502193516,-70756.94738906185,301.11033453769886,64.0,0.9693454206348489,615
21000000,-85600.02983022021,15538.230911529623,-70061.79891869059,302.17796506222845,64.0,0.9693454206348489,615
21050000,-86259.60221791553,15783.732556574221,-70475.8696613413,306.95233017119074,64.0,0.9693454206348489,615
21100000,-85683.79014516162,15564.298532234272,-70119.49161292735,302.68491212868634,64.0,0.9693454206348489,615
21150000,-86450.02714467334,15364.875747975893,-71085.15139669745,298.806660384498,64.0,0.9693454206348489,615
21200000,-85732.02690053271,15615.387075224891,-70116.63982530782,303.67845071405026,64.0,0.9693454206348489,615
21250000,-85977.79606557178,15445.13780683608,-70532.6582587357,300.36754757662226,64.0,0.9693454206348489,615
21300000,-86171.52262807178,15448.855552223511,-70722.66707584827,300.43984800401256,64.0,0.9693454206348489,615
21350000,-86201.79313588428,15658.216642989311,-70543.57649289496,304.5113738251326,64.0,0.9693454206348489,615
21400000,-85853.08561635303,15001.675630184356,-70851.40998616867,291.74336771434133,64.0,0.9693454206348489,615
21450000,-85959.71305775928,15427.158784827741,-70532.55427293153,300.0179026064051,64.0,0.9693454206348489,615
21500000,-85680.19950795459,15674.225087672472,-70005.97442028212,304.8226962186349,64.0,0.9693454206348489,615
21550000,-85519.74626088428,15463.326080438215,-70056.42018044606,300.72126194323073,64.0,0.9693454206348489,615
21600000,-85658.08061147021,15272.77483472228,-70385.30577674793,297.01553842822057,64.0,0.9693454206348489,615
21650000,-86349.77665639209,15064.175098592415,-71285.60155779967,292.9588189641361,64.0,0.9693454206348489,615
21700000,-85667.79032826709,14927.037527121545,-70740.75280114554,290.2918517581143,64.0,0.9693454206348489,615
21750000,-86038.14945912646,15382.160228513181,-70655.98923061328,299.1427983390472,64.0,0.9693454206348489,615
21800000,-86360.18168568896,15662.969802778214,-70697.21188291075,304.6038103554432,64.0,0.9693454206348489,615
21850000,-85609.88401723193,15269.625330977142,-70340.25868625479,296.95428881505154,64.0,0.9693454206348489,615
21900000,-86173.3851768999,15345.436977700097,-70827.9481991998,298.42862712712804,64.0,0.9693454206348489,615
21950000,-86360.68424916553,15373.307483032666,-70987.37676613286,298.9706355857874,64.0,0.9693454206348489,615
22000000,-85755.66654897021,15673.244780060835,-70082.42176890938,304.80363179869505,64.0,0.9693454206348489,615
22050000,-85896.53800893115,15538.060718703899,-70358.47729022725,302.1746552567532,64.0,0.9693454206348489,615
22100000,-86030.73149037646,15352.228055516025,-70678.50343486044,298.5606958347358,64.0,0.9693454206348489,615
22150000,-86086.80015492724,15716.44975474407,-70370.35040018318,305.64385559281163,64.0,0.9693454206348489,615
22200000,-86053.01664662646,15685.933881264762,-70367.0827653617,305.0504016402622,64.0,0.9693454206348489,615
22250000,-86113.39976430224,15213.549849351868,-70899.84991495038,295.86376731206394,64.0,0.9693454206348489,615
22300000,-86032.62675404834,15897.76930448832,-70134.85744956002,309.1700467583105,64.0,0.9693454206348489,615
22350000,-85963.09495473193,15475.176145476056,-70487.91880925588,300.9517147251065,64.0,0.9693454206348489,615
22400000,-85938.46971059131,15406.702417328459,-70531.76729326285,299.62007974364207,64.0,0.9693454206348489,615
22450000,-85928.84873891162,15107.375755285175,-70821.47298362645,293.79895878462776,64.0,0.9693454206348489,615
22500000,-85710.28898549365,15310.050477773882,-70400.23850771977,297.7404522248974,64.0,0.9693454206348489,615
22550000,-85709.0936119585,15087.727281299653,-70621.36633065884,293.41684733839367,64.0,0.9693454206348489,615
22600000,-86046.06913686084,15483.28918739804,-70562.7799494628,301.1094921781775,64.0,0.9693454206348489,615
22650000,-86188.87968373584,15621.468911211705,-70567.41077252413,303.79672652246126,64.0,0.9693454206348489,615
22700000,-86035.08671498584,15255.809201172815,-70779.27751381302,296.68560121392903,64.0,0.9693454206348489,615
22750000,-85646.11405873584,15065.485500001349,-70580.62855873449,292.9843028453721,64.0,0.9693454206348489,615
22800000,-85969.58494496631,15776.371136727044,-70193.21380823926,306.8091698022881,64.0,0.9693454206348489,615
22850000,-85802.47355580615,15370.861252402188,-70431.61230340396,298.9230627959248,64.0,0.9693454206348489,615
22900000,-86015.21049428271,15607.481574561913,-70407.7289197208,303.5247093958308,64.0,0.9693454206348489,615
22950000,-85674.06156850146,15629.983854177059,-70044.0777143244,303.96231990001763,64.0,0.9693454206348489,615
23000000,-85934.22904897021,15265.436477398966,-70668.79257157125,296.87282656510786,64.0,0.9693454206348489,615
23050000,-85935.26884389209,15508.1397219426,-70427.12912194949,301.59277010100794,64.0,0.9693454206348489,615
23100000,-85869.116072896,15512.025311242789,-70357.0907616532,301.66833465365767,64.0,0.9693454206348489,615
23150000,-86123.4574425249,15222.533363653114,-70900.92407887179,296.0384731769796,64.0,0.9693454206348489,615
23200000,-86322.71684193896,15393.615364981582,-70929.10147695738,299.3655707928253,64.0,0.9693454206348489,615
23250000,-86118.9222862749,15362.100790710654,-70756.82149556425,298.752694721076,64.0,0.9693454206348489,615
23300000,-85870.68266225146,15658.856250844081,-70211.82641140738,304.523812525593,64.0,0.9693454206348489,615
23350000,-85808.13590932178,15720.68463197304,-70087.45127734874,305.72621288243005,64.0,0.9693454206348489,615
23400000,-85894.57438588428,15081.896494857501,-70812.67789102677,293.30345378723376,64.0,0.9693454206348489,615
23450000,-86275.6683800249,15402.632038630545,-70873.03634139436,299.54092152035577,64.0,0.9693454206348489,615
23500000,-85674.8656456499,15417.088059197587,-70257.77758645231,299.82205332375855,64.0,0.9693454206348489,615
23550000,-86023.8070518999,15312.210129202344,-70711.59692269756,297.7824517985691,64.0,0.9693454206348489,615
23600000,-85670.29173207568,15710.481161232135,-69959.81057084355,305.52778205445395,64.0,0.9693454206348489,615
23650000,-85844.04325795459,15379.727659094613,-70464.31559885998,299.0954912240378,64.0,0.9693454206348489,615
23700000,-86217.09867787646,15400.293228746392,-70816.80544913007,299.49543778314757,64.0,0.9693454206348489,615
23750000,-85663.70463490771,15532.488733439473,-70131.21590146824,302.06629471184004,64.0,0.9693454206348489,615
23800000,-86342.63444447803,15236.364157452015,-71106.27028702601,296.3074459544562,64.0,0.9693454206348489,615
23850000,-85564.92509389209,15401.319420615444,-70163.60567327664,299.51539453192544,64.0,0.9693454206348489,615
23900000,-86664.47672963428,15510.692630613223,-71153.78409902105,301.64241749983154,64.0,0.9693454206348489,615
23950000,-85686.77104115771,15384.323422123212,-70302.4476190345,299.18486679888906,64.0,0.9693454206348489,615
24000000,-86041.45036244678,15468.172080723321,-70573.27828172345,300.8155039784522,64.0,0.9693454206348489,615
24050000,-85844.88053822803,15445.31271586148,-70399.56782236655,300.3709490998502,64.0,0.9693454206348489,615
24100000,-85658.87907338428,15373.947685831226,-70284.93138755305,298.9830858563489,64.0,0.9693454206348489,615
24150000,-86329.21977162646,15592.57210654975,-70736.64766507671,303.2347592252015,64.0,0.9693454206348489,615
24200000,-85819.11186147021,15589.903259840677,-70229.20860162954,303.18285713466094,64.0,0.9693454206348489,615
24250000,-85940.87284779834,15566.367991901468,-70374.50485589687,302.72515770841625,64.0,0.9693454206348489,615
24300000,-85774.94694447803,15728.202125746117,-70046.74481873191,305.87240848112145,64.0,0.9693454206348489,615
24350000,-86123.16728139209,15419.236264697742,-70703.93101669435,299.86383030405113,64.0,0.9693454206348489,615
24400000,-86385.0092003374,15351.372540705139,-71033.63665963226,298.544058308488,64.0,0.9693454206348489,615
24450000,-85558.02549672412,15815.066323427018,-69742.9591732971,307.5616900113954,64.0,0.9693454206348489,615
24500000,-86163.73026967334,15380.68524662871,-70783.04502304463,299.1141137978732,64.0,0.9693454206348489,615
24550000,-85773.18308949756,15354.796283595962,-70418.3868059016,298.6106411560165,64.0,0.9693454206348489,615
24600000,-85794.88151479053,15389.55330780684,-70405.32820698369,299.28657440140734,64.0,0.9693454206348489,615
24650000,-85711.31669545459,15385.208870556904,-70326.10782489768,299.20208645583614,64.0,0.9693454206348489,615
24700000,-86047.62260365771,15277.359582071658,-70770.26302158606,297.1046997769125,64.0,0.9693454206348489,615
24750000,-86049.92997670459,15355.244018652942,-70694.68595805165,298.61934843222934,64.0,0.9693454206348489,615
24800000,-85648.90592885303,15143.089345596265,-70505.81658325676,294.4934947396356,64.0,0.9693454206348489,615
24850000,-85675.94340443896,15714.113267672481,-69961.83013676648,305.59841702823456,64.0,0.9693454206348489,615
24900000,-85626.95848012256,15402.492935017683,-70224.46554510487,299.53821631878515,64.0,0.9693454206348489,615
24950000,-85967.58817982959,15451.317296219524,-70516.27088361006,300.48772248827373,64.0,0.9693454206348489,615
25000000,-85976.67118764209,15551.667575637344,-70425.00361200474,302.4392730477008,64.0,0.9693454206348489,615
25050000,-86019.24626088428,15231.347606080002,-70787.89865480427,296.2098871465162,64.0,0.9693454206348489,615
25100000,-85784.08122182178,15586.76994190109,-70197.31127992069,303.12192229309056,64.0,0.9693454206348489,615
25150000,-85674.04411244678,14987.872320417082,-70686.1717920297,291.4749294294203,64.0,0.9693454206348489,615
25200000,-85996.66618275928,15811.109193919357,-70185.55698883992,307.48473418875886,64.0,0.9693454206348489,615
25250000,-86628.8597862749,15113.373993788613,-71515.48579248629,293.91560884056054,64.0,0.9693454206348489,615
25300000,-86491.75108266162,15682.547113085864,-70809.20396957576,304.98453785420674,64.0,0.9693454206348489,615
25350000,-85844.92924428271,15293.716993816663,-70551.21225046605,297.42280866736047,64.0,0.9693454206348489,615
25400000,-85796.98368764209,15558.167800300813,-70238.81588734128,302.5656854219561,64.0,0.9693454206348489,615
25450000,-86273.16630482959,15451.136411321582,-70822.029893508,300.4842047499493,64.0,0.9693454206348489,615
25500000,-86078.26664662646,14989.549507488497,-71088.71713913797,291.50754633279587,64.0,0.9693454206348489,615
25550000,-85966.96891713428,15596.061699091922,-70370.90721804235,303.3026226762786,64.0,0.9693454206348489,615
25600000,-86153.44071889209,15435.492841941305,-70717.94787695078,300.1799782270873,64.0,0.9693454206348489,615
25650000,-85894.73051381396,15569.863591890316,-70324.86692192365,302.79313798862415,64.0,0.9693454206348489,615
25700000,-85690.49833607959,15484.939328072593,-70205.559008007,301.14158309984947,64.0,0.9693454206348489,615
25750000,-85715.92826772021,15509.417633262929,-70206.51063445729,301.6176221349689,64.0,0.9693454206348489,615
25800000,-85566.03483510303,15578.788963029161,-69987.24587207387,302.9667131210519,64.0,0.9693454206348489,615
25850000,-86374.17924428271,15762.202859195415,-70611.9763850873,306.5336338485929,64.0,0.9693454206348489,615
25900000,-86059.8461143999,15459.644977282733,-70600.20113711717,300.64967411144727,64.0,0.9693454206348489,615
25950000,-86274.1986534624,15433.868273369211,-70840.33038009319,300.1483846159475,64.0,0.9693454206348489,615
26000000,-85852.5472862749,15657.021838135552,-70195.52544813935,304.4881379946567,64.0,0.9693454206348489,615
26050000,-86218.70194936084,15649.57870010985,-70569.12324925099,304.3433884208417,64.0,0.9693454206348489,615
26100000,-85437.28300404834,15327.060450508492,-70110.22255353985,298.07125172041106,64.0,0.9693454206348489,615
26150000,-86011.9847862749,15468.108410969377,-70543.87637530552,300.8142657682086,64.0,0.9693454206348489,615
26200000,-86062.56144643115,15502.193809614284,-70560.36763681687,301.4771376523695,64.0,0.9693454206348489,615
26250000,-85967.5897057085,15670.407915910706,-70297.18178979779,304.7484622082234,64.0,0.9693454206348489,615
26300000,-86485.68937611865,15617.103767555207,-70868.58560856344,303.71183589142123,64.0,0.9693454206348489,615
26350000,-86110.4842369585,15372.877425867366,-70737.60681109113,298.9622720983472,64.0,0.9693454206348489,615
26400000,-85748.797713521,15654.766284161713,-70094.03142935928,304.4442733672237,64.0,0.9693454206348489,615
26450000,-86056.99027943896,15549.183756128303,-70507.80652331066,302.3909692524298,64.0,0.9693454206348489,615
26500000,-86087.55784535693,15385.75859349547,-70701.79925186146,299.21277712968885,64.0,0.9693454206348489,615
26550000,-85744.08659291553,15301.499389785808,-70442.58720312972,297.57415592115365,64.0,0.9693454206348489,615
26600000,-86148.8265831499,15630.48323603539,-70518.34334711451,303.97203157148135,64.0,0.9693454206348489,615
26650000,-85835.97343373584,15422.649049386717,-70413.32438434912,299.93020004320493,64.0,0.9693454206348489,615
26700000,-85920.55155873584,15355.215065755881,-70565.33649297996,298.6187853740816,64.0,0.9693454206348489,615
26750000,-85939.13688588428,15562.357342029514,-70376.77954385476,302.64716105462827,64.0,0.9693454206348489,615
26800000,-86074.71006703662,15150.260970094707,-70924.44909694191,294.6329640852431,64.0,0.9693454206348489,615
26850000,-85934.58512807178,15733.36799207842,-70201.21713599336,305.97287107464103,64.0,0.9693454206348489,615
26900000,-85382.76164174365,15349.934098151047,-70032.8275435926,298.51608436175434,64.0,0.9693454206348489,615
26950000,-86338.99613881396,15364.568189682905,-70974.42794913106,298.80067917983945,64.0,0.9693454206348489,615
27000000,-85413.32737660693,15521.682178415474,-69891.64519819146,301.8561354713784,64.0,0.9693454206348489,615
27050000,-85710.49540639209,15403.84537326012,-70306.65003313197,299.5645177065234,64.0,0.9693454206348489,615
27100000,-85946.63084340381,15231.408897890477,-70715.22194551333,296.21107911197674,64.0,0.9693454206348489,615
27150000,-86113.83219838428,15691.040059856314,-70422.79213852796,305.1497034632834,64.0,0.9693454206348489,615
27200000,-85739.50688100146,15700.07173385215,-70039.43514714931,305.32534590834075,64.0,0.9693454206348489,615
27250000,-86059.02067494678,15172.772498058795,-70886.24817688798,295.07075444563617,64.0,0.9693454206348489,615
27300000,-86281.30540395068,15158.845380322542,-71122.46002362814,294.79990841942606,64.0,0.9693454206348489,615
27350000,-86318.43138051318,16029.211991481949,-70289.21938903123,311.72626335106133,64.0,0.9693454206348489,615
27400000,-85942.24223256396,15231.28058767179,-70710.96164489217,296.2085838137025,64.0,0.9693454206348489,615
27450000,-86277.83805775928,15369.177241088357,-70908.66081667092,298.8903131788768,64.0,0.9693454206348489,615
27500000,-86011.31364369678,15879.659850595985,-70131.65379310079,308.8178652289761,64.0,0.9693454206348489,615
27550000,-85971.54106068896,15527.042586993077,-70444.49847369589,301.96038140292006,64.0,0.9693454206348489,615
27600000,-85534.53837514209,15468.3928797103,-70066.14549543179,300.8197979414492,64.0,0.9693454206348489,615
27650000,-86525.99858022021,15608.918023176491,-70917.08055704372,303.5526445656543,64.0,0.9693454206348489,615
27700000,-86205.83476186084,15315.345474419417,-70890.48928744142,297.84342606538604,64.0,0.9693454206348489,615
27750000,-86141.63151479053,15614.766530415975,-70526.86498437455,303.6663827399896,64.0,0.9693454206348489,615
27800000,-86108.15818715381,15316.994439520873,-70791.16374763293,297.8754941252349,64.0,0.9693454206348489,615
27850000,-85943.7250206499,15482.483549645636,-70461.24147100426,301.0938246303089,64.0,0.9693454206348489,615
27900000,-85878.91282582568,15362.72204575612,-70516.19078006956,298.76477650738053,64.0,0.9693454206348489,615
27950000,-85951.92167592334,15246.212202994386,-70705.70947292895,296.4989646916135,64.0,0.9693454206348489,615
28000000,-86095.19621205615,15313.388895270764,-70781.80731678539,297.80537571660506,64.0,0.9693454206348489,615
28050000,-85770.64250111865,15318.792575811036,-70451.84992530762,297.910463174682,64.0,0.9693454206348489,615
28100000,-86013.8949425249,15400.706120147952,-70613.18882237695,299.5034674413645,64.0,0.9693454206348489,615
28150000,-85945.87284779834,15473.21117610624,-70472.6616716921,300.91350120846096,64.0,0.9693454206348489,615
28200000,-86062.01225209521,15345.787833657116,-70716.2244184381,298.4354503581461,64.0,0.9693454206348489,615
28250000,-85675.53996205615,15368.308809676673,-70307.23115237948,298.8734244585153,64.0,0.9693454206348489,615
28300000,-85776.46769643115,15207.801655964868,-70568.66604046628,295.75197997987937,64.0,0.9693454206348489,615
28350000,-85741.85758900928,15432.088313770364,-70309.76927523891,300.1137690556218,64.0,0.9693454206348489,615
28400000,-85876.04399037646,15186.698364149139,-70689.34562622732,295.3415761306059,64.0,0.9693454206348489,615
28450000,-86181.95390248584,15471.776461108122,-70710.17744137772,300.8855997529449,64.0,0.9693454206348489,615
28500000,-86071.42668080615,15348.69186652964,-70722.73481427651,298.4919262046495,64.0,0.9693454206348489,615
28550000,-85906.66850209521,15643.523562813003,-70263.14493928221,304.2256318321443,64.0,0.9693454206348489,615
28600000,-86339.16776967334,15321.496935216477,-71017.67083445686,297.9630558943157,64.0,0.9693454206348489,615
28650000,-85811.57829213428,15300.162169583142,-70511.41612255113,297.5481504844999,64.0,0.9693454206348489,615
28700000,-85596.95695424365,15572.45078471594,-70024.50616952771,302.8434521246234,64.0,0.9693454206348489,615
28750000,-85922.84818959521,15354.057361925137,-70568.79082767008,298.59627106149924,64.0,0.9693454206348489,615
28800000,-86098.22685170459,15430.620141686872,-70667.60671001772,300.085216947272,64.0,0.9693454206348489,615
28850000,-86102.6039268999,15414.194321831223,-70688.40960506868,299.76577769793147,64.0,0.9693454206348489,615
28900000,-86204.87712025928,15188.092655535322,-71016.78446472395,295.3686914525611,64.0,0.9693454206348489,615
28950000,-85778.95085072803,15578.018828629749,-70200.93202209828,302.9517360205722,64.0,0.9693454206348489,615
29000000,-85768.62980580615,15259.108392766677,-70509.52141303947,296.74976186438266,64.0,0.9693454206348489,615
29050000,-85871.4808800249,15339.60439151377,-70531.87648851113,298.3151985756495,64.0,0.9693454206348489,615
29100000,-85801.36711049365,15100.939931008674,-70700.42717948498,293.67379882951803,64.0,0.9693454206348489,615
29150000,-85689.90067982959,15352.003080691677,-70337.89759913791,298.55632066262007,64.0,0.9693454206348489,615
29200000,-85950.68705678271,15519.855433858931,-70430.83162292378,301.82061006594915,64.0,0.9693454206348489,615
29250000,-85777.00370717334,15534.006442147627,-70242.99726502571,302.0958101780214,64.0,0.9693454206348489,615
29300000,-85770.68455434131,15075.068946853746,-70695.61560748756,293.1706758298275,64.0,0.9693454206348489,615
29350000,-86216.57206654834,15793.873289806768,-70422.69877674157,307.14954091866235,64.0,0.9693454206348489,615
29400000,-85959.30070424365,15614.880919868127,-70344.41978437552,303.668607315752,64.0,0.9693454206348489,615
29450000,-85936.16276479053,15769.993616151158,-70166.16914863937,306.6851437017148,64.0,0.9693454206348489,615
29500000,-86302.30619740771,15467.485379613703,-70834.82081779401,300.8021494373149,64.0,0.9693454206348489,615
29550000,-85924.522322896,15761.465631481493,-70163.0566914145,306.51929669710836,64.0,0.9693454206348489,615
29600000,-85488.06938100146,15481.17623706651,-70006.89314393495,301.0684008187367,64.0,0.9693454206348489,615
29650000,-86211.8138878374,15052.038990588044,-71159.77489724936,292.7228033944476,64.0,0.9693454206348489,615
29700000,-86302.26676869678,15934.845643247012,-70367.42112544976,309.89108460759013,64.0,0.9693454206348489,615
29750000,-86449.06980824756,15591.48583011399,-70857.58397813357,303.21363398869795,64.0,0.9693454206348489,615
29800000,-86009.86619496631,15340.889404281275,-70668.97679068503,298.3401887141906,64.0,0.9693454206348489,615
29850000,-85815.7133018999,15316.133390473202,-70499.5799114267,297.8587489725515,64.0,0.9693454206348489,615
29900000,-86038.03935170459,15555.58280531643,-70482.45654638816,302.5154140282225,64.0,0.9693454206348489,615
29950000,-85938.39421010303,15078.217982376576,-70860.17622772645,293.23191633729687,64.0,0.9693454206348489,615
30000000,-85837.91227650928,15088.818690890446,-70749.09358561883,293.43807240134157,64.0,0.9693454206348489,615
30050000,-85660.20164418506,15192.8453689249,-70467.35627526016,295.461119301572,64.0,0.9693454206348489,615
30100000,-85923.87980580615,14840.014795071911,-71083.86501073424,288.5994871488716,64.0,0.9693454206348489,615
30150000,-86180.8187706499,15231.578490007436,-70949.24028064247,296.21437723523707,64.0,0.9693454206348489,615
30200000,-86031.08427357959,15648.981001525535,-70382.10327205405,304.33176474611594,64.0,0.9693454206348489,615
30250000,-85976.57493520068,15269.180436430266,-70707.39449877042,296.9456367793334,64.0,0.9693454206348489,615
30300000,-85671.88969350146,15612.690959050378,-70059.19873445109,303.62601830370545,64.0,0.9693454206348489,615
30350000,-86039.48747182178,15331.501988044009,-70707.98548377777,298.157628012659,64.0,0.9693454206348489,615
30400000,-86273.19755482959,15616.239754517563,-70656.95780031203,303.69503309688247,64.0,0.9693454206348489,615
30450000,-85899.76054311084,15697.607762934349,-70202.15278017649,305.27742811627337,64.0,0.9693454206348489,615
30500000,-85532.24833607959,15401.07712388679,-70131.1712121928,299.51068249406063,64.0,0.9693454206348489,615
30550000,-86001.55381703662,15660.387103721034,-70341.16671331559,304.55358361149075,64.0,0.9693454206348489,615
30600000,-85873.92509389209,15734.224338396452,-70139.70075549564,305.9895247715288,64.0,0.9693454206348489,615
30650000,-86118.64945912646,15560.775176229887,-70557.87428289658,302.6163920665469,64.0,0.9693454206348489,615
30700000,-86098.45268178271,15442.69988079986,-70655.75280098285,300.32013628940484,64.0,0.9693454206348489,615
30750000,-86013.27635121631,15416.23391312908,-70597.04243808723,299.80544241597136,64.0,0.9693454206348489,615
30800000,-86120.87657094287,15586.270773612894,-70534.60579732998,303.1122147750076,64.0,0.9693454206348489,615
30850000,-86089.21842885303,15408.571900905576,-70680.64652794745,299.6564363112762,64.0,0.9693454206348489,615
30900000,-85841.19938588428,15143.336211560178,-70697.8631743241,294.4982956371794,64.0,0.9693454206348489,615
30950000,-86142.36833119678,15401.156650076155,-70741.21168112062,299.5122290705151,64.0,0.9693454206348489,615
31000000,-86251.02336049365,15672.36539130332,-70578.65796919033,304.78652998660607,64.0,0.9693454206348489,615
31050000,-86314.09696889209,15114.410757979378,-71199.68621091271,293.9357711933534,64.0,0.9693454206348489,615
31100000,-86277.35087514209,15622.882132859668,-70654.46874228242,303.82420998851313,64.0,0.9693454206348489,615
31150000,-85487.37943959521,15456.752868884243,-70030.62657071097,300.59343016478624,64.0,0.9693454206348489,615
31200000,-86425.91630482959,15585.927029708168,-70839.98927512142,303.1055298548115,64.0,0.9693454206348489,615
31250000,-85104.47782826709,15603.760868947953,-69500.71695931914,303.4523513997743,64.0,0.9693454206348489,615
31300000,-85446.52531361865,15339.251573687186,-70107.27373993146,298.3083371913978,64.0,0.9693454206348489,615
31350000,-85662.20963979053,15793.508868518285,-69868.70077127224,307.1424538774151,64.0,0.9693454206348489,615
31400000,-85717.58586049365,15191.261599469231,-70526.32426102442,295.4303191265735,64.0,0.9693454206348489,615
31450000,-86245.23625111865,15435.339177196613,-70809.89707392204,300.176989849574,64.0,0.9693454206348489,615
31500000,-85897.97148061084,15201.60516240471,-70696.36631820613,295.6314743814499,64.0,0.9693454206348489,615
31550000,-86092.75175404834,15121.491365541704,-70971.26038850663,294.0734704975258,64.0,0.9693454206348489,615
31600000,-86079.58085561084,15354.6219482054,-70724.95890740544,298.6072507884864,64.0,0.9693454206348489,615
31650000,-85400.57890248584,15434.70450791542,-69965.87439457042,300.1646471914573,64.0,0.9693454206348489,615
31700000,-86066.50126576709,15765.61415821407,-70300.88710755302,306.59997469534346,64.0,0.9693454206348489,615
31750000,-86160.47709584521,15540.623778585228,-70619.85331725999,302.2245000700838,64.0,0.9693454206348489,615
31800000,-85927.12687611865,15521.739695713157,-70405.3871804055,301.8572540324339,64.0,0.9693454206348489,615
31850000,-86114.95695424365,15529.54150793003,-70585.41544631362,302.00897888147983,64.0,0.9693454206348489,615
31900000,-86019.2230675249,15608.91668150056,-70410.30638602434,303.5526184735653,64.0,0.9693454206348489,615
31950000,-86152.88529897021,15440.953284030082,-70711.93201494013,300.2861695488743,64.0,0.9693454206348489,615
32000000,-86458.4906456499,15537.788130390109,-70920.70251525979,302.1693541267578,64.0,0.9693454206348489,615
32050000,-85886.39286732959,15440.603936319705,-70445.78893100988,300.2793756493099,64.0,0.9693454206348489,615
32100000,-85715.38493275928,15145.823962477967,-70569.56097028131,294.5466758880715,64.0,0.9693454206348489,615
32150000,-86155.68144154834,15537.623184973374,-70618.05825657496,302.1661463696677,64.0,0.9693454206348489,615
32200000,-85689.91422963428,15155.273001434747,-70534.64122819953,294.73043499037925,64.0,0.9693454206348489,615
32250000,-86112.14793324756,15301.361632716842,-70810.78630053072,297.5714769063411,64.0,0.9693454206348489,615
32300000,-86084.10917592334,15392.666935890447,-70691.44224003289,299.3471263267598,64.0,0.9693454206348489,615
32350000,-85885.08232045459,15533.65359656536,-70351.42872388923,302.0889482539943,64.0,0.9693454206348489,615
32400000,-86259.01884389209,15529.33500939142,-70729.68383450067,302.0049630248137,64.0,0.9693454206348489,615
32450000,-85912.08879018115,14823.618690388277,-71088.47009979287,288.2806257819337,64.0,0.9693454206348489,615
32500000,-85871.78373647021,15612.267311768373,-70259.51642470184,303.6177794717361,64.0,0.9693454206348489,615
32550000,-85845.61442494678,15724.819649309851,-70120.79477563692,305.80662815823905,64.0,0.9693454206348489,615
32600000,-85806.00871205615,15319.835511564277,-70486.17320049187,297.9307455482289,64.0,0.9693454206348489,615
32650000,-86072.47587514209,15159.357812028611,-70913.11806311348,294.8098738763082,64.0,0.9693454206348489,615
32700000,-85639.70854115771,15591.69794464545,-70048.01059651226,303.21775906174145,64.0,0.9693454206348489,615
32750000,-85429.19145131396,15448.472171529662,-69980.7192797843,300.4323922519022,64.0,0.9693454206348489,615
32800000,-85891.27574086474,15405.635997273494,-70485.63974359125,299.5993406618286,64.0,0.9693454206348489,615
32850000,-86170.33744740771,15409.69395133853,-70760.64349606918,299.67825725849076,64.0,0.9693454206348489,615
32900000,-85655.99253773974,15569.88223758014,-70086.1103001596,302.79350059854033,64.0,0.9693454206348489,615
32950000,-85995.00956654834,15597.545180773828,-70397.46438577451,303.33147251628924,64.0,0.9693454206348489,615
33000000,-86131.91899037646,15583.279034218518,-70548.63995615795,303.0540332659712,64.0,0.9693454206348489,615
33050000,-86219.65336537646,15354.222929912736,-70865.43043546373,298.5994909259649,64.0,0.9693454206348489,615
33100000,-86111.58061147021,15494.832434654236,-70616.74817681598,301.33397815640416,64.0,0.9693454206348489,615
33150000,-85606.08396840381,15314.362943694228,-70291.72102470958,297.8243184117002,64.0,0.9693454206348489,615
33200000,-86348.94889760303,15678.581629162654,-70670.36726844037,304.90741956003126,64.0,0.9693454206348489,615
33250000,-85443.46061635303,15528.976927686133,-69914.48368866689,301.9979992718842,64.0,0.9693454206348489,615
33300000,-85586.59037709521,15253.458253417513,-70333.1321236777,296.63988142686253,64.0,0.9693454206348489,615
33350000,-85738.96781850146,15659.294484113343,-70079.67333438812,304.532335016878,64.0,0.9693454206348489,615
33400000,-85765.30815053271,15393.273195060901,-70372.03495547181,299.3589164825035,64.0,0.9693454206348489,615
33450000,-85801.32676625537,15046.779347079108,-70754.54741917626,292.62051708003173,64.0,0.9693454206348489,615
33500000,-85858.09031606006,15221.692198611796,-70636.39811744826,296.02211471623116,64.0,0.9693454206348489,615
33550000,-85917.56632924365,15481.26557898731,-70436.30075025634,301.0701382855034,64.0,0.9693454206348489,615
33600000,-86064.10478139209,15425.997799619334,-70638.10698177275,299.9953244796067,64.0,0.9693454206348489,615
33650000,-85818.15116811084,15471.948288371554,-70346.20287973928,300.8889413439601,64.0,0.9693454206348489,615
33700000,-85671.47221303271,15784.88237319002,-69886.5898398427,306.9746910980642,64.0,0.9693454206348489,615
33750000,-86231.55741811084,15210.747549671913,-71020.80986843893,295.809269910165,64.0,0.9693454206348489,615
33800000,-86016.36588979053,15081.255768496776,-70935.11012129375,293.290993334757,64.0,0.9693454206348489,615
33850000,-85745.53117299365,15408.901085323276,-70336.63008767038,299.6628380875169,64.0,0.9693454206348489,615
33900000,-86107.79399037646,15290.2543748389,-70817.53961553756,297.3554697815862,64.0,0.9693454206348489,615
33950000,-85493.9222862749,15290.086733417585,-70203.83555285732,297.35220959425584,64.0,0.9693454206348489,615
34000000,-85657.13249135303,15726.096951892949,-69931.03553946008,305.8314683538525,64.0,0.9693454206348489,615
34050000,-86077.29740834521,15465.49752089521,-70611.79988745,300.7634907826839,64.0,0.9693454206348489,615
34100000,-86074.99931264209,15370.992591490736,-70704.00672115135,298.92561699779867,64.0,0.9693454206348489,615
34150000,-86017.73295522021,15622.276477750856,-70395.45647746936,303.812431580189,64.0,0.9693454206348489,615
34200000,-86042.41722035693,15451.613660106668,-70590.80356025026,300.4934859910074,64.0,0.9693454206348489,615
34250000,-85793.43327260303,15325.794106859248,-70467.63916574378,298.04662464740795,64.0,0.9693454206348489,615
34300000,-85982.05168080615,15606.334889434394,-70375.71679137176,303.5024093682168,64.0,0.9693454206348489,615
34350000,-85897.8226768999,15603.985604919959,-70293.83707197994,303.45672192683645,64.0,0.9693454206348489,615
34400000,-85786.79118275928,15363.554555711336,-70423.23662704794,298.78096664933383,64.0,0.9693454206348489,615
34450000,-86412.24003529834,15465.540085490327,-70946.69994980801,300.76431855276974,64.0,0.9693454206348489,615
34500000,-85686.07231068896,15140.21555442526,-70545.8567562637,294.43760701515697,64.0,0.9693454206348489,615
34550000,-86169.83036732959,15607.043520189123,-70562.78684714047,303.51619038361446,64.0,0.9693454206348489,615
34600000,-85506.96116566943,15587.059664640576,-69919.90150102886,303.1275566428662,64.0,0.9693454206348489,615
34650000,-85904.97477650928,15340.275292905746,-70564.69948360353,298.32824585358856,64.0,0.9693454206348489,615
34700000,-86119.6068565874,15368.768215735909,-70750.83864085149,298.882358705207,64.0,0.9693454206348489,615
34750000,-85535.01847768115,15294.642201384995,-70240.37627629616,297.44080153552227,64.0,0.9693454206348489,615
34800000,-86098.10844350146,15451.312782717403,-70646.79566078406,300.48763471245843,64.0,0.9693454206348489,615
34850000,-85658.53593373584,15500.490444117226,-70158.04548961861,301.44401164706113,64.0,0.9693454206348489,615
34900000,-85521.55046010303,15794.811788923515,-69726.73867117951,307.1677922726888,64.0,0.9693454206348489,615
34950000,-85585.13883900928,15594.659746847115,-69990.47909216216,303.27535837065324,64.0,0.9693454206348489,615
35000000,-85558.22135854053,15350.928989488515,-70207.29236905201,298.53543239703106,64.0,0.9693454206348489,615
35050000,-86006.0443565874,15531.292498753872,-70474.75185783353,302.0430310748732,64.0,0.9693454206348489,615
35100000,-85495.92301869678,15632.08214597078,-69863.840872726,304.00312618922413,64.0,0.9693454206348489,615
35150000,-86100.14213490771,15409.549529037206,-70690.59260587051,299.6754486223357,64.0,0.9693454206348489,615
35200000,-86306.29399037646,15616.418552424118,-70689.87543795235,303.698510248681,64.0,0.9693454206348489,615
35250000,-85819.01127553271,15663.434583426453,-70155.57669210626,304.61284912383866,64.0,0.9693454206348489,615
35300000,-86094.30467152881,15386.37382366811,-70707.9308478607,299.22474174796946,64.0,0.9693454206348489,615
35350000,-85991.68803334521,15202.822354505304,-70788.86567883991,295.6551455853431,64.0,0.9693454206348489,615
35400000,-85917.35282826709,15666.308689805679,-70251.04413846141,304.668742978293,64.0,0.9693454206348489,615
35450000,-86372.5267784624,15299.85976202786,-71072.66701643454,297.54226944822267,64.0,0.9693454206348489,615
35500000,-86126.16728139209,15778.596487881616,-70347.57079351047,306.8524470638545,64.0,0.9693454206348489,615
35550000,-86552.18681264209,15952.964364632731,-70599.22244800936,310.24344636544015,64.0,0.9693454206348489,615
35600000,-86014.92680287646,15596.51884658169,-70418.40795629477,303.3115129996995,64.0,0.9693454206348489,615
35650000,-85847.69663930224,15574.548789652763,-70273.14784964948,302.8842528352133,64.0,0.9693454206348489,615
35700000,-86101.96317982959,15710.310133086517,-70391.65304674307,305.5244560041909,64.0,0.9693454206348489,615
35750000,-86012.26499867724,15570.493588251993,-70441.77141042525,302.805389770674,64.0,0.9693454206348489,615
35800000,-85829.79594350146,15579.907676481234,-70249.88826702023,302.9884691727131,64.0,0.9693454206348489,615
35850000,-85731.74327016162,15446.114422332495,-70285.62884782912,300.38654019457437,64.0,0.9693454206348489,615
35900000,-85707.64225697803,15678.627291354584,-70029.01496562344,304.9083075702761,64.0,0.9693454206348489,615
35950000,-86201.69877553271,15642.077221084735,-70559.62155444798,304.1975042671261,64.0,0.9693454206348489,615
36000000,-85657.3148643999,15298.815628841985,-70358.49923555792,297.52196378774187,64.0,0.9693454206348489,615
36050000,-85822.54582143115,15215.77142357512,-70606.77439785603,295.9069711221913,64.0,0.9693454206348489,615
36100000,-86128.40312123584,15186.39998589782,-70942.00313533802,295.3357734537558,64.0,0.9693454206348489,615
36150000,-85842.00218129443,15475.642095378367,-70366.36008591607,300.9607762324366,64.0,0.9693454206348489,615
36200000,-86133.86332631396,15816.688579938374,-70317.17474637559,307.5932386589989,64.0,0.9693454206348489,615
36250000,-86108.32817006396,15694.893669772893,-70413.43450029107,305.2246461005351,64.0,0.9693454206348489,615
36300000,-85951.80827260303,15366.117839286104,-70585.69043331692,298.83081581291697,64.0,0.9693454206348489,615
36350000,-86135.20756459521,15249.602844214067,-70885.60472038115,296.5649037981857,64.0,0.9693454206348489,615
36400000,-86259.35917592334,16015.888806200586,-70243.47036972275,311.4671622320606,64.0,0.9693454206348489,615
36450000,-86221.8129112749,15190.619322232902,-71031.193589042,295.4178285136212,64.0,0.9693454206348489,615
36500000,-85598.09727406787,15541.589983188082,-70056.50729087979,302.2432902233765,64.0,0.9693454206348489,615
36550000,-86094.59440541553,15549.533711308613,-70545.06069410691,302.3977749656961,64.0,0.9693454206348489,615
36600000,-85696.9506065874,15542.81240195129,-70154.13820463611,302.26706307219206,64.0,0.9693454206348489,615
36650000,-85469.65898061084,15817.86848902516,-69651.79049158568,307.61618480575356,64.0,0.9693454206348489,615
36700000,-85483.35655141162,15291.854372531641,-70191.50217887998,297.3865855533654,64.0,0.9693454206348489,615
36750000,-85729.30888295459,15505.899054772686,-70223.4098281819,301.54919498298824,64.0,0.9693454206348489,615
36800000,-85629.76957631396,15647.209895072505,-69982.55968124146,304.29732135632895,64.0,0.9693454206348489,615
36850000,-86185.11112904834,16075.49634945253,-70109.61477959581,312.6263730987794,64.0,0.9693454206348489,615
36900000,-86074.65214467334,15518.254167628824,-70556.39797704451,301.78946962443484,64.0,0.9693454206348489,615
36950000,-86163.850447896,15461.865298737772,-70701.98514915822,300.6928535585084,64.0,0.9693454206348489,615
37000000,-85976.75443959521,15571.764567112667,-70404.98987248255,302.8301069864203,64.0,0.9693454206348489,615
37050000,-85806.33134389209,15218.952803785913,-70587.37854010618,295.96884064927326,64.0,0.9693454206348489,615
37100000,-85890.75797963428,15506.334120017476,-70384.4238596168,301.5576558644804,64.0,0.9693454206348489,615
37150000,-85523.29734731006,15299.901102620643,-70223.39624468941,297.5430734146634,64.0,0.9693454206348489,615
37200000,-86195.83280873584,15911.78897042945,-70284.04383830639,309.44269260512954,64.0,0.9693454206348489,615
37250000,-86102.41606068896,15485.481417721603,-70616.93464296736,301.1521253261783,64.0,0.9693454206348489,615
37300000,-85317.530135396,15778.09389466187,-69539.43624073413,306.8426729398077,64.0,0.9693454206348489,615
37350000,-85722.6088097124,15380.388209806755,-70342.22059990565,299.1083372083169,64.0,0.9693454206348489,615
37400000,-86395.04655385303,15400.644189547282,-70994.40236430574,299.50226305310485,64.0,0.9693454206348489,615
37450000,-85689.11283803271,15542.120973557001,-70146.99186447571,302.2536165977277,64.0,0.9693454206348489,615
37500000,-86198.4496300249,15146.083831092808,-71052.3657989321,294.5517296531792,64.0,0.9693454206348489,615
37550000,-85910.41496205615,15254.970040075947,-70655.4449219802,296.66928172466055,64.0,0.9693454206348489,615
37600000,-86248.42045522021,15569.884243138134,-70678.53621208208,302.7935396013996,64.0,0.9693454206348489,615
37650000,-86011.60661244678,15382.474452412222,-70629.13216003455,299.1489091723156,64.0,0.9693454206348489,615
37700000,-86099.47801137256,15271.418150544167,-70828.05986082839,296.9891544681347,64.0,0.9693454206348489,615
37750000,-85792.17106557178,15837.461791180074,-69954.7092743917,307.9972233041342,64.0,0.9693454206348489,615
37800000,-85776.43241811084,15439.86092653824,-70336.5714915726,300.26492605172945,64.0,0.9693454206348489,615
37850000,-86209.06718373584,15654.652536513284,-70554.41464722255,304.44206127286566,64.0,0.9693454206348489,615
37900000,-85546.24821400928,15459.25390940695,-70086.99430460233,300.64206886374706,64.0,0.9693454206348489,615
37950000,-85777.68962025928,15562.765935263596,-70214.92368499568,302.6551071247257,64.0,0.9693454206348489,615
38000000,-85955.86967397021,15433.521063690074,-70522.34861028014,300.1416322955007,64.0,0.9693454206348489,615
38050000,-86093.83366322803,15672.417396744248,-70421.41626648378,304.787541356459,64.0,0.9693454206348489,615
38100000,-85909.18742299365,14826.162163038738,-71083.02525995491,288.33008967483653,64.0,0.9693454206348489,615
38150000,-85983.56828236865,15252.636391100008,-70730.93189126864,296.6238983536234,64.0,0.9693454206348489,615
38200000,-85967.70683217334,15576.08459192363,-70391.62224024971,302.9141201738821,64.0,0.9693454206348489,615
38250000,-86108.42002797412,15626.500484291464,-70481.91954368266,303.8945774633412,64.0,0.9693454206348489,615
38300000,-85586.3422081499,15552.56644674763,-70033.77576140227,302.4567537406128,64.0,0.9693454206348489,615
38350000,-86038.11259389209,15610.342476416728,-70427.77011747536,303.5803464568098,64.0,0.9693454206348489,615
38400000,-85631.85514760303,15293.633028871845,-70338.22211873118,297.421175768718,64.0,0.9693454206348489,615
38450000,-85881.27409291553,15472.070560120512,-70409.20353279501,300.89131920978633,64.0,0.9693454206348489,615
38500000,-85949.7972862749,15617.036059798673,-70332.76122647623,303.71051915258494,64.0,0.9693454206348489,615
38550000,-86173.77104115771,15616.667927627685,-70557.10311353003,303.7033599443754,64.0,0.9693454206348489,615
38600000,-86011.75102162646,15523.94682886079,-70487.80419276567,301.90017700139805,64.0,0.9693454206348489,615
38650000,-86037.35807729053,15451.977885535453,-70585.38019175507,300.5005692232956,64.0,0.9693454206348489,615
38700000,-86219.66667104053,15359.136396818329,-70860.5302742222,298.6950450105571,64.0,0.9693454206348489,615
38750000,-86248.2250206499,15491.24863507715,-70756.97638557275,301.26428262481113,64.0,0.9693454206348489,615
38800000,-86208.75834584521,15346.250972893395,-70862.50737295182,298.4444572053706,64.0,0.9693454206348489,615
38850000,-85561.29862904834,15451.490389039973,-70109.80824000837,300.49108869106396,64.0,0.9693454206348489,615
38900000,-85653.18992543506,15743.63076056377,-69909.55916487129,306.1724550887071,64.0,0.9693454206348489,615
38950000,-85936.07578969287,15651.568766484503,-70284.50702320837,304.3820900086128,64.0,0.9693454206348489,615
39000000,-85815.54838490771,15328.669955443824,-70486.87842946389,298.10255238320116,64.0,0.9693454206348489,615
39050000,-85897.12138295459,15363.430470747175,-70533.69091220741,298.77855352121276,64.0,0.9693454206348489,615
39100000,-86257.83756947803,15613.36644273511,-70644.47112674292,303.63915469525784,64.0,0.9693454206348489,615
39150000,-85521.94438100146,15357.423367600772,-70164.52101340069,298.6617310711517,64.0,0.9693454206348489,615
39200000,-85770.07707143115,15327.673965416849,-70442.4031060143,298.0831829812861,64.0,0.9693454206348489,615
39250000,-86108.96940541553,15401.11388179718,-70707.85552361835,299.51139733931075,64.0,0.9693454206348489,615
39300000,-85798.61918568896,15233.407989561092,-70565.21119612787,296.2499562181569,64.0,0.9693454206348489,615
39350000,-86017.23271107959,15342.982107104734,-70674.25060397486,298.3808863125384,64.0,0.9693454206348489,615
39400000,-86054.04618764209,15220.381384562235,-70833.66480307985,295.99662281021386,64.0,0.9693454206348489,615
39450000,-86267.03251576709,15588.2108744313,-70678.82164133579,303.14994466334946,64.0,0.9693454206348489,615
39500000,-85962.54722523974,15479.507344252896,-70483.03988098685,301.0359452169892,64.0,0.9693454206348489,615
39550000,-85765.28398061084,15467.740051576402,-70297.54392903444,300.80710214112554,64.0,0.9693454206348489,615
39600000,-85392.42222523974,15594.68370344094,-69797.7385217988,303.2758242637663,64.0,0.9693454206348489,615
39650000,-85419.38175893115,15429.603144469904,-69989.77861446125,300.0654390104369,64.0,0.9693454206348489,615
39700000,-86116.30839467334,15396.339371673908,-70719.96902299943,299.41854560081913,64.0,0.9693454206348489,615
39750000,-85950.43522572803,15112.166118743247,-70838.26910698478,293.8921188290312,64.0,0.9693454206348489,615
39800000,-85963.74052357959,15608.532698123949,-70355.20782545564,303.5451510008509,64.0,0.9693454206348489,615
39850000,-85849.58415150928,15435.27572836075,-70414.30842314853,300.17575593560935,64.0,0.9693454206348489,615
39900000,-86124.43852162646,15038.482606585138,-71085.95591504133,292.45916717003286,64.0,0.9693454206348489,615
39950000,-86076.94596791553,15540.238892962458,-70536.70707495307,302.2170150510407,64.0,0.9693454206348489,615
40000000,-85958.65251088428,15210.89030470379,-70747.76220618049,295.81204612228856,64.0,0.9693454206348489,615
40050000,-86647.55418324756,15131.226449673064,-71516.3277335745,294.2627924305871,64.0,0.9693454206348489,615
40100000,-85856.04215932178,15487.242585303029,-70368.79957401875,301.18637543089864,64.0,0.9693454206348489,615
40150000,-85897.43321156787,15704.028191237972,-70193.4050203299,305.4022886599648,64.0,0.9693454206348489,615
40200000,-85975.00846791553,15861.505807960872,-70113.50265995465,308.4648165651761,64.0,0.9693454206348489,615
40250000,-86256.95963979053,15558.344150640536,-70698.61548914999,302.5691149749792,64.0,0.9693454206348489,615
40300000,-85885.40141225146,15239.156381782144,-70646.24503046932,296.36174741714393,64.0,0.9693454206348489,615
40350000,-86134.79685902881,15891.369253791403,-70243.4276052374,309.0455825057903,64.0,0.9693454206348489,615
40400000,-86055.53910756396,15136.459869776154,-70919.07923778781,294.36456876832284,64.0,0.9693454206348489,615
40450000,-86322.70317006396,15445.92042903835,-70876.78274102561,300.382767532217,64.0,0.9693454206348489,615
40500000,-86129.7816612749,15502.184012205806,-70627.5976490691,301.47694711839085,64.0,0.9693454206348489,615
40550000,-86462.40348744678,15731.253193014185,-70731.15029443259,305.9317437621829,64.0,0.9693454206348489,615
40600000,-86032.24504018115,15677.116471314337,-70355.12856886681,304.8789260706746,64.0,0.9693454206348489,615
40650000,-86056.44499135303,15214.880915557267,-70841.56407579576,295.8896530695611,64.0,0.9693454206348489,615
40700000,-86245.70902943896,15839.826343688881,-70405.88268575008,308.0432076680855,64.0,0.9693454206348489,615
40750000,-85959.37650990771,15397.748266229406,-70561.62824367831,299.4459449162362,64.0,0.9693454206348489,615
40800000,-85988.7933800249,15551.697726192186,-70437.09565383272,302.439859397161,64.0,0.9693454206348489,615
40850000,-85580.45951772021,15381.49656130065,-70198.96295641956,299.1298917469839,64.0,0.9693454206348489,615
40900000,-85655.16129994678,15293.604740230832,-70361.55655971594,297.4206256286136,64.0,0.9693454206348489,615
40950000,-86441.46842885303,15390.10587420853,-71051.3625546445,299.2973203731833,64.0,0.9693454206348489,615
41000000,-85987.7967369585,15507.498541473411,-70480.29819548508,301.58030081730885,64.0,0.9693454206348489,615
41050000,-85874.44425893115,15271.55856147781,-70602.88569745334,296.99188509367644,64.0,0.9693454206348489,615
41100000,-86007.81278920459,15408.933353614295,-70598.8794355903,299.66346562140865,64.0,0.9693454206348489,615
41150000,-86135.56639027881,15557.149745498202,-70578.4166447806,302.54588691784545,64.0,0.9693454206348489,615
41200000,-85890.07609486865,15634.906283891993,-70255.16981097666,304.05804828781737,64.0,0.9693454206348489,615
41250000,-85840.4105675249,15743.221968395519,-70097.18859912938,306.1645051498602,64.0,0.9693454206348489,615
41300000,-85311.99540639209,15542.698594063171,-69769.29681232892,302.2648498063295,64.0,0.9693454206348489,615
41350000,-85473.44267201709,15366.229831538629,-70107.21284047846,298.8329937694143,64.0,0.9693454206348489,615
41400000,-85828.5277550249,15321.237057779741,-70507.29069724516,297.95800195764514,64.0,0.9693454206348489,615
41450000,-85913.04020619678,15441.486366743455,-70471.55383945332,300.29653661385447,64.0,0.9693454206348489,615
41500000,-85907.16496205615,15430.027485158993,-70477.13747689716,300.07369132736096,64.0,0.9693454206348489,615
41550000,-85655.60111928271,15792.001403022092,-69863.59971626062,307.1131376149246,64.0,0.9693454206348489,615
41600000,-86196.56211781787,15524.616962355096,-70671.94515546277,301.91320934573525,64.0,0.9693454206348489,615
41650000,-86129.65452504443,14862.621732543455,-71267.03279250098,289.03913297472764,64.0,0.9693454206348489,615
41700000,-86170.16813588428,15591.572414800292,-70578.59572108398,303.2153178344627,64.0,0.9693454206348489,615
41750000,-86258.39347768115,15563.760201144498,-70694.63327653665,302.6744429965075,64.0,0.9693454206348489,615
41800000,-85722.65641713428,15407.736065295758,-70314.92035183852,299.64018149403614,64.0,0.9693454206348489,615
41850000,-85645.7445518999,15482.160981016234,-70163.58357088367,301.0875515138531,64.0,0.9693454206348489,615
41900000,-85732.41606068896,15360.3260519756,-70372.09000871336,298.71818069290066,64.0,0.9693454206348489,615
41950000,-85914.57108998584,15426.187279860489,-70488.38381012535,299.9990093748832,64.0,0.9693454206348489,615
42000000,-85995.47550893115,15417.276713571046,-70578.1987953601,299.82572215806766,64.0,0.9693454206348489,615
42050000,-85955.85404897021,15654.160547608335,-70301.69350136188,304.4324933750157,64.0,0.9693454206348489,615
42100000,-85802.8734581499,15284.741961163934,-70518.13149698597,297.2482677483324,64.0,0.9693454206348489,615
42150000,-86285.87040639209,15358.240064070444,-70927.63034232165,298.6776136821571,64.0,0.9693454206348489,615
42200000,-85698.74272084521,15916.837261050008,-69781.9054597952,309.5408686584684,64.0,0.9693454206348489,615
42250000,-86360.33720326709,15256.974774586153,-71103.36242868094,296.70826856931706,64.0,0.9693454206348489,615
42300000,-86032.9086143999,15380.985757513088,-70651.92285688681,299.11995794886036,64.0,0.9693454206348489,615
42350000,-85954.2552940874,15321.12026986666,-70633.13502422074,297.95573073808873,64.0,0.9693454206348489,615
42400000,-85796.51237416553,15507.826377982274,-70288.68599618325,301.58667638024684,64.0,0.9693454206348489,615
42450000,-86111.11967397021,15611.545930339023,-70499.57374363119,303.6037504890549,64.0,0.9693454206348489,615
42500000,-85862.8734581499,15155.693996369664,-70707.17946178024,294.73862224113253,64.0,0.9693454206348489,615
42550000,-86485.85411000537,15200.04383430141,-71285.81027570396,295.60111063207995,64.0,0.9693454206348489,615
42600000,-86155.39408803271,15455.887626386248,-70699.50646164647,300.5766034604581,64.0,0.9693454206348489,615
42650000,-86323.09550404834,15577.053307928145,-70746.0421961202,302.9329591673707,64.0,0.9693454206348489,615
42700000,-86188.7328331499,15390.525277977344,-70798.20755517256,299.3054766799161,64.0,0.9693454206348489,615
42750000,-85974.40367055224,15732.052823142847,-70242.3508474094,305.94729447747716,64.0,0.9693454206348489,615
42800000,-86407.18156361865,15631.587336253666,-70775.59422736499,303.99350343395287,64.0,0.9693454206348489,615
42850000,-85911.63352895068,15530.152922634967,-70381.48060631572,302.0208692988895,64.0,0.9693454206348489,615
42900000,-85929.93534779834,15245.844162569963,-70684.09118522838,296.4918072676347,64.0,0.9693454206348489,615
42950000,-86271.325057271,15449.699475637404,-70821.62558163359,300.4562601078956,64.0,0.9693454206348489,615
43000000,-85974.81828236865,15569.95673375111,-70404.86154861754,302.79494935428846,64.0,0.9693454206348489,615
43050000,-85409.47087025928,15417.23672618263,-69992.23414407665,299.8249445079138,64.0,0.9693454206348489,615
43100000,-86130.42362904834,15592.405424952274,-70538.01820409606,303.2315177039353,64.0,0.9693454206348489,615
43150000,-85772.4086143999,15547.501423510024,-70224.90719088988,302.3582522816212,64.0,0.9693454206348489,615
43200000,-85852.81400990771,15769.175188620342,-70083.63882128737,306.6692274260963,64.0,0.9693454206348489,615
43250000,-86098.58952260303,15375.04910613841,-70723.54041646462,299.0045056015566,64.0,0.9693454206348489,615
43300000,-85673.89506459521,15716.982114874467,-69956.91294972075,305.65420860544225,64.0,0.9693454206348489,615
43350000,-85945.92741322803,15579.398835619097,-70366.52857760893,302.97857354835685,64.0,0.9693454206348489,615
43400000,-86500.63566518115,15477.727023921907,-71022.90864125924,301.0013226413665,64.0,0.9693454206348489,615
43450000,-85834.2943565874,15297.046173779527,-70537.24818280787,297.4875525131838,64.0,0.9693454206348489,615
43500000,-86262.77592397021,15617.333731981926,-70645.44219198829,303.7163080982573,64.0,0.9693454206348489,615
43550000,-86209.73637318896,15495.485043393448,-70714.25132979552,301.3466696900749,64.0,0.9693454206348489,615
43600000,-85855.60136342334,15562.197447210085,-70293.40391621325,302.6440515184504,64.0,0.9693454206348489,615
43650000,-85703.0004112749,15466.069603543961,-70236.93080773094,300.7746162944382,64.0,0.9693454206348489,615
43700000,-85698.34574818896,15400.495579576585,-70297.85016861238,299.49937297772954,64.0,0.9693454206348489,615
43750000,-86479.69389272021,15099.570266715484,-71380.12362600473,293.64716244013175,64.0,0.9693454206348489,615
43800000,-86081.4984581499,15576.927252180874,-70504.57120596903,302.93050771267093,64.0,0.9693454206348489,615
43850000,-85845.3802940874,15513.519682210404,-70331.860611877,301.6973962618043,64.0,0.9693454206348489,615
43900000,-85933.3002159624,15295.815158466576,-70637.48505749583,297.4636124839523,64.0,0.9693454206348489,615
43950000,-85635.69218373584,15315.134860893711,-70320.55732284213,297.83933018297995,64.0,0.9693454206348489,615
44000000,-86080.95585561084,15661.665110722068,-70419.29074488877,304.5784375061913,64.0,0.9693454206348489,615
44050000,-85842.63078236865,15647.23001887044,-70195.40076349821,304.2977127115833,64.0,0.9693454206348489,615
44100000,-86373.68180775928,15512.250508058816,-70861.43129970046,301.6727141429311,64.0,0.9693454206348489,615
44150000,-85790.44291615771,15097.109346753103,-70693.33356940461,293.59930398117024,64.0,0.9693454206348489,615
44200000,-86210.35740590381,15788.233437646646,-70422.12396825716,307.03986054007225,64.0,0.9693454206348489,615
44250000,-85706.11222768115,15381.360165075399,-70324.75206260575,299.12723919702347,64.0,0.9693454206348489,615
44300000,-86217.4359581499,15715.594485681038,-70501.84147246886,305.62722284571714,64.0,0.9693454206348489,615
44350000,-85934.86918568896,15561.37420566869,-70373.49498002027,302.62804162291275,64.0,0.9693454206348489,615
44400000,-86449.25370717334,15560.202524698048,-70889.05118247529,302.60525549150395,64.0,0.9693454206348489,615
44450000,-85981.34208607959,15476.160159232095,-70505.1819268475,300.97085121986487,64.0,0.9693454206348489,615
44500000,-85924.8295128374,15248.651673156884,-70676.17783968052,296.54640600804976,64.0,0.9693454206348489,615
44550000,-86286.12699818896,15465.93932126183,-70820.18767692713,300.772082644686,64.0,0.9693454206348489,615
44600000,-86047.73234486865,15433.141174106626,-70614.59117076203,300.13424443635967,64.0,0.9693454206348489,615
44650000,-85834.54490590381,15452.349134107004,-70382.1957717968,300.50778903734795,64.0,0.9693454206348489,615
44700000,-85704.58695912646,15437.701898677857,-70266.8850604486,300.2229386048265,64.0,0.9693454206348489,615
44750000,-86031.00504994678,15435.31505305972,-70595.68999688706,300.1765206981862,64.0,0.9693454206348489,615
44800000,-85762.67533803271,15485.881323433947,-70276.79401459877,301.1599024466923,64.0,0.9693454206348489,615
44850000,-85736.49577260303,15431.113483255263,-70305.38228934776,300.0948111508892,64.0,0.9693454206348489,615
44900000,-86437.71195912646,15401.434737311443,-71036.27722181502,299.51763714015624,64.0,0.9693454206348489,615
44950000,-86010.70732045459,15420.258691395167,-70590.44862905942,299.88371383008524,64.0,0.9693454206348489,615
45000000,-85798.56645131396,15369.772125191288,-70428.79432612268,298.9018821192984,64.0,0.9693454206348489,615
45050000,-85865.94547963428,15534.569701860659,-70331.37577777362,302.1067641067443,64.0,0.9693454206348489,615
45100000,-85999.05992055224,15454.307496535592,-70544.75242401665,300.5458740662611,64.0,0.9693454206348489,615
45150000,-85750.78141713428,15308.05015175289,-70442.73126538139,297.7015511138298,64.0,0.9693454206348489,615
45200000,-86192.95347523974,15363.42657367792,-70829.52690156183,298.778477733405,64.0,0.9693454206348489,615
45250000,-86107.47868275928,15291.554419814143,-70815.92426294513,297.3807522572647,64.0,0.9693454206348489,615
45300000,-86128.2172081499,15166.071652016602,-70962.1455561333,294.94044051010815,64.0,0.9693454206348489,615
45350000,-86121.26328969287,15685.965742422268,-70435.2975472706,305.05102125647164,64.0,0.9693454206348489,615
45400000,-86047.19425893115,15312.09832162736,-70735.09593730379,297.7802774335671,64.0,0.9693454206348489,615
45450000,-86283.26139760303,15473.348366989405,-70809.91303061362,300.91616921244,64.0,0.9693454206348489,615
45500000,-86255.91703725146,15403.282717994647,-70852.63431925682,299.5535755327252,64.0,0.9693454206348489,615
45550000,-86326.24467397021,15353.534117771545,-70972.71055619867,298.58609533078294,64.0,0.9693454206348489,615
45600000,-85647.16422963428,15584.992990791798,-70062.17123884248,303.08736524002074,64.0,0.9693454206348489,615
45650000,-85763.21684193896,15655.118544307537,-70108.09829763143,304.45112390604265,64.0,0.9693454206348489,615
45700000,-85628.24491811084,15350.622576122172,-70277.62234198867,298.5294734582023,64.0,0.9693454206348489,615
45750000,-85507.90641713428,15343.80058113276,-70164.10583600152,298.39680349240615,64.0,0.9693454206348489,615
45800000,-86340.42668080615,15617.193692830275,-70723.23298797588,303.71358470290323,64.0,0.9693454206348489,615
45850000,-85820.5990440874,15586.816880797269,-70233.78216329013,303.1228351318951,64.0,0.9693454206348489,615
45900000,-85275.95219350146,15333.299089653417,-69942.65310384805,298.19257694027067,64.0,0.9693454206348489,615
45950000,-86025.50883412646,15693.874039328482,-70331.63479479798,305.20481695431107,64.0,0.9693454206348489,615
46000000,-85423.69206166553,15574.909500339985,-69848.78256132554,302.89126771496774,64.0,0.9693454206348489,615
46050000,-86043.48710561084,15115.53263450088,-70927.95447110996,293.95758875844484,64.0,0.9693454206348489,615
46100000,-85874.73149037646,15527.693474938395,-70347.03801543807,301.97303947164875,64.0,0.9693454206348489,615
46150000,-85817.84757924365,15530.625230992853,-70287.2223482508,302.0300544615558,64.0,0.9693454206348489,615
46200000,-85532.3324425249,15574.210984531906,-69958.121457993,302.87768340883594,64.0,0.9693454206348489,615
46250000,-86130.68766713428,15485.704783687252,-70644.98288344702,301.1564692101988,64.0,0.9693454206348489,615
46300000,-86233.21684193896,15317.307872653939,-70915.90896928502,297.88158958017266,64.0,0.9693454206348489,615
46350000,-85920.90910268115,15184.95517580607,-70735.95392687508,295.3076756750632,64.0,0.9693454206348489,615
46400000,-85279.67582631396,15449.37965302734,-69830.29617328662,300.4500403943362,64.0,0.9693454206348489,615
46450000,-85650.21354604053,15107.164209277369,-70543.04933676316,293.79484476788286,64.0,0.9693454206348489,615
46500000,-86060.46647572803,15538.590506897075,-70521.87596883095,302.18495825192946,64.0,0.9693454206348489,615
46550000,-86226.30619740771,15215.77677085111,-71010.5294265566,295.90707511272836,64.0,0.9693454206348489,615
46600000,-86194.32487416553,15750.332028528675,-70443.99284563685,306.3027772295288,64.0,0.9693454206348489,615
46650000,-85738.86405873584,15326.51071880944,-70412.3533399264,298.06056087618975,64.0,0.9693454206348489,615
46700000,-86122.60884022998,15546.7294800175,-70575.87936021248,302.3432399990105,64.0,0.9693454206348489,615
46750000,-85740.69853139209,15703.26092886948,-70037.43760252261,305.3873674129773,64.0,0.9693454206348489,615
46800000,-85999.33952260303,15392.307133262744,-70607.03238934028,299.3401291063889,64.0,0.9693454206348489,615
46850000,-86134.13371205615,15418.708874441683,-70715.42483761447,299.8535739424822,64.0,0.9693454206348489,615
46900000,-85410.30692982959,15577.822168087245,-69832.48476174235,302.947911487208,64.0,0.9693454206348489,615
46950000,-86422.7894737749,15353.406641097972,-71069.38283267693,298.5836162427817,64.0,0.9693454206348489,615
47000000,-86175.91862416553,15516.28552656679,-70659.63309759874,301.75118470297565,64.0,0.9693454206348489,615
47050000,-86245.61723256396,15408.700810352806,-70836.91642221116,299.658943262979,64.0,0.9693454206348489,615
47100000,-86211.0062706499,15364.274326370854,-70846.73194427905,298.79496430675334,64.0,0.9693454206348489,615
47150000,-85975.82810902881,15263.717678960413,-70712.1104300684,296.83940042943834,64.0,0.9693454206348489,615
47200000,-85737.92338490771,15086.640740791336,-70651.28264411638,293.3957169663693,64.0,0.9693454206348489,615
47250000,-85988.47392201709,15769.314961917233,-70219.15896009986,306.6719456512704,64.0,0.9693454206348489,615
47300000,-85533.09062123584,15688.63713742001,-69844.45348381583,305.1029729045641,64.0,0.9693454206348489,615
47350000,-86112.0902550249,15434.463061749324,-70677.62719327558,300.15995169481045,64.0,0.9693454206348489,615
47400000,-85923.02665639209,15331.511950014858,-70591.51470637723,298.1578217469455,64.0,0.9693454206348489,615
47450000,-86004.13456654834,15851.828959489707,-70152.30560705863,308.2766271634429,64.0,0.9693454206348489,615
47500000,-85799.97019887256,15446.525600200752,-70353.4445986718,300.3945365290488,64.0,0.9693454206348489,615
47550000,-85919.92753529834,15243.687967718113,-70676.23956758023,296.4498749153406,64.0,0.9693454206348489,615
47600000,-85833.98063588428,15294.532595936675,-70539.4480399476,297.4386699961262,64.0,0.9693454206348489,615
47650000,-86385.24479604053,15515.322183988057,-70869.92261205247,301.7324502085691,64.0,0.9693454206348489,615
47700000,-85899.65367055224,15606.948614254477,-70292.70505629777,303.51434471132603,64.0,0.9693454206348489,615
47750000,-85687.20268178271,15181.554146414972,-70505.64853536774,295.2415345457178,64.0,0.9693454206348489,615
47800000,-85585.56254506396,15351.605292819208,-70233.95725224476,298.5485847285543,64.0,0.9693454206348489,615
47850000,-85921.62712025928,15484.985776616726,-70436.64134364255,301.1424864025887,64.0,0.9693454206348489,615
47900000,-85948.57340932178,15488.961880871095,-70459.61152845068,301.21981123443743,64.0,0.9693454206348489,615
47950000,-86150.34294057178,15621.492903162492,-70528.85003740928,303.79719310317483,64.0,0.9693454206348489,615
48000000,-85964.67607045459,15101.874927126337,-70862.80114332825,293.69198205937124,64.0,0.9693454206348489,615
48050000,-85304.22569203662,15304.609157381114,-69999.6165346555,297.6346327701023,64.0,0.9693454206348489,615
48100000,-85864.92277455615,15552.902049057724,-70312.02072549843,302.46328032808026,64.0,0.9693454206348489,615
48150000,-85830.33109975146,15147.792500600335,-70682.53859915113,294.58495880762337,64.0,0.9693454206348489,615
48200000,-85605.94035268115,15567.426146448823,-70038.51420623233,302.74573604771757,64.0,0.9693454206348489,615
48250000,-85552.27018666553,15856.707242505625,-69695.5629441599,308.3714970133725,64.0,0.9693454206348489,615
48300000,-85605.39115834521,15103.613850115566,-70501.77730822965,293.72579956493394,64.0,0.9693454206348489,615
48350000,-85966.97410512256,15374.89060986787,-70592.08349525469,299.00142326349805,64.0,0.9693454206348489,615
48400000,-85778.25193715381,15350.447878885316,-70427.80405826849,298.5260760537078,64.0,0.9693454206348489,615
48450000,-85699.5746300249,15365.348740188172,-70334.22588983673,298.81585884634416,64.0,0.9693454206348489,615
48500000,-85778.19035268115,15643.94938866701,-70134.24096401414,304.233913031643,64.0,0.9693454206348489,615
48550000,-85601.48734975146,15648.381681580562,-69953.1056681709,304.32010954016465,64.0,0.9693454206348489,615
48600000,-86187.11918568896,15603.605275786715,-70583.51390990225,303.44932551960113,64.0,0.9693454206348489,615
48650000,-86266.26524281787,15226.884838067926,-71039.38040474994,296.1230979770083,64.0,0.9693454206348489,615
48700000,-86119.54093861865,15522.18083052896,-70597.36010808969,301.8658329512128,64.0,0.9693454206348489,615
48750000,-85917.26597523974,15274.852128471248,-70642.4138467685,297.055936360358,64.0,0.9693454206348489,615
48800000,-85985.92851186084,15276.577498561935,-70709.3510132989,297.08949029747936,64.0,0.9693454206348489,615
48850000,-85866.24967885303,15021.942753892392,-70844.30692496063,292.13751028016037,64.0,0.9693454206348489,615
48900000,-86208.09013295459,15385.785339380614,-70822.30479357397,299.2132972672253,64.0,0.9693454206348489,615
48950000,-85934.13688588428,15348.6372102811,-70585.49967560318,298.4908632835193,64.0,0.9693454206348489,615
49000000,-86187.66593861865,15514.735604786547,-70672.9303338321,301.72104277676624,64.0,0.9693454206348489,615
49050000,-85744.69023061084,15205.850208784454,-70538.84002182639,295.71402943446265,64.0,0.9693454206348489,615
49100000,-85918.29899525928,15341.76934613625,-70576.52964912303,298.3573012825791,64.0,0.9693454206348489,615
49150000,-86162.24565053271,15478.635174684809,-70683.6104758479,301.01898379925933,64.0,0.9693454206348489,615
49200000,-85947.24723744678,15265.12182989344,-70682.12540755334,296.86670749380096,64.0,0.9693454206348489,615
49250000,-85978.9393150835,15092.768697492778,-70886.17061759072,293.5148897020929,64.0,0.9693454206348489,615
49300000,-86098.2357628374,16078.11884975247,-70020.11691308493,312.67737387283944,64.0,0.9693454206348489,615
49350000,-85706.02030873584,15476.756452295464,-70229.26385644038,300.9824475608831,64.0,0.9693454206348489,615
49400000,-86276.95878529834,15597.826765484642,-70679.1320198137,303.33694860268486,64.0,0.9693454206348489,615
49450000,-85989.04740834521,15375.001759163104,-70614.04564918211,299.00358482668,64.0,0.9693454206348489,615
49500000,-86270.40397572803,15436.671168963658,-70833.73280676437,300.20289360682517,64.0,0.9693454206348489,615
49550000,-86447.74809193896,15855.221761629684,-70592.52633030928,308.342608294265,64.0,0.9693454206348489,615
49600000,-86210.86833119678,15385.027088178089,-70825.84124301869,299.1985512638553,64.0,0.9693454206348489,615
49650000,-86003.71696400928,15380.880748528522,-70622.83621548075,299.11791579866644,64.0,0.9693454206348489,615
49700000,-86284.72868275928,15482.202004513587,-70802.52667824569,301.08834931361685,64.0,0.9693454206348489,615
49750000,-85913.22691273974,15336.161563407164,-70577.06534933258,298.248244570574,64.0,0.9693454206348489,615
49800000,-86016.55094838428,15812.800745951012,-70203.75020243326,307.51763045305256,64.0,0.9693454206348489,615
49850000,-85810.51988148974,15660.38320924167,-70150.13667224807,304.5535078740496,64.0,0.9693454206348489,615
49900000,-85657.26237416553,15646.70827161055,-70010.55410255498,304.2875660915357,64.0,0.9693454206348489,615
49950000,-85768.37162709521,15478.027686674148,-70290.34394042107,301.00716974578654,64.0,0.9693454206348489,615
50000000,-86126.8832237749,15818.654761792626,-70308.22846198227,307.63147575529666,64.0,0.9693454206348489,615
