#"Step","Potential Energy (kJ/mole)","Kinetic Energy (kJ/mole)","Total Energy (kJ/mole)","Temperature (K)","Box Volume (nm^3)","Density (g/mL)","Speed (ns/day)"
50000,-86552.3230637071,15358.469095036853,-71193.85396867024,299.6025055406712,64.0,0.9662038217358468,0
100000,-86457.15582737897,15629.421113486751,-70827.73471389222,304.8880521082731,64.0,0.9662038217358468,663
150000,-86040.86188206647,15467.402856979752,-70573.45902508672,301.7275108269474,64.0,0.9662038217358468,663
200000,-86536.54425511335,15473.097680412,-71063.44657470135,301.8386015455832,64.0,0.9662038217358468,662
250000,-86328.17889866803,15409.491488735424,-70918.68740993261,300.5978154830999,64.0,0.9662038217358468,662
300000,-86074.28754124616,15500.633874638239,-70573.65366660792,302.3757587799525,64.0,0.9662038217358468,662
350000,-86812.26910862897,15504.846404012758,-71307.42270461621,302.45793392042117,64.0,0.9662038217358468,661
400000,-86247.37909398053,15291.165019424865,-70956.21407455567,298.28958368878125,64.0,0.9662038217358468,660
450000,-86724.29437718366,15662.33722511027,-71061.95715207339,305.5301570898333,64.0,0.9662038217358468,660
500000,-86563.08929905866,15485.773521167692,-71077.31577789097,302.0858731731614,64.0,0.9662038217358468,659
550000,-86723.95135960553,15160.22963809548,-71563.72172151005,295.73538586688477,64.0,0.9662038217358468,659
600000,-85984.02924046491,15326.73827608308,-70657.29096438183,298.9835224374347,64.0,0.9662038217358468,658
650000,-86513.93646702741,14941.537217672216,-71572.39924935519,291.46928377714346,64.0,0.9662038217358468,658
700000,-86268.29327855085,15448.013945507118,-70820.27933304373,301.3492852094746,64.0,0.9662038217358468,657
750000,-87050.46918187116,15709.554961826652,-71340.9142200445,306.4512483873221,64.0,0.9662038217358468,657
800000,-86577.60834202741,15091.089317020727,-71486.51902500668,294.3866437950219,64.0,0.9662038217358468,657
850000,-86385.80072483991,15197.613574216142,-71188.18715062377,296.4646461114714,64.0,0.9662038217358468,656
900000,-86226.24811253522,15122.477785415947,-71103.77032711927,294.99894855782736,64.0,0.9662038217358468,656
950000,-86352.20514378522,15206.48125475226,-71145.72388903296,296.63763075535195,64.0,0.9662038217358468,656
1000000,-86330.62982640241,15791.548575274297,-70539.08125112811,308.0507236914841,64.0,0.9662038217358468,655
1050000,-86554.96332249616,15362.857668793062,-71192.1056537031,299.6881148344734,64.0,0.9662038217358468,655
1100000,-86512.54895482038,15743.160808178305,-70769.38814664207,307.10680824198386,64.0,0.9662038217358468,655
1150000,-85852.44842991803,15093.868405640824,-70758.58002427721,294.4408563541349,64.0,0.9662038217358468,655
1200000,-86711.34717259381,15451.281537052011,-71260.0656355418,301.4130271493695,64.0,0.9662038217358468,655
1250000,-86659.14105687116,15487.704091076623,-71171.43696579454,302.1235334098854,64.0,0.9662038217358468,655
1300000,-86623.19171605085,15225.999890204985,-71397.19182584586,297.01838693946024,64.0,0.9662038217358468,655
1350000,-86507.80853733991,15203.627241321374,-71304.18129601853,296.58195661429994,64.0,0.9662038217358468,654
1400000,-87040.52887425397,15452.098470858298,-71588.43040339567,301.4289633350473,64.0,0.9662038217358468,654
1450000,-86087.15637669538,15436.12460543681,-70651.03177125857,301.1173560990764,64.0,0.9662038217358468,654
1500000,-86213.16803441022,15759.74396930635,-70453.42406510387,307.4303012016664,64.0,0.9662038217358468,654
1550000,-86774.38135228131,15759.25329572102,-71015.1280565603,307.4207294771242,64.0,0.9662038217358468,654
1600000,-86428.34906468366,15182.985739300959,-71245.3633253827,296.17929631754953,64.0,0.9662038217358468,654
1650000,-86446.72125706647,15560.542262804694,-70886.17899426178,303.5444106219107,64.0,0.9662038217358468,654
1700000,-86489.37933812116,15418.83805631334,-71070.54128180782,300.7801419276968,64.0,0.9662038217358468,654
1750000,-85740.45148167585,15319.149433325976,-70421.30204834987,298.835484485858,64.0,0.9662038217358468,654
1800000,-86336.92731175397,15132.141590943094,-71204.78572081088,295.18746346325673,64.0,0.9662038217358468,654
1850000,-86914.10858616803,15154.120768733555,-71759.98781743448,295.61621822357813,64.0,0.9662038217358468,654
1900000,-86605.51825413678,15536.14767390443,-71069.37058023235,303.0685376744881,64.0,0.9662038217358468,654
1950000,-86827.08844456647,15767.06884533877,-71060.0195992277,307.5731898710063,64.0,0.9662038217358468,654
2000000,-86262.69550023053,15565.034509375226,-70697.66099085531,303.632042294033,64.0,0.9662038217358468,654
2050000,-86073.12933812116,15357.882593872724,-70715.24674424843,299.5910644772951,64.0,0.9662038217358468,654
2100000,-86172.82587132428,15392.196946776472,-70780.62892454781,300.260445392955,64.0,0.9662038217358468,653
2150000,-86484.76520237897,15242.450304768514,-71242.31489761046,297.33929036999865,64.0,0.9662038217358468,653
2200000,-86644.60614476178,15518.819513422088,-71125.7866313397,302.7305117771935,64.0,0.9662038217358468,653
2250000,-86340.36371312116,15420.547065315186,-70919.81664780597,300.81348010585606,64.0,0.9662038217358468,653
2300000,-86598.09467015241,15321.02048881445,-71277.07418133796,298.8719837559926,64.0,0.9662038217358468,653
2350000,-86286.1843918321,15637.86518748966,-70648.31920434244,305.0527733257712,64.0,0.9662038217358468,653
2400000,-86721.90655980085,15456.844086334924,-71265.06247346592,301.52153755441327,64.0,0.9662038217358468,653
2450000,-86365.91449437116,15567.81190195179,-70798.10259241937,303.68622176788944,64.0,0.9662038217358468,653
2500000,-86047.85248265241,15069.979106538463,-70977.87337611394,293.9748402543277,64.0,0.9662038217358468,653
2550000,-86382.88824925397,15684.800447853515,-70698.08780140046,305.9683542678691,64.0,0.9662038217358468,653
2600000,-86037.95453343366,15540.694348931313,-70497.26018450235,303.1572310996924,64.0,0.9662038217358468,653
2650000,-86046.64667210553,15513.593904258683,-70533.05276784685,302.62857416943825,64.0,0.9662038217358468,653
2700000,-86138.86493382428,15665.195197045803,-70473.66973677848,305.5859084506853,64.0,0.9662038217358468,653
2750000,-86469.78839573835,15377.039132280159,-71092.74926345819,299.9647571200214,64.0,0.9662038217358468,653
2800000,-86016.28949437116,15264.783842380799,-70751.50565199036,297.77495773924124,64.0,0.9662038217358468,652
2850000,-86528.44049534772,15317.310024079401,-71211.13047126832,298.7996025489554,64.0,0.9662038217358468,652
2900000,-86701.06940159772,15359.969859513454,-71341.09954208427,299.63178142713053,64.0,0.9662038217358468,652
2950000,-86494.18951878522,15436.334285928402,-71057.85523285682,301.1214464026253,64.0,0.9662038217358468,652
3000000,-86222.32562718366,15444.289644870441,-70778.03598231322,301.27663410113627,64.0,0.9662038217358468,652
3050000,-86492.00226292585,15494.914787487127,-70997.08747543872,302.26419474129233,64.0,0.9662038217358468,652
3100000,-86670.42987523053,15297.876456474187,-71372.55341875635,298.4205058102057,64.0,0.9662038217358468,652
3150000,-86778.46197972272,15427.356858854182,-71351.10512086854,300.9463208983773,64.0,0.9662038217358468,652
3200000,-85619.6443527696,15121.921787074301,-70497.7225656953,294.9881025226397,64.0,0.9662038217358468,652
3250000,-86955.3861130235,15288.78337255746,-71666.60274046604,298.2431241514164,64.0,0.9662038217358468,652
3300000,-86562.75873265241,15602.522433887469,-70960.23629876494,304.36333107300493,64.0,0.9662038217358468,652
3350000,-86421.19403538678,15097.109915342648,-71324.08412004414,294.50408950728263,64.0,0.9662038217358468,652
3400000,-86671.78473362897,15215.519210448489,-71456.26552318048,296.81393701053923,64.0,0.9662038217358468,652
3450000,-86319.20709691022,15084.208867690002,-71234.99822922022,294.2524246976642,64.0,0.9662038217358468,652
3500000,-87068.54681858991,15215.681234159041,-71852.86558443087,296.8170976582143,64.0,0.9662038217358468,652
3550000,-85813.62427220319,15409.212490241509,-70404.41178196168,300.59237297139504,64.0,0.9662038217358468,652
3600000,-86140.6072433946,15307.844178631552,-70832.76306476304,298.61494931329196,64.0,0.9662038217358468,652
3650000,-86285.68854222272,15178.687142895535,-71107.00139932719,296.09544224033624,64.0,0.9662038217358468,652
3700000,-86625.87006077741,15366.768033341505,-71259.1020274359,299.7643955502819,64.0,0.9662038217358468,652
3750000,-86555.35284886335,15015.794229321706,-71539.55861954164,292.9178387474653,64.0,0.9662038217358468,652
3800000,-86425.39862523053,15781.698296481161,-70643.70032874937,307.8585711931826,64.0,0.9662038217358468,652
3850000,-86567.52533421491,15150.021780817246,-71417.50355339766,295.5362579721815,64.0,0.9662038217358468,652
3900000,-86505.96686253522,15069.272075458197,-71436.69478707702,293.96104797582444,64.0,0.9662038217358468,652
3950000,-86486.58234105085,15539.476207664236,-70947.10613338661,303.1334684334097,64.0,0.9662038217358468,652
4000000,-86818.43195042585,15363.108496753848,-71455.323453672,299.69300781469474,64.0,0.9662038217358468,652
4050000,-86557.99921116803,15644.39424753422,-70913.60496363381,305.18013776138463,64.0,0.9662038217358468,652
4100000,-86264.2048996446,15372.829366862774,-70891.37553278182,299.882635896937,64.0,0.9662038217358468,652
4150000,-86550.7683762071,15401.143983909162,-71149.62439229793,300.4349780710189,64.0,0.9662038217358468,652
4200000,-86242.2341965196,15544.59806997981,-70697.63612653979,303.2333822186499,64.0,0.9662038217358468,652
4250000,-86443.2586105821,15316.175547376391,-71127.0830632057,298.77747195373814,64.0,0.9662038217358468,652
4300000,-86587.96747288678,15518.576748767868,-71069.39072411892,302.7257760904392,64.0,0.9662038217358468,652
4350000,-86334.59711155866,15227.364436263219,-71107.23267529544,297.0450055702263,64.0,0.9662038217358468,652
4400000,-86678.1511887071,15262.924382343423,-71415.22680636367,297.73868466523214,64.0,0.9662038217358468,652
4450000,-86187.9431808946,15306.88664854085,-70881.05653235374,298.5962704715057,64.0,0.9662038217358468,652
4500000,-86454.71710667585,15276.608680282603,-71178.10842639324,298.005628585474,64.0,0.9662038217358468,652
4550000,-86671.36371312116,15322.181085640099,-71349.18262748106,298.89462388468866,64.0,0.9662038217358468,652
4600000,-86768.10883030866,15435.665401688195,-71332.44342862046,301.10839826657457,64.0,0.9662038217358468,652
4650000,-86316.61175999616,15071.665529111866,-71244.94623088429,294.0077378318965,64.0,0.9662038217358468,652
4700000,-86177.15594944928,15500.58981742477,-70676.56613202451,302.3748993419798,64.0,0.9662038217358468,652
4750000,-86936.31781468366,15472.60467023612,-71463.71314444754,301.82898424043145,64.0,0.9662038217358468,652
4800000,-87002.46442112897,15540.93263546098,-71461.53178566799,303.1618794302573,64.0,0.9662038217358468,652
4850000,-86543.5037277696,15296.419812923355,-71247.08391484624,298.392090604575,64.0,0.9662038217358468,652
4900000,-86904.82867894147,15065.634279743186,-71839.19439919828,293.890084346304,64.0,0.9662038217358468,652
4950000,-86651.64313206647,15510.946428696625,-71140.69670336985,302.5769290278006,64.0,0.9662038217358468,652
5000000,-86421.93219456647,15303.303998248302,-71118.62819631817,298.52638258115144,64.0,0.9662038217358468,652
5050000,-86453.51202855085,15436.449991061818,-71017.06203748903,301.1237034991927,64.0,0.9662038217358468,652
5100000,-86376.01727757428,15864.643757680431,-70511.37351989385,309.4766144919485,64.0,0.9662038217358468,652
5150000,-87315.38922581647,15624.12642762973,-71691.26279818674,304.78476699964676,64.0,0.9662038217358468,652
5200000,-86309.53644261335,15342.932607219554,-70966.60383539379,299.2994303677121,64.0,0.9662038217358468,652
5250000,-86126.35663304303,15225.813546386547,-70900.54308665649,297.01475187176237,64.0,0.9662038217358468,652
5300000,-86059.32819066022,15598.287605365069,-70461.04058529515,304.2807209360183,64.0,0.9662038217358468,652
5350000,-86528.08917698835,15307.450342867523,-71220.63883412082,298.607266634703,64.0,0.9662038217358468,652
5400000,-86324.54938206647,15316.189990964951,-71008.35939110152,298.77775370938025,64.0,0.9662038217358468,652
5450000,-86532.03558812116,15262.315729738213,-71269.71985838294,297.7268114867013,64.0,0.9662038217358468,652
5500000,-86463.12238011335,15392.531687126146,-71070.5906929872,300.2669752786387,64.0,0.9662038217358468,652
5550000,-86527.5662277696,15213.733872454206,-71313.83235531539,296.7791098586262,64.0,0.9662038217358468,652
5600000,-86046.73932347272,15203.5423547877,-70843.19696868502,296.5803007058875,64.0,0.9662038217358468,652
5650000,-86394.41925511335,15372.076475112233,-71022.34278000111,299.8679489998598,64.0,0.9662038217358468,652
5700000,-86552.22967991803,15475.082479472272,-71077.14720044576,301.8773196474834,64.0,0.9662038217358468,652
5750000,-86508.32672581647,15492.814924117178,-71015.5118016993,302.22323204357576,64.0,0.9662038217358468,652
5800000,-86850.97259983991,15380.557780412812,-71470.4148194271,300.0333965000361,64.0,0.9662038217358468,652
5850000,-86000.35895237897,15047.506579334848,-70952.85237304412,293.53646157124604,64.0,0.9662038217358468,652
5900000,-86328.93365941022,15191.602681313641,-71137.33097809658,296.34738972589145,64.0,0.9662038217358468,652
5950000,-86521.16925511335,15682.984722963534,-70838.18453214981,305.93293434918803,64.0,0.9662038217358468,652
6000000,-86311.01385960553,15536.97265698528,-70774.04120262025,303.084630879906,64.0,0.9662038217358468,652
6050000,-86034.89465794538,14942.835059562232,-71092.05959838314,291.49460118864056,64.0,0.9662038217358468,652
6100000,-86764.8425949571,15208.493249651743,-71556.34934530535,296.6768793750738,64.0,0.9662038217358468,652
6150000,-86809.75629124616,15468.14086985786,-71341.6154213883,301.7419074771626,64.0,0.9662038217358468,652
6200000,-85946.58722386335,15257.323451645672,-70689.26377221767,297.62942554181154,64.0,0.9662038217358468,652
6250000,-86796.97784886335,15391.561240389245,-71405.4166084741,300.2480444677571,64.0,0.9662038217358468,652
6300000,-86282.19000706647,15510.484350260114,-70771.70565680636,302.5679151178543,64.0,0.9662038217358468,652
6350000,-86595.50507054303,15093.773946020054,-71501.73112452298,294.4390137004902,64.0,0.9662038217358468,652
6400000,-86616.38385472272,15389.70238456293,-71226.68147015979,300.211783180284,64.0,0.9662038217358468,652
6450000,-86445.6023605821,15284.179541467689,-71161.4228191144,298.1533157648483,64.0,0.9662038217358468,652
6500000,-86528.86090550397,14929.63346415502,-71599.22744134895,291.23707349908636,64.0,0.9662038217358468,652
6550000,-86784.54010472272,15089.52825362701,-71695.01185109571,294.35619163854903,64.0,0.9662038217358468,652
6600000,-85834.63763890241,15565.861431027879,-70268.77620787453,303.64817331578314,64.0,0.9662038217358468,652
6650000,-86382.40497288678,15330.194684873335,-71052.21028801345,299.05094769494735,64.0,0.9662038217358468,652
6700000,-86682.25812230085,15277.787852807553,-71404.4702694933,298.028631076201,64.0,0.9662038217358468,652
6750000,-86255.10187230085,15156.402503604535,-71098.69936869631,295.66072874608494,64.0,0.9662038217358468,652
6800000,-86264.64172825788,15278.921072096098,-70985.72065616178,298.05073714263733,64.0,0.9662038217358468,652
6850000,-86541.98016819928,15313.995667137555,-71227.98450106173,298.7349483416976,64.0,0.9662038217358468,652
6900000,-86171.20221409772,15632.535741188563,-70538.66647290916,304.94881013418797,64.0,0.9662038217358468,652
6950000,-85984.45209202741,15405.890524465853,-70578.56156756156,300.5275703362138,64.0,0.9662038217358468,652
7000000,-86605.19208226178,15169.613785701687,-71435.5782965601,295.91844539695813,64.0,0.9662038217358468,652
7050000,-86639.20270237897,15529.207559634,-71109.99514274497,302.93315467431455,64.0,0.9662038217358468,652
7100000,-86391.6502121446,15234.035810080823,-71157.61440206377,297.1751461655411,64.0,0.9662038217358468,652
7150000,-86250.96905980085,14968.580238523427,-71282.38882127742,291.9968205227837,64.0,0.9662038217358468,652
7200000,-86199.91205296491,15656.563126666937,-70543.34892629797,305.41751992852795,64.0,0.9662038217358468,652
7250000,-86592.0457199571,15576.363641019212,-71015.68207893788,303.8530432417926,64.0,0.9662038217358468,652
7300000,-86516.8386887071,15238.745472220704,-71278.09321648639,297.2670190318162,64.0,0.9662038217358468,652
7350000,-86696.68500218366,15110.592556017218,-71586.09244616644,294.7670996355975,64.0,0.9662038217358468,652
7400000,-86430.23566136335,15597.870671048062,-70832.36499031528,304.2725876666639,64.0,0.9662038217358468,652
7450000,-86618.10211644147,15628.187295041193,-70989.91482140028,304.8639836223202,64.0,0.9662038217358468,652
7500000,-86073.20746312116,15213.34014567174,-70859.86731744942,296.7714293059751,64.0,0.9662038217358468,652
7550000,-86419.19000706647,15518.898527614307,-70900.29147945216,302.73205313198713,64.0,0.9662038217358468,652
7600000,-86283.60150608991,15576.401185072493,-70707.20032101742,303.85377562549314,64.0,0.9662038217358468,652
7650000,-86574.19550023053,15527.516372171638,-71046.6791280589,302.90016414655247,64.0,0.9662038217358468,652
7700000,-86057.72223362897,15637.556437809952,-70420.16579581902,305.0467504482922,64.0,0.9662038217358468,652
7750000,-86575.41046605085,15455.554950060323,-71119.85551599052,301.4963899661046,64.0,0.9662038217358468,652
7800000,-85401.35687718366,15544.637162656058,-69856.7197145276,303.23414481182766,64.0,0.9662038217358468,652
7850000,-86456.61749730085,15592.099916337058,-70864.51758096379,304.16001573260075,64.0,0.9662038217358468,652
7900000,-86967.47650608991,15281.356289100833,-71686.12021698907,298.09824168958403,64.0,0.9662038217358468,652
7950000,-85837.70917210553,15240.364119056147,-70597.34505304939,297.2985944866668,64.0,0.9662038217358468,652
8000000,-86099.03839573835,15183.730501365382,-70915.30789437296,296.19382462627306,64.0,0.9662038217358468,652
8050000,-86553.6492355821,15068.327641857555,-71485.32159372454,293.94262461140465,64.0,0.9662038217358468,652
8100000,-86489.3045090196,15042.23521817362,-71447.06929084598,293.43363146482454,64.0,0.9662038217358468,652
8150000,-86251.24213108991,14973.866660819389,-71277.37547027052,292.09994443151544,64.0,0.9662038217358468,652
8200000,-86481.68707737897,15622.331629265565,-70859.3554481134,304.7497553013117,64.0,0.9662038217358468,652
8250000,-86757.71551976178,14981.094648897182,-71776.6208708646,292.2409430769354,64.0,0.9662038217358468,652
8300000,-86288.84320530866,15690.305481132178,-70598.53772417648,306.0757426900592,64.0,0.9662038217358468,652
8350000,-86355.21832737897,15677.594940688927,-70677.62338669004,305.82779416472056,64.0,0.9662038217358468,652
8400000,-86225.98383030866,15003.061609315919,-71222.92222099274,292.6694595091294,64.0,0.9662038217358468,652
8450000,-86425.15582737897,15223.841251993552,-71201.31457538542,296.9762777023547,64.0,0.9662038217358468,652
8500000,-86619.21527562116,15283.934218979208,-71335.28105664195,298.1485301816134,64.0,0.9662038217358468,652
8550000,-86920.10870823835,15235.457257479895,-71684.65145075845,297.2028747887275,64.0,0.9662038217358468,652
8600000,-86368.37848362897,15460.196529276203,-70908.18195435277,301.58693471728634,64.0,0.9662038217358468,652
8650000,-86974.50922093366,15427.221527143382,-71547.28769379028,300.94368093996843,64.0,0.9662038217358468,652
8700000,-86345.9939621446,15532.311264571268,-70813.68269757333,302.99369962641293,64.0,0.9662038217358468,652
8750000,-86330.10614476178,15389.28350179107,-70940.82264297071,300.2036119018056,64.0,0.9662038217358468,652
8800000,-86391.51703343366,15404.102770315949,-70987.41426311771,300.4926960515903,64.0,0.9662038217358468,652
8850000,-86868.8650558946,15285.19997064257,-71583.66508525203,298.1732215989278,64.0,0.9662038217358468,652
8900000,-86829.42438206647,15673.630770865653,-71155.79361120082,305.7504638524289,64.0,0.9662038217358468,652
8950000,-86112.82446751569,15299.21990152821,-70813.60456598748,298.44671281702074,64.0,0.9662038217358468,652
9000000,-86309.24445042585,15508.713451254429,-70800.53099917142,302.5333696318505,64.0,0.9662038217358468,652
9050000,-86297.21942601178,15578.886020598118,-70718.33340541366,303.90224809659213,64.0,0.9662038217358468,652
9100000,-86710.52801976178,15226.816082849167,-71483.71193691262,297.0343086670548,64.0,0.9662038217358468,652
9150000,-86773.10748753522,15406.778460324509,-71366.32902721071,300.54489158134356,64.0,0.9662038217358468,652
9200000,-86237.39972386335,15651.969316079281,-70585.43040778406,305.32790701505826,64.0,0.9662038217358468,652
9250000,-86293.56995091413,15151.487189446343,-71142.08276146778,295.5648441609612,64.0,0.9662038217358468,652
9300000,-86509.82867894147,15193.845096402103,-71315.98358253937,296.39113322498685,64.0,0.9662038217358468,652
9350000,-86189.39520726178,15214.290318801533,-70975.10488846025,296.7899646332022,64.0,0.9662038217358468,652
9400000,-86302.62042698835,15084.228983486304,-71218.39144350204,294.25281710285356,64.0,0.9662038217358468,652
9450000,-86694.86737523053,15098.641661689733,-71596.2257135408,294.53396976687094,64.0,0.9662038217358468,652
9500000,-85994.72064671491,15616.285451669246,-70378.43519504566,304.63181060606945,64.0,0.9662038217358468,652
9550000,-86440.00092015241,15165.700407439144,-71274.30051271326,295.84210589167725,64.0,0.9662038217358468,652
9600000,-86535.3728683946,15592.798097780906,-70942.57477061369,304.1736353784525,64.0,0.9662038217358468,652
9650000,-86592.02338108991,15416.1744185118,-71175.84896257811,300.7281815041509,64.0,0.9662038217358468,652
9700000,-86270.10211644147,15280.09057021467,-70990.0115462268,298.0735509116648,64.0,0.9662038217358468,652
9750000,-86770.41864476178,15182.93329124077,-71587.48535352101,296.1782731966808,64.0,0.9662038217358468,652
9800000,-86305.05865941022,15290.296227470506,-71014.76243193971,298.2726358898366,64.0,0.9662038217358468,652
9850000,-86368.56683812116,15214.921952156816,-71153.64488596434,296.80228610448,64.0,0.9662038217358468,652
9900000,-86771.65485081647,15328.962891091593,-71442.69195972488,299.02691870475076,64.0,0.9662038217358468,652
9950000,-85996.26269993756,15079.802623842843,-70916.46007609472,294.1664707078191,64.0,0.9662038217358468,652
10000000,-86732.91754612897,15291.845859507244,-71441.07168662173,298.30286505121984,64.0,0.9662038217358468,652
10050000,-86755.4470871446,15504.764400240965,-71250.68268690363,302.456334246955,64.0,0.9662038217358468,652
10100000,-86512.46832737897,15284.474919438362,-71227.99340794061,298.1590777961775,64.0,0.9662038217358468,652
10150000,-86615.10358128522,15179.451399937272,-71435.65218134795,296.110350843737,64.0,0.9662038217358468,652
10200000,-86665.09821019147,15344.726943512913,-71320.37126667856,299.3344330522861,64.0,0.9662038217358468,652
10250000,-86461.27985081647,15793.997925186995,-70667.28192562948,308.0985039335284,64.0,0.9662038217358468,652
10300000,-86829.24921116803,15348.432459179778,-71480.81675198826,299.40671771628763,64.0,0.9662038217358468,652
10350000,-86890.3533371446,15479.13687244337,-71411.21646470123,301.9564099712045,64.0,0.9662038217358468,652
10400000,-86699.76361546491,15078.798232716275,-71620.96538274863,294.1468777330115,64.0,0.9662038217358468,652
10450000,-87072.11078343366,15267.509680233197,-71804.60110320046,297.82813151881663,64.0,0.9662038217358468,652
10500000,-86139.13983616803,15320.293727622135,-70818.8461085459,298.8578065959644,64.0,0.9662038217358468,652
10550000,-86302.00531468366,15576.342820882332,-70725.66249380133,303.8526370968092,64.0,0.9662038217358468,652
10600000,-86396.86591038678,15362.336811887566,-71034.52909849922,299.6779543143754,64.0,0.9662038217358468,652
10650000,-86897.36737523053,15643.5006020742,-71253.86677315633,305.16270513725846,64.0,0.9662038217358468,652
10700000,-86790.59271702741,15637.947566249408,-71152.645150778,305.05438031424586,64.0,0.9662038217358468,652
10750000,-86367.72369847272,15405.438147647306,-70962.28555082541,300.5187456787922,64.0,0.9662038217358468,652
10800000,-86674.77338108991,15664.801972489804,-71009.9714086001,305.57823769512436,64.0,0.9662038217358468,652
10850000,-86831.6521652696,15090.509507884737,-71741.14265738486,294.3753332751515,64.0,0.9662038217358468,652
10900000,-86414.7771652696,15509.35172088677,-70905.42544438282,302.5458205590801,64.0,0.9662038217358468,652
10950000,-86311.64398655866,15547.101044051815,-70764.54294250684,303.28220852409976,64.0,0.9662038217358468,652
11000000,-86799.66180882428,15438.714419113821,-71360.94738971046,301.1678764121177,64.0,0.9662038217358468,652
11050000,-86283.62360081647,15794.991487998515,-70488.63211281796,308.1178856769757,64.0,0.9662038217358468,652
11100000,-86110.55988011335,15566.454262228683,-70544.10561788466,303.6597378611831,64.0,0.9662038217358468,652
11150000,-86576.9031418321,15518.8116575717,-71058.0914842604,302.73035853063976,64.0,0.9662038217358468,652
11200000,-86570.64081273053,15097.115463230759,-71473.52534949977,294.50419773168755,64.0,0.9662038217358468,652
11250000,-86554.28058323835,15198.491310543031,-71355.78927269531,296.4817683911148,64.0,0.9662038217358468,652
11300000,-86158.09991917585,15301.113210111856,-70856.98670906399,298.48364618530843,64.0,0.9662038217358468,652
11350000,-86264.21735081647,14961.36187002249,-71302.85548079398,291.85600952948647,64.0,0.9662038217358468,652
11400000,-86286.31390843366,15317.565680674044,-70968.74822775961,298.80458972286186,64.0,0.9662038217358468,652
11450000,-86255.3699387071,15653.23817961011,-70602.13175909698,305.35265913655377,64.0,0.9662038217358468,652
11500000,-86090.48273167585,15627.117428736528,-70463.36530293932,304.8431134025419,64.0,0.9662038217358468,652
11550000,-86781.00629124616,15472.97326800949,-71308.03302323667,301.83617459356856,64.0,0.9662038217358468,652
11600000,-86260.29193577741,15588.016159029678,-70672.27577674773,304.080352589501,64.0,0.9662038217358468,652
11650000,-86434.58905491803,15238.3093098104,-71196.27974510763,297.25851067397525,64.0,0.9662038217358468,652
11700000,-86328.37592015241,15078.827380013652,-71249.54854013876,294.14744631854364,64.0,0.9662038217358468,652
11750000,-86384.66278538678,15680.588716653176,-70704.07406873361,305.8861946976361,64.0,0.9662038217358468,652
11800000,-86000.57593235944,15231.484253913164,-70769.09167844628,297.12537215381326,64.0,0.9662038217358468,652
11850000,-86732.08649144147,15439.386244305293,-71292.70024713618,301.1809819182333,64.0,0.9662038217358468,652
11900000,-85887.78217015241,15146.5262388126,-70741.25593133981,295.4680693307007,64.0,0.9662038217358468,652
11950000,-86416.56586155866,15217.313407678623,-71199.25245388004,296.848936982363,64.0,0.9662038217358468,652
12000000,-86858.0916183946,15212.65718260291,-71645.43443579169,296.7581065297695,64.0,0.9662038217358468,652
12050000,-87129.85345921491,15280.977614644216,-71848.87584457069,298.0908547674055,64.0,0.9662038217358468,652
12100000,-86405.34735569928,15393.694018169772,-71011.65333752951,300.2896492372725,64.0,0.9662038217358468,652
12150000,-86521.98102269147,15291.046001303475,-71230.935021388,298.28726196471143,64.0,0.9662038217358468,652
12200000,-87014.84027562116,15169.58340009395,-71845.25687552721,295.9178526553148,64.0,0.9662038217358468,652
12250000,-86555.94348607038,15750.151899680961,-70805.79158638942,307.2431856711207,64.0,0.9662038217358468,652
12300000,-85912.68219456647,15769.216279382817,-70143.46591518365,307.6150805448813,64.0,0.9662038217358468,652
12350000,-86393.91156468366,15291.098680826952,-71102.8128838567,298.2882896008076,64.0,0.9662038217358468,652
12400000,-86124.37311253522,15433.89620045945,-70690.47691207577,301.07388589964154,64.0,0.9662038217358468,652
12450000,-86545.60651097272,15343.285867801867,-71202.32064317085,299.30632153342106,64.0,0.9662038217358468,652
12500000,-86283.36285862897,15564.461974852951,-70718.90088377602,303.62087368234916,64.0,0.9662038217358468,652
12550000,-86847.89471898053,15604.207434869837,-71243.6872841107,304.3962009191486,64.0,0.9662038217358468,652
12600000,-87258.41998753522,15737.962565030088,-71520.45742250513,307.00540447172665,64.0,0.9662038217358468,652
12650000,-86278.14581761335,15175.60455968231,-71102.54125793104,296.03530931637715,64.0,0.9662038217358468,651
12700000,-86519.75384983991,15077.277461070917,-71442.47638876899,294.11721156039454,64.0,0.9662038217358468,651
12750000,-85871.97882542585,15134.694389685523,-70737.28443574032,295.23726171428297,64.0,0.9662038217358468,651
12800000,-86879.34869847272,15261.876520973165,-71617.47217749956,297.7182437026566,64.0,0.9662038217358468,651
12850000,-85977.11737523053,15755.102661820754,-70222.01471340978,307.3397617512131,64.0,0.9662038217358468,651
12900000,-86732.46222386335,15468.988073416986,-71263.47415044636,301.75843414446564,64.0,0.9662038217358468,651
12950000,-86381.36078343366,14990.418361990713,-71390.94242144295,292.4228236918899,64.0,0.9662038217358468,651
13000000,-86628.66791233991,15619.467288282205,-71009.2006240577,304.693879697433,64.0,0.9662038217358468,651
13050000,-86876.54401097272,15494.195426785387,-71382.34858418733,302.25016194497033,64.0,0.9662038217358468,651
13100000,-86673.60760960553,15297.625616406556,-71375.98199319898,298.41561259381245,64.0,0.9662038217358468,651
13150000,-86877.37311253522,15112.095836171648,-71765.27727636357,294.7964245961785,64.0,0.9662038217358468,651
13200000,-86159.18976292585,15348.356008315342,-70810.8337546105,299.4052263651384,64.0,0.9662038217358468,651
13250000,-86583.69305882428,15395.295706257224,-71188.39735256706,300.3208938724718,64.0,0.9662038217358468,651
13300000,-86543.72662816022,15439.677562831435,-71104.04906532879,301.18666476069643,64.0,0.9662038217358468,651
13350000,-85909.49432835553,15202.054941159207,-70707.43938719633,296.55128525863734,64.0,0.9662038217358468,651
13400000,-86690.03906712506,15339.008790618274,-71351.03027650679,299.22288723846196,64.0,0.9662038217358468,651
13450000,-86350.02301487897,15454.548688314855,-70895.47432656412,301.47676050054343,64.0,0.9662038217358468,651
13500000,-86674.2293137071,15639.119850693853,-71035.10946301324,305.0772484370118,64.0,0.9662038217358468,651
13550000,-86306.20453343366,14932.72304519685,-71373.48148823681,291.29734293189733,64.0,0.9662038217358468,651
13600000,-86911.30426487897,15455.685863494873,-71455.6184013841,301.49894373580366,64.0,0.9662038217358468,651
13650000,-86517.89056858991,15261.246327346656,-71256.64424124325,297.70595031662253,64.0,0.9662038217358468,651
13700000,-86264.83917698835,15589.872730951989,-70674.96644603636,304.11656932413774,64.0,0.9662038217358468,651
13750000,-86755.80243382428,15162.621466034005,-71593.18096779028,295.7820440096183,64.0,0.9662038217358468,652
13800000,-86057.19720921491,15238.885807543527,-70818.31140167138,297.2697565972645,64.0,0.9662038217358468,652
13850000,-85765.03131566022,15470.434732216643,-70294.59658344358,301.78665457440286,64.0,0.9662038217358468,652
13900000,-86299.01617894147,15244.433918204391,-71054.58226073708,297.3779853435495,64.0,0.9662038217358468,652
13950000,-86103.85980687116,15668.845570587378,-70435.01423628378,305.65711743983957,64.0,0.9662038217358468,652
14000000,-86379.75592503522,15529.578137429431,-70850.17778760579,302.9403836523671,64.0,0.9662038217358468,652
14050000,-86118.68951878522,14892.28124188981,-71226.40827689541,290.5084319066906,64.0,0.9662038217358468,652
14100000,-86568.21185765241,15214.887470531045,-71353.32438712136,296.8016134605197,64.0,0.9662038217358468,652
14150000,-86100.61627659772,15397.392829156946,-70703.22344744077,300.36180311097047,64.0,0.9662038217358468,652
14200000,-86310.70892796491,15404.222238391638,-70906.48668957327,300.49502655306065,64.0,0.9662038217358468,652
14250000,-86666.29925999616,15454.18416929897,-71212.11509069719,301.46964971301634,64.0,0.9662038217358468,652
14300000,-86796.98004612897,15623.036298700143,-71173.94374742883,304.7635015104469,64.0,0.9662038217358468,652
14350000,-87006.22137913678,15648.042011684272,-71358.17936745251,305.25129584831467,64.0,0.9662038217358468,652
14400000,-85821.71527562116,15148.387519929616,-70673.32775569154,295.5043779290853,64.0,0.9662038217358468,652
14450000,-86328.48187718366,15411.715762136271,-70916.76611504739,300.64120508656737,64.0,0.9662038217358468,652
14500000,-86246.04523167585,15076.108278828207,-71169.93695284764,294.0944039532573,64.0,0.9662038217358468,652
14550000,-86640.34564671491,15403.686519830953,-71236.65912688395,300.48457612196285,64.0,0.9662038217358468,652
14600000,-86273.04840550397,15303.590507283807,-70969.45789822016,298.5319716033623,64.0,0.9662038217358468,652
14650000,-86351.6521652696,15348.880811767653,-71002.77135350194,299.41546387177107,64.0,0.9662038217358468,652
14700000,-86184.7341965196,15454.892684953753,-70729.84151156584,301.48347095158346,64.0,0.9662038217358468,652
14750000,-87012.58917698835,15471.9790702858,-71540.61010670254,301.8167804646891,64.0,0.9662038217358468,652
14800000,-86568.24701390241,15245.328568075318,-71322.91844582709,297.3954375610363,64.0,0.9662038217358468,652
14850000,-86204.30572972272,15494.804115800187,-70709.50161392253,302.2620358337545,64.0,0.9662038217358468,652
14900000,-86578.68744358991,15402.340623046737,-71176.34682054317,300.4583212884729,64.0,0.9662038217358468,652
14950000,-86179.66229710553,15459.918544498738,-70719.7437526068,301.58151198046824,64.0,0.9662038217358468,652
15000000,-86591.26825413678,15452.789313818328,-71138.47894031845,301.44243982677824,64.0,0.9662038217358468,652
15050000,-86188.84094700788,15275.290346937021,-70913.55060007086,297.97991144068374,64.0,0.9662038217358468,652
15100000,-86348.82379612897,15151.760196371935,-71197.06359975704,295.5701697932512,64.0,0.9662038217358468,652
15150000,-86512.38824925397,15420.637111358577,-71091.7511378954,300.8152366624534,64.0,0.9662038217358468,652
15200000,-85874.17352757428,15271.74315189966,-70602.43037567462,297.91071518718616,64.0,0.9662038217358468,652
15250000,-86255.70843968366,15082.006399606122,-71173.70204007754,294.2094604573991,64.0,0.9662038217358468,652
15300000,-86745.53217015241,15150.842746441253,-71594.68942371116,295.55227280780036,64.0,0.9662038217358468,652
15350000,-86461.33600316022,15184.125078837737,-71277.21092432248,296.20152177360035,64.0,0.9662038217358468,652
15400000,-86341.79193577741,15294.231676330906,-71047.5602594465,298.3494059332379,64.0,0.9662038217358468,652
15450000,-86128.75787816022,15367.606205391116,-70761.1516727691,299.7807460370774,64.0,0.9662038217358468,652
15500000,-86684.87518773053,15168.050150892232,-71516.8250368383,295.88794307906664,64.0,0.9662038217358468,652
15550000,-86737.54242405866,15378.45911055815,-71359.08331350051,299.992457084599,64.0,0.9662038217358468,652
15600000,-86402.90985569928,15569.54357179231,-70833.36628390697,303.72000199818314,64.0,0.9662038217358468,651
15650000,-86214.16071019147,15433.220123716397,-70780.94058647507,301.060697457167,64.0,0.9662038217358468,651
15700000,-86325.92743382428,15516.28347042622,-70809.64396339806,302.68104038580555,64.0,0.9662038217358468,651
15750000,-86474.24835667585,15188.599473459646,-71285.6488832162,296.2888052021249,64.0,0.9662038217358468,651
15800000,-86629.75116429303,15111.97134466283,-71517.7798196302,294.79399610101217,64.0,0.9662038217358468,651
15850000,-86687.72821507428,15605.351618390763,-71082.37659668352,304.4185208683276,64.0,0.9662038217358468,651
15900000,-85997.11566624616,16020.24023010279,-69976.87543614337,312.5118840036796,64.0,0.9662038217358468,651
15950000,-86595.15814671491,15338.419644869398,-71256.73850184551,299.2113945863363,64.0,0.9662038217358468,651
16000000,-86172.77875218366,15098.204973613494,-71074.57377857016,294.5254511546987,64.0,0.9662038217358468,651
16050000,-86184.04608616803,15441.234940124676,-70742.81114604336,301.2170450112435,64.0,0.9662038217358468,651
16100000,-85990.35516819928,15853.00188269047,-70137.35328550881,309.2495127610012,64.0,0.9662038217358468,651
16150000,-86070.41351780866,15254.57074566884,-70815.84277213982,297.57572763725005,64.0,0.9662038217358468,651
16200000,-86361.10406956647,15574.43980626762,-70786.66426329885,303.8155143899092,64.0,0.9662038217358468,651
16250000,-86282.9802902696,15530.6762107932,-70752.3040794764,302.9618041161527,64.0,0.9662038217358468,651
16300000,-86136.80609593366,15007.049916571472,-71129.75617936219,292.7472606779331,64.0,0.9662038217358468,651
16350000,-86612.84955296491,15335.304353711428,-71277.54519925348,299.1506236181727,64.0,0.9662038217358468,651
16400000,-86196.63275608991,15259.563085272443,-70937.06967081747,297.67311478205556,64.0,0.9662038217358468,651
16450000,-86189.78571019147,15291.129667941015,-70898.65604225046,298.2888940762248,64.0,0.9662038217358468,651
16500000,-86227.87225804303,15261.50767695764,-70966.36458108539,297.7110485459961,64.0,0.9662038217358468,651
16550000,-85802.18402562116,15542.426215148997,-70259.75781047216,303.19101516077745,64.0,0.9662038217358468,651
16600000,-86484.2097824571,15488.626362141222,-70995.58342031587,302.14152444271764,64.0,0.9662038217358468,651
16650000,-86519.07428441022,15453.248110903602,-71065.82617350662,301.45138972636994,64.0,0.9662038217358468,651
16700000,-85630.55695042585,15346.40376380086,-70284.15318662499,299.3671433150409,64.0,0.9662038217358468,651
16750000,-86251.59821019147,15562.757725081407,-70688.84048511006,303.58762834399784,64.0,0.9662038217358468,651
16800000,-86227.78168187116,15290.580572446343,-70937.20110942482,298.27818269705233,64.0,0.9662038217358468,651
16850000,-86773.56305394147,15589.842715182225,-71183.72033875925,304.1159837970405,64.0,0.9662038217358468,651
16900000,-86481.03839573835,15414.569030666957,-71066.46936507139,300.696864696616,64.0,0.9662038217358468,651
16950000,-87049.61163792585,15412.463221320788,-71637.14841660505,300.6557860088641,64.0,0.9662038217358468,651
17000000,-86466.87518773053,15342.173403117922,-71124.70178461261,299.2846203336092,64.0,0.9662038217358468,651
17050000,-86705.67841038678,15238.11517813499,-71467.56323225179,297.2547236860927,64.0,0.9662038217358468,651
17100000,-86989.78863987897,15476.271470894688,-71513.51716898428,301.9005136785432,64.0,0.9662038217358468,651
17150000,-86836.57526097272,15157.808046091697,-71678.76721488102,295.6881471071333,64.0,0.9662038217358468,651
17200000,-86528.13177952741,15455.45422299672,-71072.67755653069,301.49442505147374,64.0,0.9662038217358468,651
17250000,-86373.38812718366,15222.150130074471,-71151.23799710919,296.9432884531661,64.0,0.9662038217358468,651
17300000,-86465.7810715196,15677.763068787055,-70788.01800273254,305.8310738926113,64.0,0.9662038217358468,651
17350000,-86019.87567601178,15361.81252332218,-70658.0631526896,299.66772685180456,64.0,0.9662038217358468,651
17400000,-86633.76788792585,15378.797546225833,-71254.97034170001,299.9990590560178,64.0,0.9662038217358468,651
17450000,-86119.91425023053,15128.228052068036,-70991.6861981625,295.11112082485687,64.0,0.9662038217358468,651
17500000,-86532.60406956647,15192.723248439375,-71339.8808211271,296.3692489825933,64.0,0.9662038217358468,651
17550000,-86156.36737523053,15373.95391674689,-70782.41345848364,299.9045728465641,64.0,0.9662038217358468,651
17600000,-86274.8123215196,15412.632769780466,-70862.17955173913,300.65909344419606,64.0,0.9662038217358468,651
17650000,-87069.72821507428,15142.36009427323,-71927.36812080105,295.3867990338556,64.0,0.9662038217358468,651
17700000,-86770.64069066022,15632.607562531484,-71138.03312812874,304.9502111757994,64.0,0.9662038217358468,651
17750000,-86312.07928929303,15244.053847228992,-71068.02544206404,297.37057117903817,64.0,0.9662038217358468,651
17800000,-86202.8748215196,15492.357103024027,-70710.51771849557,302.21430118297053,64.0,0.9662038217358468,651
17850000,-86177.2957199571,15242.34492355748,-70934.95079639961,297.3372346654446,64.0,0.9662038217358468,651
17900000,-86218.56122288678,15517.643669170327,-70700.91755371646,302.7075742121424,64.0,0.9662038217358468,651
17950000,-86460.82233128522,14939.043327721942,-71521.77900356328,291.42063467852427,64.0,0.9662038217358468,651
18000000,-86458.92535862897,15524.174635855248,-70934.75072277372,302.83497584119135,64.0,0.9662038217358468,651
18050000,-86268.7273605821,15270.322999989847,-70998.40436059225,297.8830118355177,64.0,0.9662038217358468,651
18100000,-86238.59613499616,15390.05836342182,-70848.53777157434,300.21872737227227,64.0,0.9662038217358468,651
18150000,-86433.42084202741,15290.749580708332,-71142.67126131908,298.28147959457743,64.0,0.9662038217358468,651
18200000,-86594.06049046491,15181.21173355414,-71412.84875691077,296.1446902273656,64.0,0.9662038217358468,651
18250000,-86316.71222386335,15575.56793798611,-70741.14428587724,303.8375212115102,64.0,0.9662038217358468,651
18300000,-86787.15973362897,15485.219413706567,-71301.9403199224,302.07506402397706,64.0,0.9662038217358468,651
18350000,-85863.17181858991,15766.713172360556,-70096.45864622935,307.5662516459289,64.0,0.9662038217358468,651
18400000,-86268.86530003522,15547.304620738665,-70721.56067929656,303.2861797588024,64.0,0.9662038217358468,651
18450000,-86290.32098851178,15235.599657286657,-71054.72133122513,297.20565262671585,64.0,0.9662038217358468,651
18500000,-86643.22198948835,15494.650030749384,-71148.57195873896,302.2590300480215,64.0,0.9662038217358468,651
18550000,-86514.08319554303,15272.9387562396,-71241.14443930343,297.934038218516,64.0,0.9662038217358468,651
18600000,-86607.79925999616,15327.165749058826,-71280.63351093733,298.9918612877323,64.0,0.9662038217358468,651
18650000,-86570.11420140241,15243.7364583374,-71326.37774306501,297.3643797737253,64.0,0.9662038217358468,651
18700000,-86653.77142796491,15357.30009302753,-71296.47133493738,299.5797014494035,64.0,0.9662038217358468,651
18750000,-86229.99628148053,15298.563163033454,-70931.43311844708,298.43390161186113,64.0,0.9662038217358468,651
18800000,-86822.86920628522,15552.31689001061,-71270.55231627461,303.3839556779404,64.0,0.9662038217358468,651
18850000,-86650.97821507428,15578.031394962687,-71072.9468201116,303.8855766445034,64.0,0.9662038217358468,651
18900000,-86383.1287277696,15426.813221273012,-70956.31550649658,300.93571598844676,64.0,0.9662038217358468,651
18950000,-86811.41473851178,15292.626843045698,-71518.78789546608,298.3180999436729,64.0,0.9662038217358468,651
19000000,-86529.83874974225,15488.061782865669,-71041.77696687658,302.1305110165431,64.0,0.9662038217358468,651
19050000,-86341.98822483991,15316.800026551355,-71025.18819828855,298.7896538661618,64.0,0.9662038217358468,651
19100000,-86635.67670140241,15426.228783761151,-71209.44791764126,300.924315181387,64.0,0.9662038217358468,651
19150000,-86869.39130101178,15392.67101873015,-71476.72028228163,300.26969326422716,64.0,0.9662038217358468,651
19200000,-86463.83453831647,15707.94883090211,-70755.88570741436,306.4199170842969,64.0,0.9662038217358468,651
19250000,-86353.03607640241,15361.736286970321,-70991.29978943209,299.6662396852198,64.0,0.9662038217358468,651
19300000,-86344.56940159772,15238.790781467687,-71105.77862013003,297.26790289360196,64.0,0.9662038217358468,651
19350000,-86649.63818821881,15749.622354024323,-70900.01583419449,307.232855656811,64.0,0.9662038217358468,651
19400000,-86506.80011448835,15198.173651348101,-71308.62646314024,296.47557171290947,64.0,0.9662038217358468,651
19450000,-87037.81073460553,15481.025473852176,-71556.78526075336,301.9932515151464,64.0,0.9662038217358468,651
19500000,-86476.01874241803,15343.640072692884,-71132.37866972515,299.31323112005805,64.0,0.9662038217358468,651
19550000,-86386.20752415631,15535.675746990019,-70850.5317771663,303.05933164717413,64.0,0.9662038217358468,651
19600000,-86351.85443577741,15244.393604416866,-71107.46083136054,297.37719892976855,64.0,0.9662038217358468,651
19650000,-86607.37909398053,15234.49398033903,-71372.8851136415,297.18408383741934,64.0,0.9662038217358468,651
19700000,-86815.48505101178,15486.058675667795,-71329.42637534399,302.0914357720226,64.0,0.9662038217358468,651
19750000,-86264.05182347272,15591.50218919525,-70672.54963427747,304.1483556805339,64.0,0.9662038217358468,651
19800000,-86321.2283371446,15026.872450522147,-71294.35588662245,293.13394510598636,64.0,0.9662038217358468,651
19850000,-86751.29584202741,15449.60601439327,-71301.68982763414,301.3803421998773,64.0,0.9662038217358468,651
19900000,-86403.41315159772,15356.934443460777,-71046.47870813694,299.5725686078637,64.0,0.9662038217358468,651
19950000,-86824.60321507428,15357.721259779297,-71466.88195529499,299.587917282199,64.0,0.9662038217358468,651
20000000,-86244.38153538678,15420.759614371695,-70823.62192101509,300.8176263674064,64.0,0.9662038217358468,651
20050000,-87240.646855211,15183.462544964626,-72057.18431024638,296.18859751616554,64.0,0.9662038217358468,651
20100000,-86604.019902086,15586.771185091347,-71017.24871699465,304.0560664898287,64.0,0.9662038217358468,651
20150000,-86640.2224777696,15147.967423290014,-71492.25505447958,295.49618297130564,64.0,0.9662038217358468,651
20200000,-86458.6902512071,15226.16427446669,-71232.5259767404,297.021593635152,64.0,0.9662038217358468,651
20250000,-85928.30280003522,15278.932030974189,-70649.37076906103,298.05095092093217,64.0,0.9662038217358468,651
20300000,-86656.8865402696,15413.208107860293,-71243.6784324093,300.6703167457623,64.0,0.9662038217358468,651
20350000,-86800.2859543321,15420.044008238241,-71380.24194609385,300.80366681263325,64.0,0.9662038217358468,651
20400000,-86828.11041722272,15553.529506445862,-71274.58091077686,303.40761056958445,64.0,0.9662038217358468,651
20450000,-86398.38605198835,15434.5970848758,-70963.78896711254,301.0875582732312,64.0,0.9662038217358468,651
20500000,-86532.4841965196,15047.644328682683,-71484.83986783691,293.5391486912638,64.0,0.9662038217358468,651
20550000,-86149.06805882428,15669.485100768507,-70479.58295805578,305.6695929569923,64.0,0.9662038217358468,651
20600000,-86947.5798996446,15268.778026413172,-71678.80187323142,297.85287354818576,64.0,0.9662038217358468,651
20650000,-86314.37079319928,15504.852530044038,-70809.51826315525,302.45805342284746,64.0,0.9662038217358468,651
20700000,-86260.5593918321,15440.337358884863,-70820.22203294723,301.19953561061834,64.0,0.9662038217358468,651
20750000,-86224.14105687116,15628.462281105109,-70595.67877576605,304.8693478622863,64.0,0.9662038217358468,651
20800000,-86505.56641087506,15319.51315171714,-71186.05325915792,298.8425796553459,64.0,0.9662038217358468,651
20850000,-86599.91705784772,15401.215397168475,-71198.70166067925,300.4363711520146,64.0,0.9662038217358468,651
20900000,-86959.18793187116,15238.326946394518,-71720.86098547664,297.2588547163898,64.0,0.9662038217358468,651
20950000,-86379.80280003522,15472.88894888584,-70906.91385114938,301.83452975380266,64.0,0.9662038217358468,651
21000000,-86265.66351780866,15364.284836491104,-70901.37868131755,299.7159550453378,64.0,0.9662038217358468,651
21050000,-86636.23383030866,15490.088505846914,-71146.14532446174,302.1700469416058,64.0,0.9662038217358468,651
21100000,-86597.29633030866,15308.519921969739,-71288.77640833892,298.6281312519324,64.0,0.9662038217358468,651
21150000,-86360.53155980085,15465.068700568052,-70895.4628592328,301.68197770089546,64.0,0.9662038217358468,651
21200000,-86382.39386448835,15608.460733742802,-70773.93313074554,304.4791713630951,64.0,0.9662038217358468,651
21250000,-86421.38739476178,15990.937606765787,-70430.449787996,311.9402684789579,64.0,0.9662038217358468,651
21300000,-86354.75531468366,15271.860105637694,-71082.89520904596,297.9129966406781,64.0,0.9662038217358468,651
21350000,-86320.23968968366,15402.12435342907,-70918.11533625459,300.4541024487615,64.0,0.9662038217358468,651
21400000,-86260.72040257428,15523.996569846757,-70736.72383272753,302.8315022513455,64.0,0.9662038217358468,651
21450000,-86457.73236546491,15613.072534909472,-70844.65983055544,304.56913522446956,64.0,0.9662038217358468,651
21500000,-86480.40179905866,15395.898599122826,-71084.50319993583,300.3326546939436,64.0,0.9662038217358468,651
21550000,-87231.74676976178,15330.388541388907,-71901.35822837288,299.05472931520006,64.0,0.9662038217358468,651
21600000,-86822.96539769147,15048.390193644911,-71774.57520404656,293.553698514563,64.0,0.9662038217358468,651
21650000,-86686.60809788678,15496.986576436553,-71189.62152145023,302.3046097824243,64.0,0.9662038217358468,651
21700000,-86579.81403050397,15625.162207139656,-70954.65182336431,304.8049722775583,64.0,0.9662038217358468,651
21750000,-86377.47601780866,15339.309861950285,-71038.16615585837,299.2287603319884,64.0,0.9662038217358468,651
21800000,-86593.33893284772,15368.25312032085,-71225.08581252687,299.7933656108526,64.0,0.9662038217358468,651
21850000,-86649.24933323835,15641.683591846842,-71007.5657413915,305.1272601450955,64.0,0.9662038217358468,651
21900000,-86348.0916183946,15998.218933048338,-70349.87268534626,312.08230760957775,64.0,0.9662038217358468,651
21950000,-86290.28754124616,15462.964801549446,-70827.32273969671,301.6409362785064,64.0,0.9662038217358468,651
22000000,-86841.61847386335,15339.032302998472,-71502.58617086487,299.2233459018857,64.0,0.9662038217358468,651
22050000,-87015.54779515241,15212.657495587599,-71802.89029956481,296.75811263526066,64.0,0.9662038217358468,651
22100000,-86525.3445480821,15396.538978721364,-71128.80556936073,300.34514678094996,64.0,0.9662038217358468,651
22150000,-86838.60834202741,15689.211710319738,-71149.39663170767,306.0544061575008,64.0,0.9662038217358468,651
22200000,-86186.05951390241,15616.466972868075,-70569.59254103433,304.63535159740405,64.0,0.9662038217358468,651
22250000,-86187.25092015241,15549.10911870515,-70638.14180144726,303.32138067034225,64.0,0.9662038217358468,651
22300000,-86402.46991429303,15026.685482371715,-71375.78443192132,293.13029785924715,64.0,0.9662038217358468,651
22350000,-86649.95026097272,15474.620348994038,-71175.32991197868,301.86830472234277,64.0,0.9662038217358468,651
22400000,-86485.18597874616,14889.898221252486,-71595.28775749367,290.4619455707622,64.0,0.9662038217358468,651
22450000,-86515.35028538678,15259.137054463237,-71256.21323092355,297.664804064556,64.0,0.9662038217358468,651
22500000,-86486.37805638288,15274.630989939207,-71211.74706644367,297.9670491555583,64.0,0.9662038217358468,651
22550000,-86685.9548996446,15551.257842906518,-71134.69705673808,303.36329651172343,64.0,0.9662038217358468,651
22600000,-86510.45721898053,15559.663953871932,-70950.7932651086,303.52727717226367,64.0,0.9662038217358468,651
22650000,-86127.5681808946,15350.97090668534,-70776.59727420926,299.45623601320534,64.0,0.9662038217358468,651
22700000,-86776.66620335553,15776.346153235063,-71000.32005012047,307.75416524512747,64.0,0.9662038217358468,651
22750000,-86346.08221898053,15049.430749337189,-71296.65146964334,293.5739969629716,64.0,0.9662038217358468,651
22800000,-86572.69159398053,15526.974223522935,-71045.7173704576,302.88958828169757,64.0,0.9662038217358468,651
22850000,-85559.29254612897,15133.234308832558,-70426.05823729641,295.2087794561143,64.0,0.9662038217358468,651
22900000,-86509.10602269147,15190.146596803563,-71318.95942588791,296.31898542564517,64.0,0.9662038217358468,651
22950000,-86308.1638840196,15475.917470597778,-70832.24641342182,301.8936080829881,64.0,0.9662038217358468,651
23000000,-86542.43109593366,15319.822611474898,-71222.60848445876,298.8486163845417,64.0,0.9662038217358468,651
23050000,-86539.70941624616,15428.018852503039,-71111.69056374312,300.9592346174871,64.0,0.9662038217358468,651
23100000,-86445.80243382428,15486.017714932445,-70959.78471889184,302.09063673802615,64.0,0.9662038217358468,651
23150000,-86642.98090062116,15096.655585396918,-71546.32531522424,294.4952267495924,64.0,0.9662038217358468,651
23200000,-86166.33551487897,15624.351959310938,-70541.98355556803,304.78916651735585,64.0,0.9662038217358468,651
23250000,-85356.06976780866,15504.982209948823,-69851.08755785984,302.46058312969205,64.0,0.9662038217358468,651
23300000,-86357.89246067975,15604.493868510857,-70753.3985921689,304.4017884706155,64.0,0.9662038217358468,651
23350000,-86298.79633030866,15560.035858729854,-70738.7604715788,303.5345320377433,64.0,0.9662038217358468,651
23400000,-86598.50800023053,15480.417020918452,-71118.09097931208,301.9813822316704,64.0,0.9662038217358468,651
23450000,-86360.08722386335,15461.721865144558,-70898.36535871879,301.6166899256422,64.0,0.9662038217358468,651
23500000,-86283.4431808946,15519.388509127544,-70764.05467176705,302.74161135606056,64.0,0.9662038217358468,651
23550000,-86793.21442112897,15211.368435570446,-71581.84598555852,296.7329665345301,64.0,0.9662038217358468,651
23600000,-86165.54803929303,15409.919871986727,-70755.6281673063,300.6061720904302,64.0,0.9662038217358468,651
23650000,-86186.34222874616,15446.62632831093,-70739.71590043523,301.32221652273654,64.0,0.9662038217358468,651
23700000,-86315.61938939069,15430.814125851728,-70884.80526353896,301.01376289721054,64.0,0.9662038217358468,651
23750000,-86533.30792698835,15254.563975647092,-71278.74395134125,297.5755955722984,64.0,0.9662038217358468,651
23800000,-86552.26862034772,15151.38292648585,-71400.88569386187,295.5628102704735,64.0,0.9662038217358468,651
23850000,-86360.75409398053,15835.344450269826,-70525.40964371071,308.90506365205,64.0,0.9662038217358468,651
23900000,-85957.66235814069,15646.44844922144,-70311.21390891925,305.22020972224016,64.0,0.9662038217358468,651
23950000,-86274.48151097272,15541.902196170297,-70732.57931480242,303.18079295711914,64.0,0.9662038217358468,651
24000000,-86748.27484593366,15632.63797893026,-71115.6368670034,304.9508045180932,64.0,0.9662038217358468,651
24050000,-86662.71478733991,15309.535537837539,-71353.17924950237,298.64794319131113,64.0,0.9662038217358468,651
24100000,-86113.38190159772,15342.882806165377,-70770.49909543234,299.2984588828253,64.0,0.9662038217358468,651
24150000,-86679.34418187116,15703.868771924172,-70975.47540994699,306.3403260856772,64.0,0.9662038217358468,651
24200000,-86447.49847874616,15355.53813233116,-71091.960346415,299.5453303258214,64.0,0.9662038217358468,651
24250000,-86217.95538792585,15653.381899786415,-70564.57348813943,305.35546273140756,64.0,0.9662038217358468,651
24300000,-86148.9129074571,15135.669864387019,-71013.24304307008,295.2562906072573,64.0,0.9662038217358468,651
24350000,-86435.73761448835,15306.5995068755,-71129.13810761285,298.5906691083847,64.0,0.9662038217358468,651
24400000,-86801.67743382428,15224.280437795445,-71577.39699602884,296.9848450384499,64.0,0.9662038217358468,651
24450000,-86736.51007542585,15394.42735166158,-71342.08272376427,300.30395460522175,64.0,0.9662038217358468,651
24500000,-86524.56146702741,15318.414768456016,-71206.14669857139,298.82115314629476,64.0,0.9662038217358468,651
24550000,-86843.48151097272,15435.086028357036,-71408.39548261568,301.09709624808664,64.0,0.9662038217358468,651
24600000,-86848.47919163678,15210.465464886278,-71638.0137267505,296.71535200031235,64.0,0.9662038217358468,651
24650000,-87043.89105687116,15255.864548753481,-71788.02650811768,297.6009662624956,64.0,0.9662038217358468,651
24700000,-86587.47845921491,15185.570343217114,-71401.9081159978,296.229715002141,64.0,0.9662038217358468,651
24750000,-86095.5271652696,15260.702278142096,-70834.8248871275,297.69533737702454,64.0,0.9662038217358468,651
24800000,-86018.62714085553,15124.685818494298,-70893.94132236124,295.04202135619664,64.0,0.9662038217358468,651
24850000,-85940.19586644147,15144.068169007078,-70796.1276974344,295.42011898695415,64.0,0.9662038217358468,651
24900000,-86028.39154515241,15531.94369682204,-70496.44784833037,302.986529366282,64.0,0.9662038217358468,651
24950000,-86493.36224827741,15637.729643904604,-70855.6326043728,305.0501292342643,64.0,0.9662038217358468,651
25000000,-86277.22028050397,15589.085643431637,-70688.13463707233,304.1012153593826,64.0,0.9662038217358468,651
25050000,-86528.38885960553,15377.307404761203,-71151.08145484433,299.9699903960068,64.0,0.9662038217358468,651
25100000,-86224.51019749616,15469.773786164704,-70754.73641133145,301.7737612910969,64.0,0.9662038217358468,651
25150000,-86335.59894261335,15593.22382942005,-70742.3751131933,304.1819402599473,64.0,0.9662038217358468,651
25200000,-86502.60467991803,15567.782107005827,-70934.8225729122,303.6856405484718,64.0,0.9662038217358468,651
25250000,-87280.1043137071,15619.738243213389,-71660.3660704937,304.6991653008202,64.0,0.9662038217358468,651
25300000,-86142.77496800397,15166.361861271085,-70976.41310673289,295.855009080408,64.0,0.9662038217358468,651
25350000,-86445.03827366803,15221.50229262095,-71223.53598104708,296.9306508834281,64.0,0.9662038217358468,651
25400000,-86323.80597386335,15067.759518570965,-71256.04645529238,293.9315420510879,64.0,0.9662038217358468,651
25450000,-86045.19305882428,15696.170231205644,-70349.02282761864,306.19014822133374,64.0,0.9662038217358468,651
25500000,-86358.05878148053,15396.296095973346,-70961.76268550719,300.3404087905026,64.0,0.9662038217358468,651
25550000,-86275.79779515241,15063.919623228256,-71211.87817192415,293.85663600032393,64.0,0.9662038217358468,651
25600000,-86573.00641331647,15694.376429356169,-70878.6299839603,306.1551559623253,64.0,0.9662038217358468,651
25650000,-86041.97198948835,15523.094361236319,-70518.87762825203,302.8139025831406,64.0,0.9662038217358468,651
25700000,-86504.89935765241,15524.389270647429,-70980.51008700498,302.83916278984583,64.0,0.9662038217358468,651
25750000,-86572.46735081647,15456.441295440949,-71116.02605537552,301.51368018527717,64.0,0.9662038217358468,651
25800000,-86317.63019261335,15287.94363730977,-71029.68655530358,298.22674317082243,64.0,0.9662038217358468,651
25850000,-86306.06976780866,15352.576400041115,-70953.49336776754,299.4875548789753,64.0,0.9662038217358468,651
25900000,-86234.48798069928,15425.243606450153,-70809.24437424913,300.90509701654577,64.0,0.9662038217358468,651
25950000,-86661.31476292585,15003.030491879443,-71658.2842710464,292.6688524914718,64.0,0.9662038217358468,651
26000000,-86372.4558762071,15480.7233391474,-70891.7325370597,301.9873576780718,64.0,0.9662038217358468,651
26050000,-86449.26007542585,15373.477689959109,-71075.78238546674,299.8952829402628,64.0,0.9662038217358468,651
26100000,-86534.87250218366,15374.942130730953,-71159.9303714527,299.9238502487455,64.0,0.9662038217358468,651
26150000,-86384.71149144147,15281.112632767996,-71103.59885867347,298.0934886085733,64.0,0.9662038217358468,651
26200000,-86338.74030003522,15075.363420688082,-71263.37687934714,294.07987377035477,64.0,0.9662038217358468,651
26250000,-86305.8465012071,15357.381499373005,-70948.46500183409,299.5812894686859,64.0,0.9662038217358468,651
26300000,-86465.59778294538,15709.323544583283,-70756.2742383621,306.4467340580937,64.0,0.9662038217358468,651
26350000,-86244.23456273053,15730.79250616976,-70513.44205656077,306.86553586984087,64.0,0.9662038217358468,651
26400000,-87039.36725316022,15498.58372651646,-71540.78352664376,302.33576589327777,64.0,0.9662038217358468,651
26450000,-85619.1013840196,15298.126617837697,-70320.9747661819,298.4253857869035,64.0,0.9662038217358468,651
26500000,-86519.29816136335,15146.223017837852,-71373.0751435255,295.4621543034148,64.0,0.9662038217358468,651
26550000,-86479.86066136335,15117.771175362635,-71362.08948600071,294.90713522956855,64.0,0.9662038217358468,651
26600000,-86899.20416722272,15453.200678504538,-71446.00348871818,301.4504644475863,64.0,0.9662038217358468,651
26650000,-85639.92194066022,15472.460368450498,-70167.46157220972,301.82616929994106,64.0,0.9662038217358468,651
26700000,-86837.02801976178,15440.43348783371,-71396.59453192807,301.2014108283729,64.0,0.9662038217358468,651
26750000,-86507.58075413678,15631.006855404004,-70876.57389873278,304.9189856764959,64.0,0.9662038217358468,651
26800000,-87352.32660374616,15587.172891287133,-71765.15371245902,304.06390269941465,64.0,0.9662038217358468,651
26850000,-86326.88507542585,14958.397258429672,-71368.48781699617,291.7981779151721,64.0,0.9662038217358468,651
26900000,-86416.67682347272,15381.989231158048,-71034.68759231467,300.0613202616543,64.0,0.9662038217358468,651
26950000,-86308.50824437116,14956.199744417565,-71352.3084999536,291.75531031554914,64.0,0.9662038217358468,651
27000000,-86603.96576390241,15388.145754827652,-71215.82000907476,300.18141751258605,64.0,0.9662038217358468,651
27050000,-86479.6131027696,15100.921895287,-71378.6912074826,294.5784510035575,64.0,0.9662038217358468,651
27100000,-86090.19330296491,15221.004103181185,-70869.18919978372,296.92093254474054,64.0,0.9662038217358468,651
27150000,-86186.16241917585,15591.20115086832,-70594.96126830752,304.1424832308481,64.0,0.9662038217358468,651
27200000,-86560.65326390241,15056.546446030377,-71504.10681787203,293.7128051049,64.0,0.9662038217358468,651
27250000,-86716.46246800397,15292.465306411032,-71423.99716159294,298.31494879754086,64.0,0.9662038217358468,651
27300000,-86076.38824925397,15430.806302492972,-70645.581946761,301.0136102844814,64.0,0.9662038217358468,651
27350000,-86776.79755101178,15463.5484238934,-71313.24912711838,301.6523211838284,64.0,0.9662038217358468,651
27400000,-86792.99847874616,15641.026410783874,-71151.97206796228,305.11444030661806,64.0,0.9662038217358468,651
27450000,-86322.61322483991,15679.886799572036,-70642.72642526787,305.8725021795283,64.0,0.9662038217358468,651
27500000,-85992.0935715196,15469.368498196127,-70522.72507332347,301.7658552107382,64.0,0.9662038217358468,651
27550000,-85829.31268773053,15174.967951619998,-70654.34473611054,296.0228908019187,64.0,0.9662038217358468,651
27600000,-86516.40424046491,15400.654781129677,-71115.74945933523,300.4254350379507,64.0,0.9662038217358468,651
27650000,-86459.41901097272,15193.373853993602,-71266.04515697912,296.3819405505457,64.0,0.9662038217358468,651
27700000,-86330.45679173444,15471.767496807966,-70858.68929492647,301.81265323406,64.0,0.9662038217358468,651
27750000,-86435.03143773053,15511.673762748716,-70923.35767498182,302.5911173627852,64.0,0.9662038217358468,651
27800000,-86235.92413792585,15440.30296372145,-70795.6211742044,301.1988646533066,64.0,0.9662038217358468,651
27850000,-86162.9754074571,15238.923632889055,-70924.05177456804,297.2704944682218,64.0,0.9662038217358468,651
27900000,-86688.25262913678,15524.297969819978,-71163.9546593168,302.83738175577975,64.0,0.9662038217358468,651
27950000,-87014.95148167585,15250.292609401979,-71764.65887227387,297.4922726824193,64.0,0.9662038217358468,651
28000000,-86124.98505101178,15086.807998502627,-71038.17705250916,294.3031267630115,64.0,0.9662038217358468,651
28050000,-86290.5134933946,15222.998859693762,-71067.51463370083,296.95984488980656,64.0,0.9662038217358468,651
28100000,-86874.5935715196,15357.302571885288,-71517.29099963431,299.5797498052644,64.0,0.9662038217358468,651
28150000,-85868.30133519147,15538.602040122874,-70329.6992950686,303.11641577119224,64.0,0.9662038217358468,651
28200000,-86418.55243382428,15411.059067127877,-71007.4933666964,300.62839472970995,64.0,0.9662038217358468,651
28250000,-86845.53485569928,15279.877196695423,-71565.65765900386,298.06938856705955,64.0,0.9662038217358468,651
28300000,-86610.82245335553,15559.129568974022,-71051.69288438151,303.51685275734667,64.0,0.9662038217358468,651
28350000,-85649.8904465196,15517.98621139268,-70131.90423512692,302.7142562914197,64.0,0.9662038217358468,651
28400000,-86559.68207249616,15376.349275984801,-71183.33279651136,299.95129987546966,64.0,0.9662038217358468,651
28450000,-86949.01074681256,15194.80029605655,-71754.21045075601,296.40976660621726,64.0,0.9662038217358468,651
28500000,-86650.49445042585,15303.059016562067,-71347.43543386378,298.52160364605356,64.0,0.9662038217358468,651
28550000,-86666.85101780866,14985.121322864667,-71681.72969494399,292.3194926773018,64.0,0.9662038217358468,651
28600000,-86498.63031468366,15002.441828536917,-71496.18848614674,292.6573692497991,64.0,0.9662038217358468,651
28650000,-86797.43451390241,15456.495309831225,-71340.93920407118,301.5147338610415,64.0,0.9662038217358468,651
28700000,-86205.40277562116,15601.851269800856,-70603.5515058203,304.3502384632706,64.0,0.9662038217358468,651
28750000,-86375.29437718366,15362.31764013227,-71012.97673705139,299.67758032489206,64.0,0.9662038217358468,651
28800000,-86365.53082737897,15414.40393369249,-70951.12689368648,300.69364409781144,64.0,0.9662038217358468,651
28850000,-86439.3445480821,15175.420251793694,-71263.9242962884,296.0317139642051,64.0,0.9662038217358468,651
28900000,-86285.63507542585,15209.24541059346,-71076.38966483239,296.6915520160325,64.0,0.9662038217358468,651
28950000,-86321.81219944928,15064.593648237642,-71257.21855121164,293.869784418982,64.0,0.9662038217358468,651
29000000,-86526.42523655866,15426.235465156904,-71100.18977140175,300.9244455174834,64.0,0.9662038217358468,651
29050000,-86986.02667698835,15449.441280401312,-71536.58539658703,301.3771286818871,64.0,0.9662038217358468,651
29100000,-86428.5896652696,15268.902500311378,-71159.68716495822,297.8553016998164,64.0,0.9662038217358468,651
29150000,-86702.6824387071,15503.518695894163,-71199.16374281293,302.432033898974,64.0,0.9662038217358468,651
29200000,-86350.35773167585,15368.241074005375,-70982.11665767047,299.79313061957345,64.0,0.9662038217358468,651
29250000,-86422.60638890241,15156.9395324965,-71265.66685640591,295.67120473822877,64.0,0.9662038217358468,651
29300000,-86285.7586105821,15750.469899255782,-70535.28871132631,307.2493889892241,64.0,0.9662038217358468,651
29350000,-86294.25030980085,15631.527425190201,-70662.72288461064,304.9291405956671,64.0,0.9662038217358468,651
29400000,-86082.94440159772,15532.584668412921,-70550.3597331848,302.99903300146985,64.0,0.9662038217358468,651
29450000,-86145.24664769147,15111.577208363335,-71033.66943932814,294.78630755978304,64.0,0.9662038217358468,651
29500000,-85947.98566136335,15471.401043185033,-70476.58461817831,301.8055047075424,64.0,0.9662038217358468,651
29550000,-85981.65680394147,15273.940194182564,-70707.7166097589,297.95357358463866,64.0,0.9662038217358468,651
29600000,-86202.67523655866,15476.280000981875,-70726.39523557678,301.9006800776471,64.0,0.9662038217358468,651
29650000,-86725.91034398053,15049.898499525152,-71676.01184445538,293.5831215135641,64.0,0.9662038217358468,651
29700000,-86376.47546849225,15321.354577389546,-71055.1208911027,298.87850092730383,64.0,0.9662038217358468,651
29750000,-86164.11810765241,15280.91422760929,-70883.20388004312,298.08961825650294,64.0,0.9662038217358468,651
29800000,-86447.49506077741,15637.639709274576,-70809.85535150283,305.04837485104264,64.0,0.9662038217358468,651
29850000,-86498.64850316022,15186.557002611924,-71312.0915005483,296.24896207845904,64.0,0.9662038217358468,651
29900000,-85989.37616429303,15269.374775034958,-70720.00138925808,297.86451451195364,64.0,0.9662038217358468,651
29950000,-86237.48773655866,15374.852546947426,-70862.63518961123,299.9221027095973,64.0,0.9662038217358468,651
30000000,-86680.53143773053,15462.428159313742,-71218.10327841679,301.63046782898834,64.0,0.9662038217358468,651
30050000,-86246.1834152696,15417.548090720782,-70828.63532454881,300.75497816162084,64.0,0.9662038217358468,651
30100000,-86581.33490452741,15241.988347598817,-71339.34655692859,297.33027882564244,64.0,0.9662038217358468,651
30150000,-86727.79120335553,15707.555794070475,-71020.23540928506,306.4122499907344,64.0,0.9662038217358468,651
30200000,-86191.36969456647,15769.185422647512,-70422.18427191896,307.6144786128038,64.0,0.9662038217358468,651
30250000,-85910.27679905866,15403.59341532085,-70506.6833837378,300.48275990288977,64.0,0.9662038217358468,651
30300000,-86825.47601780866,15499.142047116417,-71326.33397069224,302.3466572294915,64.0,0.9662038217358468,651
30350000,-86507.55023655866,15543.756220153533,-70963.79401640513,303.2169599883038,64.0,0.9662038217358468,651
30400000,-86453.3377121446,15684.611859561643,-70768.72585258295,305.9646754165193,64.0,0.9662038217358468,651
30450000,-86173.08429417585,15227.68499714462,-70945.39929703122,297.05125885254574,64.0,0.9662038217358468,651
30500000,-86483.41595921491,15366.909600528656,-71116.50635868625,299.7671571460965,64.0,0.9662038217358468,651
30550000,-86072.8552902696,15388.047168889898,-70684.8081213797,300.1794943655732,64.0,0.9662038217358468,651
30600000,-86497.4324387071,15494.28424783377,-71003.14819087333,302.2518946052033,64.0,0.9662038217358468,651
30650000,-86425.7312668321,15518.759994389955,-70906.97127244214,302.7293507206427,64.0,0.9662038217358468,651
30700000,-86736.38190159772,15697.629081268795,-71038.75282032893,306.21860647009686,64.0,0.9662038217358468,651
30750000,-86427.7068527696,15142.87592974957,-71284.83092302002,295.39686159934973,64.0,0.9662038217358468,651
30800000,-86543.29425511335,15162.999875181587,-71380.29437993176,295.7894257563297,64.0,0.9662038217358468,651
30850000,-86690.95007786725,15391.28410262108,-71299.66597524617,300.2426382538169,64.0,0.9662038217358468,651
30900000,-86179.22290501569,15891.125481040217,-70288.09742397547,309.9932018302133,64.0,0.9662038217358468,651
30950000,-86330.63666233991,15232.955048596486,-71097.68161374342,297.15406341005325,64.0,0.9662038217358468,651
31000000,-86943.84369358991,15201.28580828337,-71742.55788530654,296.5362815408013,64.0,0.9662038217358468,651
31050000,-86085.97174534772,15555.552900593262,-70530.41884475446,303.44708155803426,64.0,0.9662038217358468,651
31100000,-86232.71429905866,15628.236462419154,-70604.4778366395,304.86494274588495,64.0,0.9662038217358468,651
31150000,-86711.95990452741,15352.465599047806,-71359.4943054796,299.48539344901724,64.0,0.9662038217358468,651
31200000,-86309.65936741803,15501.305975231808,-70808.35339218623,302.38886965842363,64.0,0.9662038217358468,651
31250000,-86296.8035324571,14985.704925507074,-71311.09860695002,292.3308771982995,64.0,0.9662038217358468,651
31300000,-85784.98602757428,15705.921551814303,-70079.06447575998,306.38037031108803,64.0,0.9662038217358468,651
31350000,-86066.67047581647,15530.444133268436,-70536.22634254803,302.9572769066067,64.0,0.9662038217358468,651
31400000,-86611.37396702741,15091.84230309166,-71519.53166393575,294.40133253203675,64.0,0.9662038217358468,651
31450000,-86372.99457249616,15191.5829363144,-71181.41163618176,296.3470045539574,64.0,0.9662038217358468,651
31500000,-86679.79938206647,15266.323408481781,-71413.47597358469,297.80499054123766,64.0,0.9662038217358468,651
31550000,-86658.37140355085,15237.51711164182,-71420.85429190903,297.24305701419166,64.0,0.9662038217358468,651
31600000,-86279.93561253522,15521.837725887075,-70758.09788664815,302.7893890006439,64.0,0.9662038217358468,651
31650000,-86576.09918675397,15275.022260823054,-71301.07692593092,297.9746818002197,64.0,0.9662038217358468,651
31700000,-86638.84857640241,15724.076960863313,-70914.7716155391,306.7345336073476,64.0,0.9662038217358468,651
31750000,-87030.20831761335,15286.744128979743,-71743.4641886336,298.2033439831254,64.0,0.9662038217358468,651
31800000,-86159.64557347272,15548.965735354228,-70610.67983811849,303.3185836460475,64.0,0.9662038217358468,651
31850000,-87106.95709691022,15295.57103781798,-71811.38605909224,298.3755332806232,64.0,0.9662038217358468,651
31900000,-86300.11285862897,16020.262640822213,-70279.85021780676,312.5123211766587,64.0,0.9662038217358468,651
31950000,-86757.96844944928,15580.11558839737,-71177.85286105191,303.9262336638455,64.0,0.9662038217358468,651
32000000,-86200.9793137071,15393.889393308666,-70807.08992039843,300.2934604817898,64.0,0.9662038217358468,651
32050000,-86909.67609105085,15348.076803904027,-71561.59928714682,299.39977983653773,64.0,0.9662038217358468,651
32100000,-87012.24420628522,15496.92351394589,-71515.32069233933,302.30337960250915,64.0,0.9662038217358468,651
32150000,-86373.08881077741,15677.704826374538,-70695.38398440287,305.8299377394824,64.0,0.9662038217358468,651
32200000,-86363.90106663678,15592.702023496851,-70771.19904313993,304.1717612270613,64.0,0.9662038217358468,651
32250000,-86314.56488499616,15384.30933262594,-70930.25555237022,300.1065792134801,64.0,0.9662038217358468,651
32300000,-86233.3894699571,15488.235951886512,-70745.15351807058,302.1339085866205,64.0,0.9662038217358468,651
32350000,-87131.54730687116,15486.117095346097,-71645.43021152506,302.09257538313125,64.0,0.9662038217358468,651
32400000,-86195.1673630235,15543.4321940206,-70651.7351690029,303.2106391082287,64.0,0.9662038217358468,651
32450000,-85989.68195042585,15424.526290903683,-70565.15565952216,300.8911041157133,64.0,0.9662038217358468,651
32500000,-86124.51459202741,15221.005126030417,-70903.50946599699,296.92095249778345,64.0,0.9662038217358468,651
32550000,-86869.9285324571,15160.306770885596,-71709.6217615715,295.7368905205736,64.0,0.9662038217358468,651
32600000,-86538.326542711,15374.677758087404,-71163.6487846236,299.9186930481213,64.0,0.9662038217358468,651
32650000,-86126.63568577741,15046.664045946673,-71079.97163983074,293.52002600644215,64.0,0.9662038217358468,651
32700000,-86124.98541722272,15474.530501270085,-70650.45491595264,301.86655203442535,64.0,0.9662038217358468,651
32750000,-86402.63373265241,15377.922357360134,-71024.71137529227,299.9819864705041,64.0,0.9662038217358468,651
32800000,-86536.11688694928,15281.1970863163,-71254.91980063298,298.0951360706034,64.0,0.9662038217358468,651
32850000,-86398.9636887071,15185.411793225328,-71213.55189548177,296.2266221173946,64.0,0.9662038217358468,651
32900000,-86279.9343918321,15385.639212298207,-70894.29517953389,300.13252159611034,64.0,0.9662038217358468,651
32950000,-86159.64850316022,15569.911444070167,-70589.73705909005,303.7271781988502,64.0,0.9662038217358468,651
33000000,-85912.69379124616,15451.96230204479,-70460.73148920137,301.42630704701156,64.0,0.9662038217358468,651
33050000,-86700.38080296491,15365.987897086889,-71334.39290587802,299.74917718606207,64.0,0.9662038217358468,651
33100000,-86771.66132054303,15335.980396435596,-71435.68092410744,299.1638113970301,64.0,0.9662038217358468,651
33150000,-86113.45245823835,15250.728761162609,-70862.72369707574,297.50078083251367,64.0,0.9662038217358468,651
33200000,-86715.61127171491,15548.990241400432,-71166.62103031448,303.31906169322775,64.0,0.9662038217358468,651
33250000,-86533.75580296491,15593.938032029662,-70939.81777093525,304.19587243573767,64.0,0.9662038217358468,651
33300000,-86808.65436253522,15569.314050904126,-71239.3403116311,303.71552466175405,64.0,0.9662038217358468,651
33350000,-86253.76532444928,15682.795095987793,-70570.97022846149,305.9292352359042,64.0,0.9662038217358468,651
33400000,-86833.51532444928,15170.550772395916,-71662.96455205337,295.9367234922235,64.0,0.9662038217358468,651
33450000,-86703.91168675397,15619.559238778427,-71084.35244797554,304.69567340479296,64.0,0.9662038217358468,651
33500000,-86380.93317112897,15549.35173126799,-70831.58143986098,303.3261133902021,64.0,0.9662038217358468,651
33550000,-86206.49860081647,15702.719418991124,-70503.77918182535,306.31790529514393,64.0,0.9662038217358468,651
33600000,-86383.79364476178,15212.369042019709,-71171.42460274207,296.75248568044265,64.0,0.9662038217358468,651
33650000,-86430.32660374616,14892.781786331441,-71537.54481741472,290.51819618514304,64.0,0.9662038217358468,651
33700000,-86346.78412327741,15198.540006680763,-71148.24411659664,296.4827183220477,64.0,0.9662038217358468,651
33750000,-86142.88641819928,15331.380107911304,-70811.50631028798,299.0740721164052,64.0,0.9662038217358468,651
33800000,-86821.91840062116,15330.897597854491,-71491.02080276667,299.06465964039114,64.0,0.9662038217358468,651
33850000,-86784.36566624616,15486.061959735584,-71298.30370651057,302.09149983536975,64.0,0.9662038217358468,651
33900000,-86328.06476292585,15926.674955849536,-70401.38980707631,310.686676658832,64.0,0.9662038217358468,651
33950000,-86785.59479222272,15156.5777298545,-71629.01706236822,295.6641469398646,64.0,0.9662038217358468,651
34000000,-86311.26202855085,15198.965000963886,-71112.29702758696,296.49100881970577,64.0,0.9662038217358468,651
34050000,-86974.25189671491,15524.498013546923,-71449.75388316798,302.84128407191815,64.0,0.9662038217358468,651
34100000,-86098.2234543321,15679.761925935512,-70418.46152839658,305.87006623007613,64.0,0.9662038217358468,651
34150000,-86594.764042711,15739.54263749905,-70855.22140521195,307.0362274442317,64.0,0.9662038217358468,651
34200000,-86152.47113499616,15380.541157525033,-70771.92997747113,300.03307223211607,64.0,0.9662038217358468,651
34250000,-87076.8259933946,15589.72826597793,-71487.09772741667,304.11375120027895,64.0,0.9662038217358468,651
34300000,-86302.3865402696,15136.192410709336,-71166.19412956026,295.2664840833427,64.0,0.9662038217358468,651
34350000,-86214.27936253522,15182.87957598688,-71031.39978654834,296.17722535626444,64.0,0.9662038217358468,651
34400000,-86767.00555882428,15195.44384396961,-71571.56171485467,296.4223204985352,64.0,0.9662038217358468,651
34450000,-86722.77545628522,15468.974632037804,-71253.80082424742,301.75817193923825,64.0,0.9662038217358468,651
34500000,-85884.65326390241,15602.753544219013,-70281.8997196834,304.36783941520747,64.0,0.9662038217358468,651
34550000,-86305.17804417585,15632.555717015639,-70672.6223271602,304.9491998089534,64.0,0.9662038217358468,651
34600000,-86045.57709202741,15514.333814784652,-70531.24327724276,302.64300783766936,64.0,0.9662038217358468,651
34650000,-86448.64716038678,15305.494920262136,-71143.15224012465,298.5691215885829,64.0,0.9662038217358468,651
34700000,-86737.23444066022,15191.155850230949,-71546.07859042927,296.33867325088994,64.0,0.9662038217358468,651
34750000,-86662.34857640241,15599.681068869308,-71062.6675075331,304.3079036685333,64.0,0.9662038217358468,651
34800000,-86582.56531224225,15417.365288668312,-71165.20002357394,300.75141218426995,64.0,0.9662038217358468,651
34850000,-85906.56403050397,15580.76132237271,-70325.80270813126,303.93883020037055,64.0,0.9662038217358468,651
34900000,-86282.70856175397,15711.31891557289,-70571.38964618108,306.4856583899571,64.0,0.9662038217358468,651
34950000,-86358.19403538678,15368.004754385911,-70990.18928100087,299.78852065814687,64.0,0.9662038217358468,651
35000000,-86484.31769261335,15127.431899132207,-71356.88579348114,295.09559001817996,64.0,0.9662038217358468,651
35050000,-86524.25397191022,15589.12909011473,-70935.12488179549,304.1020628875465,64.0,0.9662038217358468,651
35100000,-86207.23700413678,15295.684771419968,-70911.55223271681,298.3777519179046,64.0,0.9662038217358468,651
35150000,-86512.83649144147,15803.102068522014,-70709.73442291946,308.276101331882,64.0,0.9662038217358468,651
35200000,-86655.3191574571,15219.870383386267,-71435.44877407083,296.8988167147684,64.0,0.9662038217358468,651
35250000,-86489.73370823835,15541.823942844057,-70947.90976539429,303.17926644477836,64.0,0.9662038217358468,651
35300000,-86378.94257054303,15041.262038845802,-71337.68053169723,293.4146473484291,64.0,0.9662038217358468,651
35350000,-86812.91608128522,15493.981036150362,-71318.93504513486,302.2459797591665,64.0,0.9662038217358468,651
35400000,-86136.84772191022,15423.699980129022,-70713.1477417812,300.874985010553,64.0,0.9662038217358468,651
35450000,-86518.13141331647,15400.480589515995,-71117.65082380048,300.4220370271477,64.0,0.9662038217358468,651
35500000,-86491.20575413678,15464.134336126968,-71027.07141800981,301.6637507587501,64.0,0.9662038217358468,651
35550000,-86349.49145970319,15742.151184541406,-70607.34027516178,307.0871131949452,64.0,0.9662038217358468,651
35600000,-86544.77142796491,15618.981178210815,-70925.79024975409,304.68439699479796,64.0,0.9662038217358468,651
35650000,-86173.65167698835,15463.326082217856,-70710.32559477049,301.64798389456695,64.0,0.9662038217358468,651
35700000,-86350.36566624616,15618.585462153656,-70731.7802040925,304.6766776367374,64.0,0.9662038217358468,651
35750000,-86694.32745823835,15489.949275113177,-71204.37818312517,302.16733092372544,64.0,0.9662038217358468,651
35800000,-86730.38800511335,15945.777932578698,-70784.61007253465,311.05932445699,64.0,0.9662038217358468,651
35850000,-86702.08307347272,15366.158843265031,-71335.92423020769,299.75251188712946,64.0,0.9662038217358468,651
35900000,-86500.43671116803,15225.788848760654,-71274.64786240738,297.0142700873767,64.0,0.9662038217358468,651
35950000,-86403.28534398053,15283.475015075412,-71119.81032890512,298.1395723460843,64.0,0.9662038217358468,651
36000000,-86183.97919163678,15676.546641578665,-70507.43255005812,305.80734466301254,64.0,0.9662038217358468,651
36050000,-86660.61066136335,15396.962754881592,-71263.64790648175,300.3534135163001,64.0,0.9662038217358468,651
36100000,-85912.0789230821,15370.542448633816,-70541.53647444828,299.83802426102966,64.0,0.9662038217358468,651
36150000,-86303.8718918321,15695.74187606806,-70608.13001576404,306.1817921624266,64.0,0.9662038217358468,651
36200000,-86241.10126194928,15458.942434738972,-70782.15882721031,301.5624706992117,64.0,0.9662038217358468,651
36250000,-86575.53339085553,15356.00100140972,-71219.53238944581,299.5543596590718,64.0,0.9662038217358468,651
36300000,-86045.60382542585,15530.636856951285,-70514.96696847456,302.96103642833384,64.0,0.9662038217358468,651
36350000,-86676.37488255475,15473.217494567856,-71203.1573879869,301.84093879814867,64.0,0.9662038217358468,651
36400000,-86501.7966965196,15769.26311042902,-70732.53358609058,307.6159940928849,64.0,0.9662038217358468,651
36450000,-86992.98212132428,15152.449636405217,-71840.53248491907,295.58361891764724,64.0,0.9662038217358468,651
36500000,-86817.74213108991,15378.152065414935,-71439.59006567497,299.9864674580515,64.0,0.9662038217358468,651
36550000,-86684.63434300397,15365.338370224461,-71319.29597277951,299.73650666049116,64.0,0.9662038217358468,651
36600000,-86194.14471898053,15371.204994324129,-70822.9397246564,299.8509487489864,64.0,0.9662038217358468,651
36650000,-86424.18585667585,15332.670207376505,-71091.51564929934,299.099238493977,64.0,0.9662038217358468,651
36700000,-86782.84875950788,15173.822578651714,-71609.02618085616,296.0005476498146,64.0,0.9662038217358468,651
36750000,-86218.00970921491,15460.81520513841,-70757.1945040765,301.5990034226558,64.0,0.9662038217358468,651
36800000,-86807.36163792585,15657.104421075608,-71150.25721685024,305.42807912945284,64.0,0.9662038217358468,651
36850000,-86581.68402562116,15512.490765989525,-71069.19325963163,302.60705490294407,64.0,0.9662038217358468,651
36900000,-86215.70709691022,15325.971467317082,-70889.73562959314,298.9685640567431,64.0,0.9662038217358468,651
36950000,-86439.57025608991,15596.868286355399,-70842.70196973451,304.25303383199594,64.0,0.9662038217358468,651
37000000,-86478.58942112897,15306.83135359548,-71171.75806753349,298.5951918155489,64.0,0.9662038217358468,651
37050000,-86182.62530980085,15258.410669070901,-70924.21464072994,297.6506342353767,64.0,0.9662038217358468,651
37100000,-86371.4187668321,15550.642904903973,-70820.77586192812,303.3513007219625,64.0,0.9662038217358468,651
37150000,-86425.09723362897,15643.342411986785,-70781.75482164219,305.1596192732802,64.0,0.9662038217358468,651
37200000,-86605.98248753522,15563.183670067461,-71042.79881746776,303.59593738731814,64.0,0.9662038217358468,651
37250000,-86372.1619308946,15189.232763620093,-71182.9291672745,296.3011589932241,64.0,0.9662038217358468,651
37300000,-86392.33026585553,15417.415492929053,-70974.91477292648,300.7523915346344,64.0,0.9662038217358468,651
37350000,-86341.57916722272,15370.091855187435,-70971.48731203529,299.8292343924119,64.0,0.9662038217358468,651
37400000,-86168.02649388288,15748.224542448297,-70419.80195143458,307.205588105087,64.0,0.9662038217358468,651
37450000,-86491.3689621446,15264.56939967745,-71226.79956246715,297.77077453772415,64.0,0.9662038217358468,651
37500000,-86629.51337132428,15603.5152255625,-71025.99814576178,304.38269777364934,64.0,0.9662038217358468,651
37550000,-86105.03644261335,15376.344815626508,-70728.69162698684,299.9512128658522,64.0,0.9662038217358468,651
37600000,-86170.8797043321,15394.69395484915,-70776.18574948295,300.3091553177724,64.0,0.9662038217358468,651
37650000,-86048.92438206647,15447.39711842686,-70601.52726363961,301.3372525688782,64.0,0.9662038217358468,651
37700000,-86282.51593480085,15611.970554309664,-70670.54538049118,304.54763854099696,64.0,0.9662038217358468,651
37750000,-86230.17425999616,15493.132661790354,-70737.0415982058,302.2294302526811,64.0,0.9662038217358468,651
37800000,-86537.89886937116,15145.472930502146,-71392.42593886901,295.44752211294315,64.0,0.9662038217358468,651
37850000,-86781.22894749616,15281.346563552506,-71499.88238394365,298.0980519702423,64.0,0.9662038217358468,651
37900000,-86874.1472824571,15728.06596503267,-71146.08131742442,306.81234837106894,64.0,0.9662038217358468,651
37950000,-86018.43585667585,15412.316666338127,-70606.11919033772,300.65292711454765,64.0,0.9662038217358468,651
38000000,-86330.88934788678,15445.809547001263,-70885.07980088552,301.3062833118585,64.0,0.9662038217358468,651
38050000,-86490.57855687116,15420.745062649949,-71069.83349422121,300.81734250237605,64.0,0.9662038217358468,651
38100000,-86041.39459691022,15378.184325774317,-70663.2102711359,299.987096771067,64.0,0.9662038217358468,651
38150000,-86196.96332249616,15713.60368965799,-70483.35963283817,306.5302281993733,64.0,0.9662038217358468,651
38200000,-86258.15936741803,15527.369063797407,-70730.79030362063,302.89729055558877,64.0,0.9662038217358468,651
38250000,-86311.01764378522,15582.832465718966,-70728.18517806625,303.9792326475176,64.0,0.9662038217358468,651
38300000,-86255.00104222272,15360.758315383457,-70894.24272683926,299.64716208471424,64.0,0.9662038217358468,651
38350000,-86475.20886692975,15309.764733515913,-71165.44413341384,298.65241418376974,64.0,0.9662038217358468,651
38400000,-85841.54620823835,15341.835011746967,-70499.71119649138,299.27801922630067,64.0,0.9662038217358468,651
38450000,-87206.45367894147,15452.511563552544,-71753.94211538893,301.43702166465357,64.0,0.9662038217358468,651
38500000,-86297.30682835553,15498.996979099233,-70798.3098492563,302.3438273418801,64.0,0.9662038217358468,651
38550000,-86630.41608128522,15004.854420393618,-71625.5616608916,292.70443244084,64.0,0.9662038217358468,651
38600000,-86731.42120823835,15175.938124247361,-71555.48308399098,296.04181626565907,64.0,0.9662038217358468,651
38650000,-86225.56342015241,15628.649014392984,-70596.91440575942,304.87299052748745,64.0,0.9662038217358468,651
38700000,-86541.51923069928,15705.606593425618,-70835.91263727366,306.37422631836273,64.0,0.9662038217358468,651
38750000,-86572.62665257428,15594.50114117848,-70978.1255113958,304.2068571836858,64.0,0.9662038217358468,651
38800000,-86807.6052902696,15728.863606147235,-71078.74168412236,306.82790820811823,64.0,0.9662038217358468,651
38850000,-86253.34235081647,15486.589886818954,-70766.75246399752,302.10179827565975,64.0,0.9662038217358468,651
38900000,-86369.49731907819,15512.347019246547,-70857.15029983164,302.60425078984576,64.0,0.9662038217358468,651
38950000,-86453.84436497663,15501.458740640897,-70952.38562433573,302.39184970148915,64.0,0.9662038217358468,651
39000000,-86245.07440648053,15373.277371619595,-70871.79703486094,299.8913752671703,64.0,0.9662038217358468,651
39050000,-86277.64703831647,15365.947547368705,-70911.69949094777,299.7483900713705,64.0,0.9662038217358468,651
39100000,-86311.75781712506,14984.707068429329,-71327.05074869574,292.31141168524516,64.0,0.9662038217358468,651
39150000,-86566.80621800397,15465.920116063673,-71100.8861019403,301.69858653177346,64.0,0.9662038217358468,651
39200000,-86336.06940159772,15590.707406691741,-70745.36199490598,304.13285160731294,64.0,0.9662038217358468,651
39250000,-86688.14801487897,15232.342882634373,-71455.8051322446,297.1421216953601,64.0,0.9662038217358468,651
39300000,-86696.1140793321,14983.8419652835,-71712.2721140486,292.29453584505313,64.0,0.9662038217358468,651
39350000,-87015.44244847272,15456.537172002252,-71558.90527647047,301.51555047962825,64.0,0.9662038217358468,651
39400000,-86436.06390843366,15427.107501169667,-71008.95640726399,300.94145659929944,64.0,0.9662038217358468,651
39450000,-86205.31439671491,15310.997742763255,-70894.31665395165,298.67646688443756,64.0,0.9662038217358468,651
39500000,-86418.6355637071,15484.88980794046,-70933.74575576663,302.06863430023606,64.0,0.9662038217358468,651
39550000,-86687.8025558946,14943.133388612187,-71744.66916728241,291.5004207876051,64.0,0.9662038217358468,651
39600000,-86474.53265843366,15343.48105016118,-71131.05160827248,299.31012901732623,64.0,0.9662038217358468,651
39650000,-86523.45941624616,15113.945848843548,-71409.51356740261,294.8325133774466,64.0,0.9662038217358468,651
39700000,-86697.0007980821,15485.743021484232,-71211.25777659786,302.08527820620697,64.0,0.9662038217358468,651
39750000,-86885.69745335553,15312.958264148794,-71572.73918920674,298.71471139407186,64.0,0.9662038217358468,651
39800000,-86177.09369358991,15467.669044647831,-70709.42464894208,301.73270343382814,64.0,0.9662038217358468,651
39850000,-86517.56744847272,15289.037372602033,-71228.53007587069,298.24807901047757,64.0,0.9662038217358468,651
39900000,-86729.97089085553,15467.029471562011,-71262.94141929352,301.7202270797201,64.0,0.9662038217358468,651
39950000,-86497.21063694928,15826.303673608578,-70670.9069633407,308.72870236740744,64.0,0.9662038217358468,651
40000000,-86331.10187230085,15362.09362820047,-70969.00824410038,299.6732104534144,64.0,0.9662038217358468,651
40050000,-86193.37079319928,15440.09456861671,-70753.27622458257,301.1947994242049,64.0,0.9662038217358468,651
40100000,-86190.10382542585,15417.807445419952,-70772.2963800059,300.7600374756198,64.0,0.9662038217358468,651
40150000,-86579.72089085553,15362.29858152289,-71217.42230933264,299.6772085425818,64.0,0.9662038217358468,651
40200000,-86295.0945480821,15487.16619458422,-70807.92835349787,302.11304049318596,64.0,0.9662038217358468,651
40250000,-86575.83160862897,15183.617431864142,-71392.21417676483,296.19161894381455,64.0,0.9662038217358468,651
40300000,-86198.08539280866,15457.288691685535,-70740.79670112312,301.5302106113563,64.0,0.9662038217358468,651
40350000,-86876.06610569928,15617.056659845723,-71259.00944585356,304.64685480745027,64.0,0.9662038217358468,651
40400000,-86855.66669163678,15321.174998416449,-71534.49169322033,298.8749978235798,64.0,0.9662038217358468,651
40450000,-85988.6052902696,15188.488213300705,-70800.11707696889,296.28663481507783,64.0,0.9662038217358468,651
40500000,-86282.8914230821,15626.36234447395,-70656.52907860815,304.8283837354401,64.0,0.9662038217358468,651
40550000,-86063.81152806256,14901.706222829613,-71162.10530523295,290.6922879854941,64.0,0.9662038217358468,651
40600000,-85772.00738987897,15690.44808595907,-70081.5593039199,306.0785245274399,64.0,0.9662038217358468,651
40650000,-86815.9431808946,15062.817070919788,-71753.12610997481,293.83512816434995,64.0,0.9662038217358468,651
40700000,-86291.21539769147,15195.122930919286,-71096.09246677218,296.41606034634543,64.0,0.9662038217358468,651
40750000,-86336.00995335553,15435.874763369095,-70900.13518998644,301.11248235098253,64.0,0.9662038217358468,651
40800000,-86570.60773167585,15571.478559985524,-70999.12917169032,303.7577484237736,64.0,0.9662038217358468,651
40850000,-86629.18780980085,15242.911478745867,-71386.27633105498,297.3482866363746,64.0,0.9662038217358468,651
40900000,-86433.11530003522,14906.103116319282,-71527.01218371594,290.7780595749636,64.0,0.9662038217358468,651
40950000,-86576.03143773053,14845.410928562516,-71730.62050916802,289.5941179069397,64.0,0.9662038217358468,651
41000000,-86158.58624730085,15175.614559833659,-70982.97168746719,296.0355043924867,64.0,0.9662038217358468,651
41050000,-86834.03509983991,15597.699517251924,-71236.33558258798,304.26924891552676,64.0,0.9662038217358468,651
41100000,-86187.18994603131,15169.984664258664,-71017.20528177265,295.92568024206105,64.0,0.9662038217358468,651
41150000,-86440.73431858991,15632.796549367486,-70807.93776922242,304.95389780167534,64.0,0.9662038217358468,651
41200000,-86323.95526585553,15119.070907364367,-71204.88435849117,294.93248951207164,64.0,0.9662038217358468,651
41250000,-86451.61163792585,15306.058121975046,-71145.5535159508,298.580108142208,64.0,0.9662038217358468,651
41300000,-86858.99762425397,15534.649991672719,-71324.34763258125,303.0393219143529,64.0,0.9662038217358468,651
41350000,-86517.96063694928,15747.604443629272,-70770.35619332001,307.1934916416496,64.0,0.9662038217358468,651
41400000,-86186.79401097272,15599.985866921023,-70586.8081440517,304.3138494603575,64.0,0.9662038217358468,651
41450000,-86844.29999241803,15007.614947341383,-71836.68504507665,292.7582829115506,64.0,0.9662038217358468,651
41500000,-86162.03607640241,15231.25545862317,-70930.78061777924,297.12090897185715,64.0,0.9662038217358468,651
41550000,-86604.22711644147,15346.01800872758,-71258.20910771389,299.3596182690377,64.0,0.9662038217358468,651
41600000,-86541.65033421491,15549.597439126694,-70992.05289508821,303.33090649097556,64.0,0.9662038217358468,651
41650000,-86110.48688206647,15708.231734334258,-70402.25514773221,306.42543577086474,64.0,0.9662038217358468,651
41700000,-86317.95184788678,15451.748889491428,-70866.20295839536,301.4221439409555,64.0,0.9662038217358468,651
41750000,-86526.26422581647,15495.987818364985,-71030.27640745149,302.28512669339904,64.0,0.9662038217358468,651
41800000,-86120.96570286725,15239.661485078163,-70881.30421778909,297.2848879838259,64.0,0.9662038217358468,651
41850000,-85999.09015355085,15436.75883368426,-70562.33131986659,301.12972818973503,64.0,0.9662038217358468,651
41900000,-86350.12738499616,15409.06451742351,-70941.06286757265,300.58948641891703,64.0,0.9662038217358468,651
41950000,-86910.1687668321,15369.971028042492,-71540.1977387896,299.82687737914847,64.0,0.9662038217358468,651
42000000,-86474.8220871446,15173.737544740783,-71301.08454240381,295.99888886646755,64.0,0.9662038217358468,651
42050000,-86660.77155003522,15275.972043429501,-71384.79950660572,297.9932095093846,64.0,0.9662038217358468,651
42100000,-86300.83527073835,15186.65950068389,-71114.17577005445,296.25096154070906,64.0,0.9662038217358468,651
42150000,-86494.29132542585,15132.992855923716,-71361.29846950213,295.20406935799116,64.0,0.9662038217358468,651
42200000,-86715.93036351178,15729.100453216815,-70986.82991029497,306.83252845868077,64.0,0.9662038217358468,651
42250000,-85631.94952855085,15805.423817713629,-69826.52571083722,308.3213924263746,64.0,0.9662038217358468,651
42300000,-86151.22028050397,15660.672559909872,-70490.5477205941,305.4976839402089,64.0,0.9662038217358468,651
42350000,-86167.23749241803,15489.562889843248,-70677.67460257479,302.15979358427717,64.0,0.9662038217358468,651
42400000,-86526.31366429303,15392.097104141722,-71134.21656015131,300.25849773115704,64.0,0.9662038217358468,651
42450000,-86288.01178441022,15173.788459926378,-71114.22332448384,295.9998820850677,64.0,0.9662038217358468,651
42500000,-86727.89874730085,15350.855644503405,-71377.04310279744,299.4539875574323,64.0,0.9662038217358468,651
42550000,-86694.1072433946,15293.527060462628,-71400.58018293197,298.3356607690374,64.0,0.9662038217358468,651
42600000,-86521.77801976178,15041.106689726468,-71480.67133003531,293.41161690411224,64.0,0.9662038217358468,651
42650000,-86320.12201390241,14979.783361933427,-71340.33865196898,292.2153633881401,64.0,0.9662038217358468,651
42700000,-86668.86456761335,15614.99466408533,-71053.86990352802,304.60663080514865,64.0,0.9662038217358468,651
42750000,-86261.20380101178,15542.482662207796,-70718.72113880399,303.19211629137465,64.0,0.9662038217358468,651
42800000,-86187.67438206647,15565.511692794506,-70622.16268927197,303.6413508616471,64.0,0.9662038217358468,651
42850000,-86634.72504124616,15650.300166496774,-70984.42487474938,305.2953463871762,64.0,0.9662038217358468,651
42900000,-86517.64313206647,15348.326944578905,-71169.31618748757,299.40465940965584,64.0,0.9662038217358468,651
42950000,-86020.72321019147,15079.566120407078,-70941.15708978439,294.1618571606299,64.0,0.9662038217358468,651
43000000,-86068.02203831647,15836.009337573545,-70232.01270074293,308.91803381859876,64.0,0.9662038217358468,651
43050000,-86418.51520237897,15241.78901129197,-71176.726191087,297.3263903093712,64.0,0.9662038217358468,651
43100000,-86709.90521702741,15514.331948046107,-71195.5732689813,302.6429714226112,64.0,0.9662038217358468,651
43150000,-85992.88007054303,15368.258872761391,-70624.62119778164,299.7934778255264,64.0,0.9662038217358468,651
43200000,-86277.12823948835,15627.470470721833,-70649.65776876651,304.85000030401005,64.0,0.9662038217358468,651
43250000,-86184.57666478131,15604.602678461233,-70579.97398632008,304.40391106067045,64.0,0.9662038217358468,651
43300000,-87142.74066624616,15624.360557324253,-71518.3801089219,304.78933424151614,64.0,0.9662038217358468,651
43350000,-86663.78741917585,15257.971424927004,-71405.81599424884,297.64206576118556,64.0,0.9662038217358468,651
43400000,-86386.83893284772,15376.934819796123,-71009.9041130516,299.9627222634622,64.0,0.9662038217358468,651
43450000,-86278.69855198835,15452.27018349478,-70826.42836849357,301.43231298765943,64.0,0.9662038217358468,651
43500000,-86243.41547093366,15850.26932418393,-70393.14614674973,309.19620787950356,64.0,0.9662038217358468,651
43550000,-86260.46735081647,15116.906901728362,-71143.56044908811,294.8902755709204,64.0,0.9662038217358468,651
43600000,-86618.08112034772,15089.693123150151,-71528.38799719757,294.3594078003888,64.0,0.9662038217358468,651
43650000,-86883.44330296491,15375.56781040784,-71507.87549255707,299.93605557973916,64.0,0.9662038217358468,651
43700000,-86808.45636448835,15656.946726266993,-71151.50963822135,305.4250029270345,64.0,0.9662038217358468,651
43750000,-86956.34515843366,15416.423949823482,-71539.92120861018,300.7330491902287,64.0,0.9662038217358468,651
43800000,-86884.33661351178,15118.665712884394,-71765.67090062739,294.9245852554247,64.0,0.9662038217358468,651
43850000,-86120.13568577741,15386.151680712122,-70733.98400506529,300.1425184792547,64.0,0.9662038217358468,651
43900000,-86252.39624485944,15377.013273412362,-70875.38297144708,299.9642526829232,64.0,0.9662038217358468,651
43950000,-86464.9646652696,15745.062761429232,-70719.90190384036,307.14391024452544,64.0,0.9662038217358468,651
44000000,-86358.85345921491,15093.866557912901,-71264.986901302,294.44082030992297,64.0,0.9662038217358468,651
44050000,-86305.3806808946,15517.589405513485,-70787.79127538111,302.70651567385653,64.0,0.9662038217358468,651
44100000,-86206.28174290631,15861.600679027033,-70344.68106387928,309.4172521959102,64.0,0.9662038217358468,651
44150000,-86462.47967991803,15382.736783887784,-71079.74289603025,300.0759030087671,64.0,0.9662038217358468,651
44200000,-85707.74335179303,15145.918476741528,-70561.8248750515,295.4562135241005,64.0,0.9662038217358468,651
44250000,-86997.58704075788,15671.924395077396,-71325.66264568048,305.7171770411984,64.0,0.9662038217358468,651
44300000,-86643.2048996446,15446.106708819047,-71197.09819082555,301.3120801412566,64.0,0.9662038217358468,651
44350000,-86576.55341038678,15480.912943258998,-71095.64046712779,301.9910563453377,64.0,0.9662038217358468,651
44400000,-86595.33392796491,15471.422813112731,-71123.91111485218,301.8059293803951,64.0,0.9662038217358468,651
44450000,-86436.59503636335,15475.62009099871,-70960.97494536464,301.8878070052617,64.0,0.9662038217358468,651
44500000,-86807.2302902696,15357.31045457878,-71449.91983569082,299.579903575455,64.0,0.9662038217358468,651
44550000,-86483.86041722272,15720.10459935246,-70763.75581787026,306.65704349722006,64.0,0.9662038217358468,651
44600000,-85951.89081273053,15667.804754575947,-70284.08605815459,305.63681391330306,64.0,0.9662038217358468,651
44650000,-86430.67596898053,15343.895342367701,-71086.78062661283,299.3182107461972,64.0,0.9662038217358468,651
44700000,-86478.53802952741,15447.945185484947,-71030.59284404246,301.34794388601347,64.0,0.9662038217358468,651
44750000,-86153.83331761335,15054.583880250342,-71099.249437363,293.6745207146168,64.0,0.9662038217358468,651
44800000,-86428.15228733991,15490.686879816,-70937.46540752391,302.1817196115365,64.0,0.9662038217358468,651
44850000,-87028.70648655866,15332.960836192942,-71695.74565036572,299.1049078820552,64.0,0.9662038217358468,651
44900000,-86177.05206761335,15328.932349380455,-70848.11971823289,299.0263229179491,64.0,0.9662038217358468,651
44950000,-86369.26361546491,15244.228805626044,-71125.03480983886,297.3739841477265,64.0,0.9662038217358468,651
45000000,-86338.67633519147,15294.018277685856,-71044.65805750561,298.3452430984957,64.0,0.9662038217358468,651
45050000,-86369.35895237897,15512.019686440937,-70857.33926593803,302.59786540546276,64.0,0.9662038217358468,651
45100000,-86229.2693527696,15485.381054528058,-70743.88829824154,302.0782172025144,64.0,0.9662038217358468,651
45150000,-86424.82611546491,15459.002342832508,-70965.8237726324,301.5636393453062,64.0,0.9662038217358468,651
45200000,-86184.896855211,15073.375348449103,-71111.5215067619,294.04109181752415,64.0,0.9662038217358468,651
45250000,-86713.91205296491,15653.998431391548,-71059.91362157336,305.3674896080774,64.0,0.9662038217358468,651
45300000,-86350.7029465196,15533.425446275854,-70817.27750024374,303.01543432068854,64.0,0.9662038217358468,651
45350000,-86822.93488011335,14854.486743653062,-71968.44813646028,289.7711626972847,64.0,0.9662038217358468,651
45400000,-86167.70648655866,15682.073988445918,-70485.63249811274,305.9151683634201,64.0,0.9662038217358468,651
45450000,-86413.74750218366,15422.450276438147,-70991.29722574551,300.85060664610455,64.0,0.9662038217358468,651
45500000,-86729.5261887071,15054.683995083207,-71674.84219362389,293.6764736862693,64.0,0.9662038217358468,651
45550000,-86107.07440648053,14969.8025529047,-71137.27185357583,292.02066459532256,64.0,0.9662038217358468,651
45600000,-86835.4939621446,15903.228791532572,-70932.26517061202,310.22930492918806,64.0,0.9662038217358468,651
45650000,-86448.4187668321,15250.58296700829,-71197.8357998238,297.4979367799159,64.0,0.9662038217358468,651
45700000,-86387.76910862897,15518.032266930677,-70869.7368416983,302.7151547113398,64.0,0.9662038217358468,651
45750000,-86280.79144749616,15167.178300184663,-71113.6131473115,295.87093561205745,64.0,0.9662038217358468,651
45800000,-85910.52350316022,15277.480621329276,-70633.04288183094,298.02263781475665,64.0,0.9662038217358468,651
45850000,-86665.36005101178,15622.132468434866,-71043.22758257692,304.7458702081091,64.0,0.9662038217358468,651
45900000,-86342.24701390241,15323.285762587795,-71018.96125131461,298.9161731666708,64.0,0.9662038217358468,651
45950000,-86259.12811741803,15454.906011085957,-70804.22210633208,301.4837309086516,64.0,0.9662038217358468,651
46000000,-86775.56879124616,15090.493556744535,-71685.07523450162,294.3750221112236,64.0,0.9662038217358468,651
46050000,-86269.02679905866,15767.754890225362,-70501.2719088333,307.586572765204,64.0,0.9662038217358468,651
46100000,-86370.83441624616,15171.637833473971,-71199.19658277219,295.9579291358749,64.0,0.9662038217358468,651
46150000,-86426.73175511335,15330.10656429641,-71096.62519081694,299.0492286990322,64.0,0.9662038217358468,651
46200000,-86153.71399388288,15383.201247128658,-70770.51274675422,300.084963439845,64.0,0.9662038217358468,651
46250000,-86253.11877903913,15624.620773462113,-70628.49800557701,304.7944103598716,64.0,0.9662038217358468,651
46300000,-86401.27997288678,15536.336356137064,-70864.94361674972,303.0722183583699,64.0,0.9662038217358468,651
46350000,-86705.50873265241,15346.458226858638,-71359.05050579377,299.3682057431038,64.0,0.9662038217358468,651
46400000,-86556.68390355085,15055.821028076869,-71500.86287547398,293.69865414785534,64.0,0.9662038217358468,651
46450000,-86907.28925023053,15288.55368846748,-71618.73556176305,298.2386436313584,64.0,0.9662038217358468,651
46500000,-86727.73431858991,15357.639624866424,-71370.09469372348,299.5863248041802,64.0,0.9662038217358468,651
46550000,-86578.64459691022,15793.948114072671,-70784.69648283755,308.0975322523951,64.0,0.9662038217358468,651
46600000,-86602.64545140241,15550.936475437135,-71051.70897596527,303.3570274950376,64.0,0.9662038217358468,651
46650000,-86076.21210179303,15155.207427037647,-70921.00467475539,295.63741601019075,64.0,0.9662038217358468,651
46700000,-86323.70355687116,15487.90106127807,-70835.80249559309,302.1273757697915,64.0,0.9662038217358468,651
46750000,-86918.35803685163,15272.809359195177,-71645.54867765645,297.93151402951776,64.0,0.9662038217358468,651
46800000,-86486.30048069928,15142.147465634393,-71344.15301506489,295.38265121986774,64.0,0.9662038217358468,651
46850000,-86169.17682347272,15463.221198420739,-70705.95562505198,301.64593789322316,64.0,0.9662038217358468,651
46900000,-86163.56940159772,15732.704842199571,-70430.86455939815,306.9028404125282,64.0,0.9662038217358468,651
46950000,-86522.30585179303,15456.874626000295,-71065.43122579274,301.52213330130746,64.0,0.9662038217358468,651
47000000,-85999.62494358991,15257.318637021817,-70742.30630656809,297.62933162142394,64.0,0.9662038217358468,651
47050000,-86568.71136937116,15154.857616941794,-71413.85375242936,295.6305921542105,64.0,0.9662038217358468,651
47100000,-86361.49542698835,15479.00246416009,-70882.49296282826,301.9537880263878,64.0,0.9662038217358468,651
47150000,-86594.86542210553,15020.378929117229,-71574.4864929883,293.00727393383653,64.0,0.9662038217358468,651
47200000,-86810.92877659772,15433.921870092046,-71377.00690650567,301.0743866452689,64.0,0.9662038217358468,651
47250000,-86215.04907689069,15623.37574451929,-70591.6733323714,304.77012318720926,64.0,0.9662038217358468,651
47300000,-87004.59088597272,15608.659202613984,-71395.93168335874,304.4830429580249,64.0,0.9662038217358468,651
47350000,-86489.68085179303,15278.74699443701,-71210.93385735602,298.04734135478253,64.0,0.9662038217358468,651
47400000,-85899.11224827741,15713.006935762009,-70186.1053125154,306.5185871327201,64.0,0.9662038217358468,651
47450000,-86469.13745579694,15352.203016519547,-71116.9344392774,299.48027116873715,64.0,0.9662038217358468,651
47500000,-86147.85077366803,15547.768844312988,-70600.08192935504,303.2952355146292,64.0,0.9662038217358468,651
47550000,-86636.28583226178,15298.316505447961,-71337.96932681382,298.4290899844674,64.0,0.9662038217358468,651
47600000,-86604.42255101178,15277.541974490276,-71326.88057652151,298.02383465023837,64.0,0.9662038217358468,651
47650000,-86225.54840550397,15201.880224997643,-71023.66818050633,296.5478770153131,64.0,0.9662038217358468,651
47700000,-86025.45905003522,15085.091751283966,-70940.36729875125,294.2696473866716,64.0,0.9662038217358468,651
47750000,-86365.34381566022,15343.180933083873,-71022.16288257635,299.3042745387476,64.0,0.9662038217358468,651
47800000,-86769.91766819928,15452.421637628344,-71317.49603057094,301.4352674512592,64.0,0.9662038217358468,651
47850000,-86560.32587132428,15674.377200370887,-70885.9486709534,305.76502468844666,64.0,0.9662038217358468,651
47900000,-86561.05817112897,15721.350418780698,-70839.70775234827,306.68134609013094,64.0,0.9662038217358468,651
47950000,-86850.12262425397,15258.779014330357,-71591.34360992361,297.65781966264507,64.0,0.9662038217358468,651
48000000,-86788.42230687116,15610.70002101711,-71177.72228585405,304.52285384693226,64.0,0.9662038217358468,651
48050000,-86061.64227757428,15287.931576258969,-70773.71070131531,298.2265078920966,64.0,0.9662038217358468,651
48100000,-86373.01862034772,15398.839680943871,-70974.17893940385,300.39002730557127,64.0,0.9662038217358468,651
48150000,-86437.39703831647,15608.861925259233,-70828.53511305724,304.48699753266845,64.0,0.9662038217358468,651
48200000,-86194.28925023053,15419.431624480523,-70774.85762575001,300.79172084933253,64.0,0.9662038217358468,651
48250000,-86488.18024144147,15457.826575446757,-71030.35366599471,301.5407032797046,64.0,0.9662038217358468,651
48300000,-85846.63666233991,15384.901884522988,-70461.73477781692,300.1181383104134,64.0,0.9662038217358468,651
48350000,-86528.27435765241,15298.417818818474,-71229.85653883393,298.4310663363721,64.0,0.9662038217358468,651
48400000,-86567.96222386335,15348.913582221838,-71219.04864164151,299.416103135367,64.0,0.9662038217358468,651
48450000,-86354.4168137071,15134.448937430163,-71219.96787627693,295.2324735996446,64.0,0.9662038217358468,651
48500000,-86454.73651585553,15624.93669018359,-70829.79982567194,304.8005730470972,64.0,0.9662038217358468,651
48550000,-86360.10297093366,15322.012902146205,-71038.09006878745,298.89134307617513,64.0,0.9662038217358468,651
48600000,-86551.82550511335,15341.265050911054,-71210.56045420229,299.2669008203291,64.0,0.9662038217358468,651
48650000,-86763.03082737897,15155.54538045486,-71607.48544692411,295.64400857419736,64.0,0.9662038217358468,651
48700000,-85905.19794163678,15529.762120485073,-70375.43582115171,302.94397266791975,64.0,0.9662038217358468,651
48750000,-86265.29022679303,15462.714965455467,-70802.57526133757,301.6360626469441,64.0,0.9662038217358468,651
48800000,-86745.24725804303,15121.732487260713,-71623.51477078232,294.98440979141117,64.0,0.9662038217358468,651
48850000,-86437.33258519147,15483.257950797211,-70954.07463439426,302.0368011477404,64.0,0.9662038217358468,651
48900000,-86473.51361546491,15286.021583788912,-71187.492031676,298.1892490659693,64.0,0.9662038217358468,651
48950000,-86160.25384983991,15498.879063134547,-70661.37478670536,302.3415271179291,64.0,0.9662038217358468,651
49000000,-86576.63678441022,15344.2915014436,-71232.34528296662,299.3259387463643,64.0,0.9662038217358468,651
49050000,-86314.02167210553,15732.125252683181,-70581.89641942235,306.8915341768467,64.0,0.9662038217358468,651
49100000,-86763.21442112897,15592.702309825458,-71170.51211130351,304.1717668125638,64.0,0.9662038217358468,651
49150000,-86444.12006077741,15607.744974999689,-70836.37508577772,304.4652088313172,64.0,0.9662038217358468,651
49200000,-86800.47754368756,15512.15079053538,-71288.32675315219,302.60042289442464,64.0,0.9662038217358468,651
49250000,-86256.31891331647,14954.025009907316,-71302.29390340915,291.71288708286073,64.0,0.9662038217358468,651
49300000,-86525.3465012071,15169.300757442135,-71356.04574376496,295.9123390558712,64.0,0.9662038217358468,651
49350000,-86528.82037816022,15318.82813178422,-71209.992246376,298.8292167552432,64.0,0.9662038217358468,651
49400000,-86286.76959691022,15095.174720361596,-71191.59487654862,294.4663390478166,64.0,0.9662038217358468,651
49450000,-86522.23968968366,15248.543642928591,-71273.69604675507,297.45815504124744,64.0,0.9662038217358468,651
49500000,-86696.12543187116,15641.031032143626,-71055.09439972753,305.11453045694174,64.0,0.9662038217358468,651
49550000,-86334.41742405866,15415.0307294433,-70919.38669461536,300.70587120041154,64.0,0.9662038217358468,651
49600000,-86834.12994847272,15038.581954716254,-71795.54799375647,293.3623661011705,64.0,0.9662038217358468,651
49650000,-86313.96429905866,14999.776248340495,-71314.18805071816,292.60537093534305,64.0,0.9662038217358468,651
49700000,-86244.1922043321,15672.428492058069,-70571.76371227403,305.7270106201515,64.0,0.9662038217358468,651
49750000,-85534.20172581647,15313.508064931259,-70220.69366088521,298.7254365315159,64.0,0.9662038217358468,651
49800000,-85979.93024144147,15458.955700743245,-70520.97454069823,301.5627294833453,64.0,0.9662038217358468,651
49850000,-86458.63312230085,15648.965082775336,-70809.66803952551,305.2693024875157,64.0,0.9662038217358468,651
49900000,-86415.63080296491,15487.241965694353,-70928.38883727056,302.1145185841535,64.0,0.9662038217358468,651
49950000,-86222.17291722272,15511.718834806234,-70710.45408241649,302.5919965976411,64.0,0.9662038217358468,651
50000000,-86506.28705296491,15362.638428281527,-71143.64862468338,299.6838380405973,64.0,0.9662038217358468,651
