#"Step","Potential Energy (kJ/mole)","Kinetic Energy (kJ/mole)","Total Energy (kJ/mole)","Temperature (K)","Box Volume (nm^3)","Density (g/mL)","Speed (ns/day)"
50000,-85798.50241995271,15253.752814647742,-70544.74960530497,296.93368524031644,64.0,0.9684105722189177,0
100000,-85643.39524221834,15027.04001115961,-70616.35523105873,292.52043238058405,64.0,0.9684105722189177,628
150000,-85546.15500784334,15679.071586515405,-69867.08342132793,305.21305569210955,64.0,0.9684105722189177,628
200000,-85819.01291799959,15487.97782164067,-70331.03509635892,301.49317268887813,64.0,0.9684105722189177,627
250000,-86232.96396780427,15467.679288878106,-70765.28467892617,301.0980359503064,64.0,0.9684105722189177,626
300000,-85928.64377737459,15522.524648927385,-70406.1191284472,302.165670589182,64.0,0.9684105722189177,625
350000,-85631.50724173005,15477.23350061779,-70154.27374111227,301.284020824711,64.0,0.9684105722189177,625
400000,-85758.84629202302,15417.789418869885,-70341.05687315314,300.12686622324253,64.0,0.9684105722189177,624
450000,-85850.26377249177,15413.041169460164,-70437.22260303161,300.0344355137115,64.0,0.9684105722189177,624
500000,-85754.6526885074,14999.490961930598,-70755.1617265768,291.9841551239747,64.0,0.9684105722189177,623
550000,-86352.36741018709,15448.004897972802,-70904.36251221428,300.71504892623705,64.0,0.9684105722189177,623
600000,-85962.46824026521,15191.615728407167,-70770.85251185804,295.7241078837336,64.0,0.9684105722189177,622
650000,-85591.54477835115,15475.123347431188,-70116.42143091996,301.242944011042,64.0,0.9684105722189177,622
700000,-85966.95823049959,15382.400003935327,-70584.55822656426,299.4379662834896,64.0,0.9684105722189177,622
750000,-85186.31064749177,15546.893683931325,-69639.41696356045,302.64004482727256,64.0,0.9684105722189177,621
800000,-85816.55771780427,15573.793253812299,-70242.76446399197,303.1636791429189,64.0,0.9684105722189177,621
850000,-85844.2659697574,15605.436622638255,-70238.82934711914,303.7796575341439,64.0,0.9684105722189177,621
900000,-85545.44577932771,15554.52745529497,-69990.91832403274,302.7886458889806,64.0,0.9684105722189177,620
950000,-85952.0013213199,15454.132790111005,-70497.8685312089,300.83433613493,64.0,0.9684105722189177,620
1000000,-86046.44187307771,15552.60312338313,-70493.83874969458,302.75118632259387,64.0,0.9684105722189177,620
1050000,-85396.8792510074,15253.97105612373,-70142.90819488367,296.9379335880198,64.0,0.9684105722189177,620
1100000,-85724.43406057771,15095.14224052291,-70629.2918200548,293.84612882942827,64.0,0.9684105722189177,620
1150000,-85649.8265166324,15371.323996682186,-70278.50251995021,299.22235772529496,64.0,0.9684105722189177,619
1200000,-85849.01194143709,15293.996247785399,-70555.01569365169,297.71707481358993,64.0,0.9684105722189177,619
1250000,-86129.7688994449,15380.573221082333,-70749.19567836256,299.40240563351284,64.0,0.9684105722189177,619
1300000,-86315.41672659334,15498.969119551824,-70816.44760704151,301.70713227206994,64.0,0.9684105722189177,619
1350000,-85669.22934866365,15348.858615604404,-70320.37073305924,298.7850405303193,64.0,0.9684105722189177,619
1400000,-85879.79770803865,15520.254211073276,-70359.54349696537,302.12147363074683,64.0,0.9684105722189177,619
1450000,-85380.94541311677,15361.746540783206,-70019.19887233357,299.0359203737876,64.0,0.9684105722189177,619
1500000,-85851.23935842927,15517.995072150137,-70333.24428627914,302.0774966203633,64.0,0.9684105722189177,619
1550000,-85782.94626760896,15375.920921217185,-70407.02534639178,299.3118427038137,64.0,0.9684105722189177,619
1600000,-85845.74582815584,15394.086881559808,-70451.65894659603,299.6654662098459,64.0,0.9684105722189177,619
1650000,-85770.68912649568,15691.301497579087,-70079.3876289166,305.45112645452633,64.0,0.9684105722189177,619
1700000,-85558.74228811677,15372.38601773011,-70186.35627038666,299.24303131476466,64.0,0.9684105722189177,619
1750000,-85952.77146292146,15951.416214225814,-70001.35524869565,310.51459000593417,64.0,0.9684105722189177,619
1800000,-86453.7230010074,15366.25411235448,-71087.46888865292,299.1236659833046,64.0,0.9684105722189177,619
1850000,-85789.82529592927,15301.748888537986,-70488.07640739129,297.8679898190304,64.0,0.9684105722189177,619
1900000,-85644.96915579255,15404.058650910622,-70240.91050488193,299.85957937384444,64.0,0.9684105722189177,619
1950000,-85858.59287405427,15225.554936074419,-70633.03793797985,296.38477769589264,64.0,0.9684105722189177,619
2000000,-85781.30906057771,15443.706635029288,-70337.60242554842,300.6313777751795,64.0,0.9684105722189177,619
2050000,-85947.6253447574,15341.463447993621,-70606.16189676378,298.6410841939133,64.0,0.9684105722189177,619
2100000,-85601.01535940584,15134.492661771656,-70466.52269763418,294.61213479131385,64.0,0.9684105722189177,619
2150000,-85824.52402639802,15322.219194708392,-70502.30483168963,298.2664703453006,64.0,0.9684105722189177,619
2200000,-86024.94236135896,15152.619145910372,-70872.32321544859,294.9649898428649,64.0,0.9684105722189177,619
2250000,-86621.74338674959,15459.730623284471,-71162.01276346511,300.94330507219786,64.0,0.9684105722189177,619
2300000,-86129.70334768709,15452.625756495167,-70677.07759119192,300.8049998102387,64.0,0.9684105722189177,619
2350000,-86185.30234671052,15689.67884633469,-70495.62350037583,305.4195394857513,64.0,0.9684105722189177,619
2400000,-85693.64896536287,15087.42288682051,-70606.22607854236,293.6958617987258,64.0,0.9684105722189177,619
2450000,-86355.12387991365,15429.462068584515,-70925.66181132913,300.35408918525064,64.0,0.9684105722189177,619
2500000,-85938.50278616365,15382.766713838471,-70555.73607232518,299.44510475782295,64.0,0.9684105722189177,619
2550000,-85819.10239553865,15503.364259814844,-70315.7381357238,301.7926892632776,64.0,0.9684105722189177,619
2600000,-85732.16587210115,14918.698547012755,-70813.4673250884,290.41142808476485,64.0,0.9684105722189177,619
2650000,-85571.87705374177,15324.513483652845,-70247.36357008893,298.3111315955228,64.0,0.9684105722189177,619
2700000,-85699.02073049959,14891.42672725534,-70807.59400324424,289.88054745216385,64.0,0.9684105722189177,619
2750000,-85528.40177298005,15651.516679431312,-69876.88509354874,304.676664404906,64.0,0.9684105722189177,619
2800000,-86443.99436331209,15203.293594455812,-71240.70076885627,295.95143238831304,64.0,0.9684105722189177,619
2850000,-85734.86679983552,15611.356478603557,-70123.51032123197,303.89489505432846,64.0,0.9684105722189177,618
2900000,-85688.84446096834,15529.110429505003,-70159.73403146333,302.29387117829987,64.0,0.9684105722189177,618
2950000,-86475.8323760074,15478.502030720469,-70997.33034528693,301.3087143753935,64.0,0.9684105722189177,618
3000000,-86319.10825491365,15467.284024636028,-70851.82423027762,301.09034162947466,64.0,0.9684105722189177,618
3050000,-85688.53232717927,15237.295411555097,-70451.23691562418,296.6133209726398,64.0,0.9684105722189177,618
3100000,-85855.84665823396,15074.230417074054,-70781.6162411599,293.4390536081882,64.0,0.9684105722189177,618
3150000,-85283.97178030427,15539.070777754765,-69744.90100254951,302.48776201605085,64.0,0.9684105722189177,618
3200000,-85967.14695120271,15174.403976804228,-70792.74297439848,295.38905926356756,64.0,0.9684105722189177,618
3250000,-86005.51645803865,16062.093145953026,-69943.42331208562,312.6690571464593,64.0,0.9684105722189177,618
3300000,-85776.36704397615,15352.073591498935,-70424.29345247721,298.84762412216855,64.0,0.9684105722189177,618
3350000,-85829.00608206209,15656.754105412401,-70172.25197664968,304.7786175581159,64.0,0.9684105722189177,618
3400000,-86072.88132620271,15374.74887540564,-70698.13245079707,299.2890273424845,64.0,0.9684105722189177,618
3450000,-85341.46238089021,15167.273603904061,-70174.18877698615,295.2502574927436,64.0,0.9684105722189177,618
3500000,-85934.4769072574,15644.491707434267,-70289.98519982313,304.53991439662013,64.0,0.9684105722189177,618
3550000,-86467.76145315584,15207.053637860809,-71260.70781529503,296.02462641200515,64.0,0.9684105722189177,618
3600000,-86208.05716848787,15373.405529134907,-70834.65163935296,299.26287740000345,64.0,0.9684105722189177,618
3650000,-85845.60605764802,15482.318960942328,-70363.2870967057,301.38301577327593,64.0,0.9684105722189177,618
3700000,-85375.66721487459,15517.851795065217,-69857.81541980937,302.0747075498078,64.0,0.9684105722189177,618
3750000,-86178.63559866365,15430.318214243744,-70748.3173844199,300.37075514862283,64.0,0.9684105722189177,618
3800000,-86066.76828909334,15353.95724489959,-70712.81104419375,298.88429182963495,64.0,0.9684105722189177,618
3850000,-85797.51755667146,15319.430967956432,-70478.08658871503,298.2121939678868,64.0,0.9684105722189177,618
3900000,-86036.6282744449,15696.530474428379,-70340.09780001652,305.55291513464744,64.0,0.9684105722189177,618
3950000,-86073.93436575349,15521.936674953904,-70551.99769079959,302.15422492850473,64.0,0.9684105722189177,618
4000000,-85455.17759085115,15456.461954109138,-69998.71563674201,300.87967627239647,64.0,0.9684105722189177,618
4050000,-85970.51096487459,15308.245727913454,-70662.26523696113,297.9944590546089,64.0,0.9684105722189177,618
4100000,-86080.74082327302,15159.74971792614,-70920.99110534688,295.1037954897271,64.0,0.9684105722189177,618
4150000,-85973.91990042146,15303.85449819034,-70670.06540223112,297.9089781870306,64.0,0.9684105722189177,618
4200000,-85613.80039358552,15523.966783696786,-70089.83360988874,302.1937435753445,64.0,0.9684105722189177,618
4250000,-86328.33030081209,15538.269621482119,-70790.06067932997,302.4721664909771,64.0,0.9684105722189177,618
4300000,-85970.52134085115,15613.576282578055,-70356.9450582731,303.93810635994413,64.0,0.9684105722189177,618
4350000,-86173.24118948396,15414.307277238986,-70758.93391224497,300.05908191078146,64.0,0.9684105722189177,618
4400000,-85810.42527151521,15524.118435729994,-70286.30683578522,302.19669567491246,64.0,0.9684105722189177,618
4450000,-85950.70084524568,15307.738298384706,-70642.96254686097,297.9845812939161,64.0,0.9684105722189177,618
4500000,-85579.28147268709,15102.357131334255,-70476.92434135283,293.98657584881107,64.0,0.9684105722189177,618
4550000,-85396.80918264802,15252.749981020577,-70144.05920162745,296.91416380921584,64.0,0.9684105722189177,618
4600000,-85821.69895315584,15080.199392574374,-70741.49956058146,293.5552473025503,64.0,0.9684105722189177,618
4650000,-85768.9085478824,15467.253959332127,-70301.65458855027,301.0897563701228,64.0,0.9684105722189177,618
4700000,-85842.4114775699,15422.235516708752,-70420.17596086115,300.21341516842836,64.0,0.9684105722189177,618
4750000,-85886.43833303865,15472.78767751297,-70413.65065552568,301.1974772275725,64.0,0.9684105722189177,618
4800000,-85887.8147978824,15237.47819321137,-70650.33660467103,296.61687904988486,64.0,0.9684105722189177,618
4850000,-85895.37766409334,15634.900436176336,-70260.477227917,304.35320811159227,64.0,0.9684105722189177,618
4900000,-86160.27683401521,15614.009194070939,-70546.26763994427,303.94653353236043,64.0,0.9684105722189177,618
4950000,-86247.39463186677,15486.810912876856,-70760.58371898992,301.4704573267119,64.0,0.9684105722189177,618
5000000,-85327.88486624177,15489.524795223493,-69838.36007101828,301.5232864957884,64.0,0.9684105722189177,618
5050000,-86142.2444853824,15330.219980985625,-70812.02450439677,298.422215818758,64.0,0.9684105722189177,618
5100000,-86163.3851103824,15438.880263892352,-70724.50484649005,300.5374263269397,64.0,0.9684105722189177,618
5150000,-85798.31125784334,15100.653488773154,-70697.65776907018,293.9534122811208,64.0,0.9684105722189177,618
5200000,-86274.82175589021,15266.947039032355,-71007.87471685786,297.19052758711575,64.0,0.9684105722189177,618
5250000,-85551.57468557771,15383.50300539413,-70168.07168018358,299.459437608741,64.0,0.9684105722189177,618
5300000,-86182.50241995271,15290.906153039075,-70891.59626691364,297.6569221920078,64.0,0.9684105722189177,618
5350000,-85716.2073760074,15841.37594203651,-69874.83143397089,308.37251625247455,64.0,0.9684105722189177,618
5400000,-85947.01975393709,15542.247989255004,-70404.77176468208,302.54961047596873,64.0,0.9684105722189177,618
5450000,-85975.48679495271,15466.626820648555,-70508.85997430416,301.0775483185874,64.0,0.9684105722189177,618
5500000,-85467.43381643709,15265.706658077892,-70201.7271583592,297.16638199537937,64.0,0.9684105722189177,618
5550000,-86217.62644339021,15318.543600729201,-70899.08284266101,298.19492023701247,64.0,0.9684105722189177,618
5600000,-85988.24070120271,15259.11824230128,-70729.12245890143,297.0381301087638,64.0,0.9684105722189177,618
5650000,-86022.32676077302,15325.454489750555,-70696.87227102247,298.3294494751831,64.0,0.9684105722189177,618
5700000,-86542.18137503084,15290.913655345328,-71251.26771968551,297.657068233934,64.0,0.9684105722189177,618
5750000,-85898.52683401521,15488.541231569368,-70409.98560244584,301.5041401792041,64.0,0.9684105722189177,618
5800000,-85831.56357717927,15894.319874896202,-69937.24370228307,309.4031371944927,64.0,0.9684105722189177,618
5850000,-85484.57053518709,15181.884818052407,-70302.68571713468,295.53468334621215,64.0,0.9684105722189177,618
5900000,-85990.32114553865,15604.484679502435,-70385.83646603621,303.7611267511364,64.0,0.9684105722189177,618
5950000,-85950.5833525699,15719.649252077099,-70230.9341004928,306.00295152430846,64.0,0.9684105722189177,618
6000000,-86452.66513967927,14856.974495905568,-71595.6906437737,289.20989098199897,64.0,0.9684105722189177,617
6050000,-85628.23984671052,15621.27910649567,-70006.96074021485,304.0880516173773,64.0,0.9684105722189177,617
6100000,-85828.5892119449,15509.558397803456,-70319.03081414144,301.91326603164373,64.0,0.9684105722189177,617
6150000,-85458.76658010896,15254.542222990189,-70204.22435711877,296.9490520769979,64.0,0.9684105722189177,617
6200000,-86249.50510549959,15336.336420413572,-70913.16868508601,298.54128008589004,64.0,0.9684105722189177,617
6250000,-86335.84153128084,15229.196753805503,-71106.64477747533,296.4556703065836,64.0,0.9684105722189177,617
6300000,-85592.17771292146,15672.115556907374,-69920.06215601409,305.077647735048,64.0,0.9684105722189177,617
6350000,-86186.90488577302,15582.265178061876,-70604.63970771115,303.32859591579916,64.0,0.9684105722189177,617
6400000,-86198.28330374177,15087.28502695961,-71110.99827678216,293.69317818132083,64.0,0.9684105722189177,617
6450000,-86418.36649465974,15277.825944347307,-71140.54055031243,297.40229930557757,64.0,0.9684105722189177,617
6500000,-86062.38327932771,15250.679934073472,-70811.70334525424,296.8738677144716,64.0,0.9684105722189177,617
6550000,-85995.3827300113,15323.399330448126,-70671.98339956318,298.2894431873639,64.0,0.9684105722189177,617
6600000,-85773.11203909334,15361.874184950255,-70411.23785414308,299.03840512972806,64.0,0.9684105722189177,617
6650000,-85843.20664358552,15337.247714037774,-70505.95892954775,298.55901957449055,64.0,0.9684105722189177,617
6700000,-86073.43540335115,15514.735861576162,-70558.69954177499,302.0140519442587,64.0,0.9684105722189177,617
6750000,-85998.92307424959,15705.463564173784,-70293.4595100758,305.7268090800206,64.0,0.9684105722189177,617
6800000,-86158.45749807771,15656.50440437533,-70501.95309370238,304.77375681007265,64.0,0.9684105722189177,617
6850000,-85568.37174368318,15328.083428349579,-70240.2883153336,298.3806251062533,64.0,0.9684105722189177,617
6900000,-85849.71018362459,15567.580953484518,-70282.12923014007,303.04274882153754,64.0,0.9684105722189177,617
6950000,-86408.55350637849,15434.03835342545,-70974.51515295304,300.4431723858925,64.0,0.9684105722189177,617
7000000,-85924.25901174959,15269.087202569237,-70655.17180918035,297.23218859039446,64.0,0.9684105722189177,617
7050000,-85682.62351370271,15470.793018963363,-70211.83049473935,301.15864866380014,64.0,0.9684105722189177,617
7100000,-86065.65897512849,15429.970580728492,-70635.6883944,300.36398802042487,64.0,0.9684105722189177,617
7150000,-85480.28757620271,15648.370839170646,-69831.91673703206,304.6154266260375,64.0,0.9684105722189177,617
7200000,-85758.63547659334,15582.25620722468,-70176.37926936866,303.3284212870517,64.0,0.9684105722189177,617
7250000,-86148.90842581209,15587.44119144464,-70561.46723436745,303.4293535947305,64.0,0.9684105722189177,617
7300000,-85891.63889456209,15203.368759937235,-70688.27013462485,295.9528955799403,64.0,0.9684105722189177,617
7350000,-85909.95224905427,15473.619170071092,-70436.33307898318,301.21366328699884,64.0,0.9684105722189177,617
7400000,-85998.75547171052,15616.237801485695,-70382.51767022483,303.9899162081294,64.0,0.9684105722189177,617
7450000,-85667.02585745271,15158.825053015491,-70508.20080443722,295.0857957120417,64.0,0.9684105722189177,617
7500000,-85918.38028860505,15577.976274210494,-70340.40401439456,303.2451069513648,64.0,0.9684105722189177,617
7550000,-85820.36997366365,15865.745425015688,-69954.62454864796,308.8468992109725,64.0,0.9684105722189177,617
7600000,-86041.6468291324,15390.358916014899,-70651.2879131175,299.5928966224696,64.0,0.9684105722189177,617
7650000,-85490.5624175113,15606.82265718584,-69883.73976032546,303.80663845818833,64.0,0.9684105722189177,617
7700000,-85287.48044729646,15232.918050143868,-70054.5623971526,296.5281100693782,64.0,0.9684105722189177,617
7750000,-86281.68381643709,15178.423832799308,-71103.25998363778,295.4673108695336,64.0,0.9684105722189177,617
7800000,-85919.1224150699,15153.802568209125,-70765.31984686077,294.9880266619765,64.0,0.9684105722189177,617
7850000,-85856.93235159334,15421.301759695401,-70435.63059189793,300.19523840140835,64.0,0.9684105722189177,617
7900000,-85970.51487112459,15375.492089840816,-70595.02278128377,299.3034949560509,64.0,0.9684105722189177,617
7950000,-85734.45713186677,15535.365246093832,-70199.09188577294,302.41562913273845,64.0,0.9684105722189177,617
8000000,-86032.3460478824,15060.380526438355,-70971.96552144404,293.16944788449484,64.0,0.9684105722189177,617
8050000,-85971.39731741365,15325.199393930845,-70646.1979234828,298.32448371083933,64.0,0.9684105722189177,617
8100000,-85628.62949514802,15337.697580357548,-70290.93191479048,298.5677767941609,64.0,0.9684105722189177,617
8150000,-86298.34165335115,15334.08825693326,-70964.25339641789,298.4975167264504,64.0,0.9684105722189177,617
8200000,-85882.96787405427,15275.486669600476,-70607.4812044538,297.3567623495375,64.0,0.9684105722189177,617
8250000,-85973.02976370271,15410.624065016746,-70562.40569868597,299.98738350371,64.0,0.9684105722189177,617
8300000,-86218.74106741365,15776.435781564098,-70442.30528584955,307.10837349341176,64.0,0.9684105722189177,617
8350000,-86215.6692900699,15606.246953682596,-70609.4223363873,303.7954316578094,64.0,0.9684105722189177,617
8400000,-85887.79990530427,15042.27077360591,-70845.52913169836,292.816918529085,64.0,0.9684105722189177,617
8450000,-85576.18540335115,15657.833864880842,-69918.3515384703,304.79963644848556,64.0,0.9684105722189177,617
8500000,-85774.7415556949,15532.805060999002,-70241.9364946959,302.36579187600944,64.0,0.9684105722189177,617
8550000,-86136.1741728824,15291.389664226677,-70844.78450865572,297.6663343517913,64.0,0.9684105722189177,617
8600000,-85896.84201956209,15119.587352684059,-70777.25466687803,294.3219840060739,64.0,0.9684105722189177,617
8650000,-85720.07425833162,15950.029751434457,-69770.04450689716,310.4876007455804,64.0,0.9684105722189177,617
8700000,-86026.94614553865,15291.056946058292,-70735.88919948036,297.6598575697767,64.0,0.9684105722189177,617
8750000,-85687.04367971834,15253.757900157012,-70433.28577956132,296.9337842362178,64.0,0.9684105722189177,617
8800000,-85801.06723928865,15452.16963072773,-70348.89760856092,300.79612074246415,64.0,0.9684105722189177,617
8850000,-85873.63065481599,14935.35890519619,-70938.2717496198,290.7357431312287,64.0,0.9684105722189177,617
8900000,-85737.19321585115,15434.887116296683,-70302.30609955447,300.4596946339132,64.0,0.9684105722189177,617
8950000,-85800.04880667146,15455.900887797587,-70344.14791887387,300.86875440355686,64.0,0.9684105722189177,617
9000000,-85837.30509329255,15605.281780495308,-70232.02331279725,303.7766433350354,64.0,0.9684105722189177,617
9050000,-85579.79844046052,15473.06907093228,-70106.72936952824,301.2029549081153,64.0,0.9684105722189177,617
9100000,-85660.2001128238,15201.845797360409,-70458.3543154634,295.9232491777785,64.0,0.9684105722189177,617
9150000,-85819.21665335115,15446.63153784722,-70372.58511550393,300.6883147259255,64.0,0.9684105722189177,617
9200000,-85917.50608206209,15347.920569714392,-70569.5855123477,298.76678027486406,64.0,0.9684105722189177,617
9250000,-86339.67038870271,15499.40658381721,-70840.2638048855,301.71564806998936,64.0,0.9684105722189177,617
9300000,-86224.84885549959,15429.566940439952,-70795.28191505963,300.35613064920324,64.0,0.9684105722189177,617
9350000,-86286.97757864412,15355.026397460548,-70931.95118118357,298.9051042430697,64.0,0.9684105722189177,617
9400000,-85642.71579885896,15480.818566628732,-70161.89723223023,301.3538086910409,64.0,0.9684105722189177,617
9450000,-86110.72275686677,15615.034093708207,-70495.68866315857,303.9664845063924,64.0,0.9684105722189177,617
9500000,-85802.82297659334,14933.770602832548,-70869.05237376079,290.7048248070732,64.0,0.9684105722189177,617
9550000,-86184.13651419099,15661.690716867219,-70522.44579732377,304.87471497425275,64.0,0.9684105722189177,617
9600000,-85768.57871389802,15631.253433043603,-70137.32528085442,304.2822145604679,64.0,0.9684105722189177,617
9650000,-85523.36502981599,15227.937491488876,-70295.42753832712,296.4311571651354,64.0,0.9684105722189177,617
9700000,-86572.91074514802,15540.898401139304,-71032.01234400872,302.5233390280424,64.0,0.9684105722189177,617
9750000,-85456.71408987459,15424.593819763744,-70032.12027011084,300.25932253467073,64.0,0.9684105722189177,617
9800000,-86256.4642119449,15622.545009055175,-70633.91920288972,304.1126940195925,64.0,0.9684105722189177,617
9850000,-85805.8597197574,15504.098298324796,-70301.7614214326,301.8069782557975,64.0,0.9684105722189177,617
9900000,-85732.56833792146,15484.41176418867,-70248.15657373279,301.4237548483069,64.0,0.9684105722189177,617
9950000,-85941.04966116365,15423.99345294293,-70517.05620822072,300.2476356314695,64.0,0.9684105722189177,617
10000000,-85862.04563284334,15241.268328227045,-70620.77730461629,296.69065884502373,64.0,0.9684105722189177,617
10050000,-85660.72715139802,15315.217923123855,-70345.50922827417,298.13018169566624,64.0,0.9684105722189177,617
10100000,-85693.68692923005,15329.63414289616,-70364.0527863339,298.4108117357777,64.0,0.9684105722189177,617
10150000,-85862.70145559724,15742.934358360071,-70119.76709723717,306.45622571223004,64.0,0.9684105722189177,617
10200000,-85958.02878714021,15134.96453236905,-70823.06425477116,294.6213203522144,64.0,0.9684105722189177,617
10250000,-85865.41428518709,15467.223830275121,-70398.19045491196,301.08916986973577,64.0,0.9684105722189177,617
10300000,-86043.04892874177,15201.330420761835,-70841.71850797994,295.9132167172711,64.0,0.9684105722189177,617
10350000,-85522.51365042146,15588.062889020424,-69934.45076140104,303.44145572818746,64.0,0.9684105722189177,617
10400000,-86120.26621389802,15045.77738110465,-71074.48883279337,292.88517910075836,64.0,0.9684105722189177,617
10450000,-85605.77109671052,15427.125385697931,-70178.64571101259,300.30860268306446,64.0,0.9684105722189177,617
10500000,-85598.12998342927,15333.70415938273,-70264.42582404654,298.4900397794619,64.0,0.9684105722189177,617
10550000,-85721.7161650699,15382.13452788582,-70339.58163718408,299.4327984547801,64.0,0.9684105722189177,617
10600000,-86057.99338674959,15543.434421410318,-70514.55896533927,302.5727058857637,64.0,0.9684105722189177,617
10650000,-85827.41782522615,15532.962561832159,-70294.45526339399,302.3688578299019,64.0,0.9684105722189177,617
10700000,-85972.11570120271,15257.644236893393,-70714.47146430932,297.0094367201174,64.0,0.9684105722189177,617
10750000,-85577.42209768709,15277.714395073184,-70299.7077026139,297.4001278571836,64.0,0.9684105722189177,617
10800000,-85948.6575713199,15440.330060383305,-70508.3275109366,300.5656484582498,64.0,0.9684105722189177,617
10850000,-85419.92441702302,15470.75907663576,-69949.16534038726,301.1579879332545,64.0,0.9684105722189177,617
10900000,-85851.50290823396,15398.264815695118,-70453.23809253884,299.7467950077203,64.0,0.9684105722189177,617
10950000,-86423.09629202302,15411.795889497473,-71011.30040252555,300.01019455655353,64.0,0.9684105722189177,617
11000000,-85627.01755667146,15260.040656943806,-70366.97689972766,297.05608608212026,64.0,0.9684105722189177,617
11050000,-85598.99631643709,15357.923849942861,-70241.07246649422,298.9615068381449,64.0,0.9684105722189177,617
11100000,-85930.36777639802,15166.418247605907,-70763.94952879212,295.233606895288,64.0,0.9684105722189177,617
11150000,-85785.49619436677,15241.236266090593,-70544.25992827618,296.6900347147884,64.0,0.9684105722189177,617
11200000,-86200.50486135896,15639.270412483835,-70561.23444887513,304.4382752544236,64.0,0.9684105722189177,617
11250000,-86169.27610159334,15456.267725452315,-70713.00837614102,300.8758953647372,64.0,0.9684105722189177,617
11300000,-85760.48520803865,15437.004759098345,-70323.4804489403,300.5009172424582,64.0,0.9684105722189177,617
11350000,-85884.41257620271,15610.083523770329,-70274.32905243238,303.8701153706422,64.0,0.9684105722189177,617
11400000,-85825.38083792146,15327.359515570803,-70498.02132235066,298.36653322396006,64.0,0.9684105722189177,617
11450000,-85485.75083303865,15297.600069997134,-70188.15076304151,297.7872277932065,64.0,0.9684105722189177,617
11500000,-85732.73716116365,15279.958169512101,-70452.77899165155,297.44380577835426,64.0,0.9684105722189177,617
11550000,-85932.57834768709,15364.702876346186,-70567.8754713409,299.0934692028652,64.0,0.9684105722189177,617
11600000,-86003.08872366365,15417.831701979274,-70585.25702168437,300.1276893177063,64.0,0.9684105722189177,617
11650000,-85891.17460012849,15888.869314170443,-70002.30528595805,309.2970351025949,64.0,0.9684105722189177,617
11700000,-85397.39426565584,15238.078194657806,-70159.31607099803,296.6285588406095,64.0,0.9684105722189177,617
11750000,-85963.86277151521,15598.82885231264,-70365.03391920257,303.6510288866334,64.0,0.9684105722189177,617
11800000,-86102.41159964021,15757.860404453008,-70344.5511951872,306.7467801696345,64.0,0.9684105722189177,617
11850000,-86398.74460745271,15403.590414278675,-70995.15419317404,299.8504645526999,64.0,0.9684105722189177,617
11900000,-85631.5257353824,15351.804777213605,-70279.7209581688,298.84239131045604,64.0,0.9684105722189177,617
11950000,-86198.4432768863,15458.447726218961,-70739.99555066734,300.91833185032425,64.0,0.9684105722189177,617
12000000,-86275.86564016755,15436.926841504406,-70838.93879866315,300.4994004774631,64.0,0.9684105722189177,617
12050000,-86076.10703421052,15292.474418710452,-70783.63261550007,297.6874504764828,64.0,0.9684105722189177,617
12100000,-85541.2786650699,15345.893995794584,-70195.38466927531,298.727330437848,64.0,0.9684105722189177,617
12150000,-86069.24472952302,15760.884862669744,-70308.35986685328,306.80565509274777,64.0,0.9684105722189177,617
12200000,-86278.5472197574,15054.304569009691,-71224.2426507477,293.0511716509293,64.0,0.9684105722189177,617
12250000,-85861.6444487613,15242.752680143807,-70618.8917686175,296.7195536416153,64.0,0.9684105722189177,617
12300000,-85946.76072073396,15196.894502584939,-70749.86621814902,295.8268659321433,64.0,0.9684105722189177,617
12350000,-85926.03342581209,15468.118323804345,-70457.91510200774,301.1065823231355,64.0,0.9684105722189177,617
12400000,-86324.45408010896,15217.079280726462,-71107.3747993825,296.2197882924405,64.0,0.9684105722189177,617
12450000,-85876.03110647615,15585.671306176577,-70290.35980029957,303.39490052855825,64.0,0.9684105722189177,617
12500000,-85922.98703909334,15696.382538851583,-70226.60450024175,305.5500353806269,64.0,0.9684105722189177,617
12550000,-85985.75107717927,15410.018403205788,-70575.73267397349,299.975593526796,64.0,0.9684105722189177,617
12600000,-85625.83377981599,15388.962072627619,-70236.87170718837,299.56570529062304,64.0,0.9684105722189177,617
12650000,-86073.92588186677,15441.30340241408,-70632.6224794527,300.5845957979445,64.0,0.9684105722189177,617
12700000,-86235.09763479646,15442.532437261194,-70792.56519753527,300.6085205232811,64.0,0.9684105722189177,617
12750000,-86313.72873831209,15362.26503193006,-70951.46370638203,299.0460134629356,64.0,0.9684105722189177,617
12800000,-86452.76059866365,15661.367896478623,-70791.39270218502,304.86843086510135,64.0,0.9684105722189177,617
12850000,-85743.42283010896,15602.99631402432,-70140.42651608464,303.73215382547204,64.0,0.9684105722189177,617
12900000,-85509.92209768709,15286.641738689039,-70223.28035899805,297.573909946842,64.0,0.9684105722189177,617
12950000,-85351.69150686677,15632.143622708507,-69719.54788415827,304.29954323367866,64.0,0.9684105722189177,617
13000000,-85756.43320608552,15167.400110424496,-70589.03309566103,295.2527201029469,64.0,0.9684105722189177,617
13050000,-85953.38059378084,15539.060178354383,-70414.32041542645,302.48755568525115,64.0,0.9684105722189177,617
13100000,-85729.6790556949,15323.865538586804,-70405.8135171081,298.29851852130884,64.0,0.9684105722189177,617
13150000,-85650.69626760896,15576.467168381903,-70074.22909922706,303.21573028841857,64.0,0.9684105722189177,617
13200000,-85851.6937041324,15209.390850050375,-70642.30285408202,296.0701232177467,64.0,0.9684105722189177,617
13250000,-85864.79172659334,15487.97924117744,-70376.8124854159,301.4932003219655,64.0,0.9684105722189177,617
13300000,-86166.26188040193,15405.163099205121,-70761.09878119681,299.88107886359154,64.0,0.9684105722189177,617
13350000,-85721.09470510896,15296.504713539733,-70424.58999156923,297.76590528762375,64.0,0.9684105722189177,617
13400000,-85772.02927542146,15237.216434259666,-70534.8128411618,296.61178357920835,64.0,0.9684105722189177,617
13450000,-85528.17044973787,15513.236093834043,-70014.93435590382,301.98485705903386,64.0,0.9684105722189177,617
13500000,-85893.15866995271,15308.945568262134,-70584.21310169058,298.0080823364556,64.0,0.9684105722189177,617
13550000,-85569.17771292146,15443.88803536736,-70125.2896775541,300.6349089633102,64.0,0.9684105722189177,617
13600000,-85579.50071096834,15661.824349286035,-69917.6763616823,304.8773162991247,64.0,0.9684105722189177,617
13650000,-85800.22342825349,15601.60995996371,-70198.61346828978,303.70516668170046,64.0,0.9684105722189177,617
13700000,-86482.73655081209,15617.47921118897,-70865.25733962312,304.01408182576887,64.0,0.9684105722189177,617
13750000,-85617.40329885896,15679.127615016652,-69938.27568384231,305.21414635809555,64.0,0.9684105722189177,617
13800000,-85408.66166067537,15375.052546582418,-70033.60911409295,299.29493868789024,64.0,0.9684105722189177,617
13850000,-86098.73606253084,15692.98789020162,-70405.74817232921,305.48395423023874,64.0,0.9684105722189177,617
13900000,-85847.57895803865,15399.781321034767,-70447.79763700388,299.77631571155365,64.0,0.9684105722189177,617
13950000,-85383.86667776521,15209.456868707668,-70174.40980905754,296.07140835481704,64.0,0.9684105722189177,617
14000000,-86120.06760549959,15624.385758229997,-70495.68184726959,304.148526541774,64.0,0.9684105722189177,617
14050000,-85902.52951956209,15508.545899283374,-70393.98362027871,301.8935564611189,64.0,0.9684105722189177,617
14100000,-85360.6751494449,15640.075690429425,-69720.59945901547,304.45395101309975,64.0,0.9684105722189177,617
14150000,-85644.59732962068,15583.783652107464,-70060.81367751322,303.3581549429957,64.0,0.9684105722189177,617
14200000,-85946.78574514802,15499.573846663348,-70447.21189848467,301.7189040538716,64.0,0.9684105722189177,617
14250000,-85954.83756399568,15500.25926413457,-70454.57829986111,301.7322465760778,64.0,0.9684105722189177,617
14300000,-85773.71177053865,15209.543310029432,-70564.16846050922,296.0730910450075,64.0,0.9684105722189177,617
14350000,-86004.12058401521,15150.544855074695,-70853.57572894052,294.92461113543584,64.0,0.9684105722189177,617
14400000,-85775.60337210115,15404.25012268324,-70371.35324941791,299.86330661524886,64.0,0.9684105722189177,617
14450000,-85652.36533499177,15301.905667103827,-70350.45966788795,297.87104171307163,64.0,0.9684105722189177,617
14500000,-85994.69407034334,15521.3990355907,-70473.29503475263,302.14375909498915,64.0,0.9684105722189177,617
14550000,-85976.42234182771,15481.516061288072,-70494.90628053964,301.36738631106334,64.0,0.9684105722189177,617
14600000,-86073.91965628084,15313.931233020965,-70759.98842325987,298.10513463749925,64.0,0.9684105722189177,617
14650000,-86153.72263479646,15373.991893094673,-70779.73074170179,299.27429171971755,64.0,0.9684105722189177,617
14700000,-86120.0335478824,15312.950242545456,-70807.08330533694,298.0860384111071,64.0,0.9684105722189177,617
14750000,-85722.8860869449,15135.821088533266,-70587.06499841163,294.63799430658787,64.0,0.9684105722189177,617
14800000,-85946.3235869449,15663.178862585104,-70283.1447243598,304.90368362200496,64.0,0.9684105722189177,617
14850000,-85510.28824758943,15825.661595096346,-69684.62665249308,308.0666165171906,64.0,0.9684105722189177,617
14900000,-86010.43332815584,15154.52332692407,-70855.91000123176,295.0020571464087,64.0,0.9684105722189177,617
14950000,-85919.95884085115,15161.997186707333,-70757.96165414382,295.14754532596555,64.0,0.9684105722189177,617
15000000,-85660.90574026521,15586.88047835743,-70074.02526190778,303.4184386018517,64.0,0.9684105722189177,617
15050000,-86258.43943167146,15149.07353301649,-71109.36589865497,294.8959699816013,64.0,0.9684105722189177,617
15100000,-86582.09922171052,15381.905519158347,-71200.19370255218,299.428340508842,64.0,0.9684105722189177,617
15150000,-85906.3163237613,15388.359379460802,-70517.9569443005,299.5539731021402,64.0,0.9684105722189177,617
15200000,-85792.24875784334,15476.609716261271,-70315.63904158206,301.2718780694148,64.0,0.9684105722189177,617
15250000,-86227.6927275699,15611.690108597977,-70616.00261897192,303.9013895861957,64.0,0.9684105722189177,617
15300000,-85674.42014456209,15486.983346882567,-70187.43679767952,301.47381397378746,64.0,0.9684105722189177,617
15350000,-86116.96286917146,15231.743895337451,-70885.21897383401,296.5052536537834,64.0,0.9684105722189177,617
15400000,-85734.63230276521,15240.280875355471,-70494.35142740974,296.6714368198788,64.0,0.9684105722189177,617
15450000,-86273.69407034334,15242.728347199038,-71030.9657231443,296.71907996991945,64.0,0.9684105722189177,617
15500000,-85865.95243215974,15425.027439134661,-70440.92499302508,300.2677634868327,64.0,0.9684105722189177,617
15550000,-85744.80259085115,15136.333367022336,-70608.46922382881,294.6479664584562,64.0,0.9684105722189177,617
15600000,-86047.04221487459,15684.208631038433,-70362.83358383615,305.3130547926589,64.0,0.9684105722189177,617
15650000,-86246.79209280427,15455.320971569512,-70791.47112123476,300.85746559713493,64.0,0.9684105722189177,617
15700000,-85851.27170706209,15709.07400006475,-70142.19770699734,305.79709080330895,64.0,0.9684105722189177,617
15750000,-85444.7089018863,15238.678846757626,-70206.03005512868,296.64025129712917,64.0,0.9684105722189177,617
15800000,-86041.71317434724,15662.997423587833,-70378.71575075941,304.90015168132385,64.0,0.9684105722189177,617
15850000,-85860.0325713199,15383.853015949018,-70476.17955537088,299.46625100903657,64.0,0.9684105722189177,617
15900000,-85763.4827666324,15577.710049518384,-70185.77271711401,303.23992454937553,64.0,0.9684105722189177,617
15950000,-85960.8030791324,15407.981752717867,-70552.82132641453,299.9359475365749,64.0,0.9684105722189177,617
16000000,-85828.79886770662,15847.623508808203,-69981.17535889841,308.49413308000845,64.0,0.9684105722189177,617
16050000,-86171.52720022615,15307.005989838159,-70864.52121038799,297.9703259773326,64.0,0.9684105722189177,617
16100000,-85748.88889456209,15146.676618517144,-70602.21227604494,294.8493109945215,64.0,0.9684105722189177,617
16150000,-85924.76609182771,15532.310255873948,-70392.45583595376,302.35615986537937,64.0,0.9684105722189177,617
16200000,-85448.34739065584,15451.712771870662,-69996.63461878517,300.7872274041681,64.0,0.9684105722189177,617
16250000,-85899.14170217927,15515.199328065733,-70383.94237411354,302.02307390851934,64.0,0.9684105722189177,617
16300000,-85787.99875784334,15432.034304301254,-70355.96445354208,300.4041610226509,64.0,0.9684105722189177,617
16350000,-85326.80149221834,15705.279513717745,-69621.52197850059,305.72322630397554,64.0,0.9684105722189177,617
16400000,-86071.59665823396,15496.304293563124,-70575.29236467084,301.6552580473487,64.0,0.9684105722189177,617
16450000,-85783.47306204255,15133.95782377012,-70649.51523827243,294.6017234898635,64.0,0.9684105722189177,617
16500000,-86211.82029104646,15260.538616480306,-70951.28167456615,297.0657794973781,64.0,0.9684105722189177,617
16550000,-85645.65207815584,15383.460401412798,-70262.19167674304,299.45860826809695,64.0,0.9684105722189177,617
16600000,-85615.68125296052,15598.106160007883,-70017.57509295264,303.63696076241814,64.0,0.9684105722189177,617
16650000,-85476.93723440584,15929.844509125687,-69547.09272528015,310.0946693496779,64.0,0.9684105722189177,617
16700000,-85752.5921416324,15441.919464036939,-70310.67267759546,300.5965882204148,64.0,0.9684105722189177,617
16750000,-86146.14890432771,15297.597561558709,-70848.551342769,297.78717896326447,64.0,0.9684105722189177,617
16800000,-85536.24875784334,15347.509485062445,-70188.73927278089,298.75877798964734,64.0,0.9684105722189177,617
16850000,-86025.66867971834,15320.825502328109,-70704.84317739023,298.23934035181,64.0,0.9684105722189177,617
16900000,-86130.44541311677,15444.815434929682,-70685.62997818709,300.652961974466,64.0,0.9684105722189177,617
16950000,-85992.05002737459,15375.712879103608,-70616.33714827098,299.3077928996625,64.0,0.9684105722189177,617
17000000,-86113.89792776521,15422.10197143536,-70691.79595632985,300.21081553995293,64.0,0.9684105722189177,617
17050000,-86117.1683135074,15173.443573795143,-70943.72473971226,295.37036379837497,64.0,0.9684105722189177,617
17100000,-85441.84909964021,15492.459608421195,-69949.38949121902,301.58041636467215,64.0,0.9684105722189177,617
17150000,-86069.29172659334,15264.824700839585,-70804.46702575375,297.14921357681527,64.0,0.9684105722189177,617
17200000,-85362.50449514802,15188.439099743031,-70174.06539540499,295.6622707694612,64.0,0.9684105722189177,617
17250000,-85908.72727346834,15532.114683296531,-70376.6125901718,302.3523527965977,64.0,0.9684105722189177,617
17300000,-85949.99277639802,15691.48304952099,-70258.50972687703,305.4546605938183,64.0,0.9684105722189177,617
17350000,-85714.0462431949,15515.072085113265,-70198.97415808163,302.02059696273056,64.0,0.9684105722189177,617
17400000,-85475.20530081209,15444.8450813354,-70030.36021947669,300.6535390794323,64.0,0.9684105722189177,617
17450000,-85449.49961233552,15413.36883899034,-70036.13077334518,300.04081401756684,64.0,0.9684105722189177,617
17500000,-85984.64267874177,15579.570781070273,-70405.0718976715,303.2761460539233,64.0,0.9684105722189177,617
17550000,-85923.7151885074,15379.929595456691,-70543.7855930507,299.389876642696,64.0,0.9684105722189177,617
17600000,-85675.1731963199,15594.155904931016,-70081.01729138888,303.56006402678423,64.0,0.9684105722189177,617
17650000,-85968.82077932771,15480.139049671357,-70488.68172965635,301.34058102983596,64.0,0.9684105722189177,617
17700000,-85443.33579397615,14854.066866736859,-70589.26892723929,289.153290284789,64.0,0.9684105722189177,617
17750000,-86177.37717581209,15716.560550298302,-70460.81662551378,305.9428260186096,64.0,0.9684105722189177,617
17800000,-86049.04111624177,15633.237905157031,-70415.80321108474,304.3208448323136,64.0,0.9684105722189177,617
17850000,-85870.51035452302,15737.698233166127,-70132.8121213569,306.3542978804951,64.0,0.9684105722189177,617
17900000,-85784.51188040193,15437.030384602724,-70347.4814957992,300.5014160754696,64.0,0.9684105722189177,617
17950000,-85563.44724417146,15588.345690352842,-69975.10155381862,303.4469608155484,64.0,0.9684105722189177,617
18000000,-85663.40256643709,15113.967690259917,-70549.43487617717,294.2125901346979,64.0,0.9684105722189177,617
18050000,-86044.71860647615,15508.315374810714,-70536.40323166543,301.8890690092743,64.0,0.9684105722189177,617
18100000,-85815.74875784334,15324.693234883249,-70491.05552296009,298.3146306816768,64.0,0.9684105722189177,617
18150000,-86151.04648733552,15467.437664009864,-70683.60882332566,301.0933324151538,64.0,0.9684105722189177,617
18200000,-85738.83408499177,15609.775481444784,-70129.05860354699,303.8641189352702,64.0,0.9684105722189177,617
18250000,-85955.86667776521,15280.975618127617,-70674.8910596376,297.463611708778,64.0,0.9684105722189177,617
18300000,-86118.75644827302,15551.533018563641,-70567.22342970938,302.73035537223655,64.0,0.9684105722189177,617
18350000,-85955.21482229646,15426.32822428504,-70528.88659801142,300.29308492301305,64.0,0.9684105722189177,617
18400000,-85860.3426909488,15447.667653067037,-70412.67503788177,300.7084840255262,64.0,0.9684105722189177,617
18450000,-86043.53757620271,15391.957483343082,-70651.58009285963,299.6240147672062,64.0,0.9684105722189177,617
18500000,-85688.11301565584,15169.525549897924,-70518.58746575791,295.29409448361696,64.0,0.9684105722189177,617
18550000,-86062.7210478824,15506.50837889826,-70556.21266898414,301.8538935372433,64.0,0.9684105722189177,617
18600000,-85504.47556448396,15306.764297971502,-70197.71126651246,297.9656211379707,64.0,0.9684105722189177,617
18650000,-86083.30710745271,15479.547078118194,-70603.76002933452,301.3290575511895,64.0,0.9684105722189177,617
18700000,-86470.2376494449,15329.313888903242,-71140.92376054166,298.4045775847798,64.0,0.9684105722189177,617
18750000,-85593.42527151521,15538.0679169395,-70055.35735457571,302.46824005569937,64.0,0.9684105722189177,617
18800000,-85645.90744924959,15509.561880089575,-70136.34556916001,301.9133338187688,64.0,0.9684105722189177,617
18850000,-86056.30448294099,15514.631609094795,-70541.6728738462,302.0120225372096,64.0,0.9684105722189177,617
18900000,-85694.2728056949,15334.490851346636,-70359.78195434826,298.50535373838267,64.0,0.9684105722189177,617
18950000,-85955.64695120271,15503.032749302394,-70452.61420190032,301.7862359898207,64.0,0.9684105722189177,617
19000000,-85983.60044241365,15083.272967437748,-70900.3274749759,293.6150783436149,64.0,0.9684105722189177,617
19050000,-85713.71256399568,15345.816511597484,-70367.8960523982,298.72582210947326,64.0,0.9684105722189177,617
19100000,-85588.9427275699,15553.427456191275,-70035.51527137862,302.7672330083873,64.0,0.9684105722189177,617
19150000,-85479.39579153474,15301.255264704872,-70178.14052682987,297.85838080374936,64.0,0.9684105722189177,617
19200000,-86118.54758596834,15675.87822898489,-70442.66935698345,305.1508929291916,64.0,0.9684105722189177,617
19250000,-85783.51047659334,15338.500395616516,-70445.01008097682,298.58340461351196,64.0,0.9684105722189177,617
19300000,-85559.86863089021,15526.759799047257,-70033.10883184295,302.24811316891436,64.0,0.9684105722189177,617
19350000,-85952.96927786287,15470.673542128876,-70482.29573573399,301.1563228953682,64.0,0.9684105722189177,617
19400000,-85889.25217581209,15129.05975121539,-70760.1924245967,294.50637628239775,64.0,0.9684105722189177,617
19450000,-86118.71213674959,15390.07450291561,-70728.63763383398,299.58736016001814,64.0,0.9684105722189177,617
19500000,-86164.27939749177,15487.276060235454,-70677.00333725632,301.4795120112244,64.0,0.9684105722189177,617
19550000,-85843.03324270662,15832.43509305967,-70010.59814964695,308.19847126379995,64.0,0.9684105722189177,617
19600000,-85641.51621389802,15307.206423891737,-70334.30979000629,297.97422768092645,64.0,0.9684105722189177,617
19650000,-85836.68479299959,15370.58919615252,-70466.09559684707,299.2080538990928,64.0,0.9684105722189177,617
19700000,-86351.96372366365,15083.573925247008,-71268.38979841664,293.6209368698735,64.0,0.9684105722189177,617
19750000,-85929.04075003084,15594.667233168148,-70334.37351686269,303.5700176807908,64.0,0.9684105722189177,617
19800000,-85956.84336233552,15202.273325526854,-70754.57003680867,295.9315715569037,64.0,0.9684105722189177,617
19850000,-85931.1360869449,15249.34882345493,-70681.78726348997,296.8479559545113,64.0,0.9684105722189177,617
19900000,-85588.84446096834,15428.883814919274,-70159.96064604906,300.3428327427273,64.0,0.9684105722189177,617
19950000,-85853.52451467927,14927.820933112176,-70925.7035815671,290.58900692425436,64.0,0.9684105722189177,617
20000000,-85859.42893362459,15390.220371700823,-70469.20856192376,299.5901996813137,64.0,0.9684105722189177,617
20050000,-85787.82859182771,14957.084187660017,-70830.7444041677,291.158653366058,64.0,0.9684105722189177,617
20100000,-86127.2962431949,15661.743113360368,-70465.55312983453,304.875734938585,64.0,0.9684105722189177,617
20150000,-85850.98740530427,15533.949557381216,-70317.03784792306,302.3880709526828,64.0,0.9684105722189177,617
20200000,-86233.18222952302,15364.45743979793,-70868.72478972509,299.0886914685167,64.0,0.9684105722189177,617
20250000,-85378.75254202302,15450.938644637587,-69927.81389738544,300.7721580337021,64.0,0.9684105722189177,617
20300000,-85817.6126494449,15404.130109864753,-70413.48253958015,299.86097041320716,64.0,0.9684105722189177,617
20350000,-85905.03525686677,15303.545802178327,-70601.48945468845,297.9029690268207,64.0,0.9684105722189177,617
20400000,-85892.2776885074,15398.94434038736,-70493.33334812004,299.7600228194943,64.0,0.9684105722189177,617
20450000,-85765.05173635896,15431.378548377892,-70333.67318798107,300.3913959001719,64.0,0.9684105722189177,617
20500000,-86197.26682424959,15351.044243471493,-70846.22258077809,298.82758655456814,64.0,0.9684105722189177,617
20550000,-86253.19529104646,15422.44725749921,-70830.74803354725,300.21753697202587,64.0,0.9684105722189177,617
20600000,-85790.21347952302,15264.306960281916,-70525.9065192411,297.1391350988397,64.0,0.9684105722189177,617
20650000,-85754.7142119449,15165.4079052991,-70589.3063066458,295.213939298195,64.0,0.9684105722189177,617
20700000,-86014.8440947574,15320.342284318991,-70694.5018104384,298.2299338991183,64.0,0.9684105722189177,617
20750000,-85827.57889700349,15549.548625571653,-70278.03027143184,302.6917266405902,64.0,0.9684105722189177,617
20800000,-85718.00742483552,15391.306894985086,-70326.70052985044,299.6113502379548,64.0,0.9684105722189177,617
20850000,-85699.08030081209,15135.672303726664,-70563.40799708542,294.6350980212299,64.0,0.9684105722189177,617
20900000,-86363.68528128084,15364.554629801423,-70999.13065147941,299.09058339545794,64.0,0.9684105722189177,617
20950000,-85813.34598684724,15595.966763939476,-70217.37922290777,303.5953146988887,64.0,0.9684105722189177,617
21000000,-85633.16575003084,15271.567148658447,-70361.59860137239,297.28046389289966,64.0,0.9684105722189177,617
21050000,-86001.59623098787,15186.586600613315,-70815.00963037455,295.6262095194741,64.0,0.9684105722189177,617
21100000,-85923.06308889802,15419.046124991379,-70504.01696390664,300.1513296051036,64.0,0.9684105722189177,617
21150000,-85863.03708792146,15349.542682818486,-70513.49440510297,298.7983567680542,64.0,0.9684105722189177,617
21200000,-85832.23874807771,15265.204830091447,-70567.03391798626,297.15661327582666,64.0,0.9684105722189177,617
21250000,-85860.46604299959,15362.643501553684,-70497.8225414459,299.05338085517405,64.0,0.9684105722189177,617
21300000,-85359.5521025699,15383.831552251591,-69975.7205503183,299.46583319088694,64.0,0.9684105722189177,617
21350000,-85948.88834524568,15393.26481067622,-70555.62353456946,299.6494635552888,64.0,0.9684105722189177,617
21400000,-86232.35654592927,15337.992851324088,-70894.36369460518,298.5735246187982,64.0,0.9684105722189177,617
21450000,-85908.24228811677,15410.60813984822,-70497.63414826855,299.98707350006464,64.0,0.9684105722189177,617
21500000,-85799.18064260896,15798.441206728807,-70000.73943588015,307.5367370619601,64.0,0.9684105722189177,617
21550000,-85398.41013479646,15205.481672207243,-70192.92846258922,295.99402610267435,64.0,0.9684105722189177,617
21600000,-86553.21653128084,15351.377495350782,-71201.83903593005,298.8340737259438,64.0,0.9684105722189177,617
21650000,-86054.2259306949,15635.263625878142,-70418.96230481676,304.3602780607326,64.0,0.9684105722189177,617
21700000,-85372.57566214021,15470.539423718583,-69902.03623842163,301.1537121100545,64.0,0.9684105722189177,617
21750000,-85523.03501272615,15528.743041289039,-69994.29197143711,302.2867194997454,64.0,0.9684105722189177,617
21800000,-85805.41025686677,15409.130319201387,-70396.27993766539,299.9583058429431,64.0,0.9684105722189177,617
21850000,-85840.96860647615,15302.825227826834,-70538.14337864931,297.88894213125747,64.0,0.9684105722189177,617
21900000,-85510.51133108552,15326.732187442947,-70183.77914364258,298.3543214846509,64.0,0.9684105722189177,617
21950000,-86114.50278616365,15233.10003732724,-70881.40274883641,296.5316526811986,64.0,0.9684105722189177,617
22000000,-86016.45530081209,15282.442820469092,-70734.012480343,297.4921726670904,64.0,0.9684105722189177,617
22050000,-85578.99167776521,15128.584315143176,-70450.40736262203,294.49712131499825,64.0,0.9684105722189177,617
22100000,-85636.45432424959,15229.813419282436,-70406.64090496715,296.4676744838409,64.0,0.9684105722189177,617
22150000,-86020.45224905427,15072.278492122656,-70948.17375693162,293.4010569082172,64.0,0.9684105722189177,617
22200000,-86171.40439749177,15846.260124178836,-70325.14427331294,308.46759306540895,64.0,0.9684105722189177,617
22250000,-85935.56015921052,15224.52502208203,-70711.03513712849,296.3647291110653,64.0,0.9684105722189177,617
22300000,-85981.9349150699,15556.702338739298,-70425.2325763306,302.83098275938494,64.0,0.9684105722189177,617
22350000,-85573.63962698396,15067.563230035827,-70506.07639694813,293.3092683388513,64.0,0.9684105722189177,617
22400000,-86634.04746389802,15569.545067527797,-71064.50239637023,303.08098279767376,64.0,0.9684105722189177,617
22450000,-85805.14731741365,15085.69877991965,-70719.448537494,293.662299866653,64.0,0.9684105722189177,617
22500000,-85744.89316702302,15616.609101398615,-70128.28406562441,303.9971440328367,64.0,0.9684105722189177,617
22550000,-86043.00950003084,15412.62645598757,-70630.38304404326,300.0263625888889,64.0,0.9684105722189177,617
22600000,-85733.37290335115,15247.170117098663,-70486.20278625248,296.80554466626745,64.0,0.9684105722189177,617
22650000,-85986.60062551912,15293.793721213937,-70692.80690430518,297.713132376476,64.0,0.9684105722189177,617
22700000,-85750.86289358552,15583.813328516902,-70167.04956506862,303.35873263202257,64.0,0.9684105722189177,617
22750000,-85642.36094046052,15349.45181225799,-70292.90912820253,298.7965878571025,64.0,0.9684105722189177,617
22800000,-85849.75193167146,15487.466867125127,-70362.28506454633,301.4832263098373,64.0,0.9684105722189177,617
22850000,-85653.53952932771,15689.658987047616,-69963.8805422801,305.4191528994883,64.0,0.9684105722189177,617
22900000,-85467.50449514802,15468.073695499217,-69999.4307996488,301.105713576456,64.0,0.9684105722189177,617
22950000,-86138.87461233552,15443.679266125895,-70695.19534620963,300.63084500469057,64.0,0.9684105722189177,617
23000000,-85409.84751272615,15474.271417718846,-69935.5760950073,301.2263601164342,64.0,0.9684105722189177,617
23050000,-86012.61704397615,15185.487668215763,-70827.12937576039,295.6048174036715,64.0,0.9684105722189177,617
23100000,-85599.65830374177,15300.398058857303,-70299.26024488447,297.8416942024637,64.0,0.9684105722189177,617
23150000,-85740.79209280427,15864.753027293365,-69876.03906551091,308.8275809280231,64.0,0.9684105722189177,617
23200000,-86176.81247854646,15624.559120046906,-70552.25335849955,304.15190124987373,64.0,0.9684105722189177,617
23250000,-85987.8470244449,15678.373178162612,-70309.47384628229,305.1994602858828,64.0,0.9684105722189177,617
23300000,-85458.33896780427,15661.135375359096,-69797.20359244518,304.86390454598785,64.0,0.9684105722189177,617
23350000,-85649.7601103824,15424.417298947228,-70225.34281143517,300.25588633262873,64.0,0.9684105722189177,617
23400000,-85868.43796682771,15109.261240729596,-70759.17672609811,294.12097311294485,64.0,0.9684105722189177,617
23450000,-85835.85410452302,15618.757703943484,-70217.09640057954,304.0389693121313,64.0,0.9684105722189177,617
23500000,-86149.5657744449,15414.024153257953,-70735.54162118695,300.0535705426552,64.0,0.9684105722189177,617
23550000,-85749.24045706209,15385.846718141343,-70363.39373892074,299.50506095609893,64.0,0.9684105722189177,617
23600000,-86329.55039358552,15616.321487926063,-70713.22890565946,303.9915452710521,64.0,0.9684105722189177,617
23650000,-85980.3626494449,15775.198703842238,-70205.16394560266,307.0842922032962,64.0,0.9684105722189177,617
23700000,-85709.72678518709,15160.321781759616,-70549.40500342747,295.11493143930824,64.0,0.9684105722189177,617
23750000,-85542.57297659334,15937.780931588728,-69604.79204500461,310.24916189968906,64.0,0.9684105722189177,617
23800000,-85655.7933135074,15676.326145018917,-69979.46716848848,305.15961218407125,64.0,0.9684105722189177,617
23850000,-86347.27951956209,15250.422156717628,-71096.85736284446,296.86884975061884,64.0,0.9684105722189177,617
23900000,-85840.38877249177,15408.244919038378,-70432.1438534534,299.9410704034739,64.0,0.9684105722189177,617
23950000,-85945.98838186677,15216.029936707637,-70729.95844515914,296.199361477454,64.0,0.9684105722189177,617
24000000,-85841.54075003084,15160.618750477908,-70680.92199955293,295.1207123128411,64.0,0.9684105722189177,617
24050000,-85967.83579397615,15724.86725358467,-70242.96854039148,306.10452655545396,64.0,0.9684105722189177,617
24100000,-85745.60300589021,15309.730404391885,-70435.87260149833,298.0233601692059,64.0,0.9684105722189177,617
24150000,-85694.65024710115,15446.34796799114,-70248.30227911001,300.6827946782747,64.0,0.9684105722189177,617
24200000,-86000.88443899568,15091.27388672391,-70909.61055227177,293.7708264062602,64.0,0.9684105722189177,617
24250000,-85583.30075979646,15725.694300066214,-69857.60645973025,306.12062606634896,64.0,0.9684105722189177,617
24300000,-85752.17594290193,15806.921456190757,-69945.25448671117,307.70181589568,64.0,0.9684105722189177,617
24350000,-85658.93454885896,15384.804152337601,-70274.13039652136,299.48476608768374,64.0,0.9684105722189177,617
24400000,-85749.73215628084,15242.736554682255,-70506.99560159858,296.7192397390116,64.0,0.9684105722189177,617
24450000,-85501.70847464021,15427.197701093275,-70074.51077354694,300.31001039414383,64.0,0.9684105722189177,617
24500000,-85843.02976370271,15623.196295877686,-70219.83346782502,304.1253721453433,64.0,0.9684105722189177,617
24550000,-85600.15720510896,15377.838174258824,-70222.31903085014,299.3491644709951,64.0,0.9684105722189177,617
24600000,-85963.24973440584,15340.95441862184,-70622.295315784,298.6311752902425,64.0,0.9684105722189177,617
24650000,-86161.10740042146,15609.915052995202,-70551.19234742626,303.8668358728871,64.0,0.9684105722189177,617
24700000,-85835.73215628084,15750.015401319135,-70085.7167549617,306.5940672130547,64.0,0.9684105722189177,617
24750000,-85806.4222197574,15324.127964303945,-70482.29425545345,298.30362697142203,64.0,0.9684105722189177,617
24800000,-85923.49399710115,15529.230667872587,-70394.26332922856,302.29621177094145,64.0,0.9684105722189177,617
24850000,-86000.04380178865,15291.743492241483,-70708.30030954716,297.67322206379595,64.0,0.9684105722189177,617
24900000,-86422.14670706209,15408.84086355404,-71013.30584350805,299.9526712208849,64.0,0.9684105722189177,617
24950000,-85527.93283987459,15225.255878012162,-70302.67696186242,296.37895615062405,64.0,0.9684105722189177,617
25000000,-85906.42679739412,15653.26376204181,-70253.1630353523,304.7106735883678,64.0,0.9684105722189177,617
25050000,-86118.38547659334,15362.572454796638,-70755.8130217967,299.05199783975155,64.0,0.9684105722189177,617
25100000,-85788.64658499177,15619.508321474772,-70169.138263517,304.0535810363726,64.0,0.9684105722189177,617
25150000,-85783.62564993318,15187.314671309781,-70596.3109786234,295.6403823409197,64.0,0.9684105722189177,617
25200000,-85979.0667510074,15522.317013980355,-70456.74973702704,302.1616287110452,64.0,0.9684105722189177,617
25250000,-86213.16782522615,15612.963479568716,-70600.20434565743,303.9261773705275,64.0,0.9684105722189177,617
25300000,-86061.35752249177,15215.361681602197,-70845.99584088958,296.1863530425101,64.0,0.9684105722189177,617
25350000,-85619.77109671052,15516.64255574625,-70103.12854096427,302.0511681695857,64.0,0.9684105722189177,617
25400000,-86150.57938528474,15771.455087292008,-70379.12429799273,307.0114179492098,64.0,0.9684105722189177,617
25450000,-85892.33078909334,15342.323817193945,-70550.00697189939,298.65783237388075,64.0,0.9684105722189177,617
25500000,-85912.87131643709,15712.959592680447,-70199.91172375664,305.8727288019537,64.0,0.9684105722189177,617
25550000,-85560.61216116365,15498.966051427182,-70061.64610973647,301.70707254712437,64.0,0.9684105722189177,617
25600000,-85882.18894339021,15421.36075062654,-70460.82819276367,300.19638673485724,64.0,0.9684105722189177,617
25650000,-86067.85032034334,15370.434404103376,-70697.41591623996,299.2050406751239,64.0,0.9684105722189177,617
25700000,-86286.64280081209,15767.960109398933,-70518.68269141315,306.9433837625913,64.0,0.9684105722189177,617
25750000,-85816.1155791324,15426.917812680127,-70389.19776645227,300.3045620104587,64.0,0.9684105722189177,617
25800000,-86047.72873831209,15175.055013929028,-70872.67372438306,295.40173252863514,64.0,0.9684105722189177,617
25850000,-85832.5364775699,15339.1904760506,-70493.3460015193,298.5968379062167,64.0,0.9684105722189177,617
25900000,-85311.14670706209,15138.99389376142,-70172.15281330067,294.6997569928195,64.0,0.9684105722189177,617
25950000,-86085.8382353824,15230.234438269457,-70855.60379711294,296.4758701535158,64.0,0.9684105722189177,617
26000000,-85763.29245901521,15331.896971406764,-70431.39548760845,298.4548605686705,64.0,0.9684105722189177,617
26050000,-86180.82224417146,15438.995504341088,-70741.82673983037,300.5396696287388,64.0,0.9684105722189177,617
26100000,-86136.59128714021,15479.380197722523,-70657.21108941769,301.3258090121917,64.0,0.9684105722189177,617
26150000,-85456.99619436677,15489.259556744713,-69967.73663762206,301.518123291695,64.0,0.9684105722189177,617
26200000,-85710.50290823396,15542.767487942707,-70167.73542029125,302.5597231781799,64.0,0.9684105722189177,617
26250000,-85488.9983916324,15048.62274828332,-70440.37564334908,292.94056778920054,64.0,0.9684105722189177,617
26300000,-85966.56931448396,15431.416428537108,-70535.15288594685,300.39213328561476,64.0,0.9684105722189177,617
26350000,-85722.24143362459,15737.899785170332,-69984.34164845425,306.35822134641876,64.0,0.9684105722189177,617
26400000,-86074.3147978824,15411.01078622113,-70663.30401166127,299.9949115234553,64.0,0.9684105722189177,617
26450000,-85485.40818167146,15793.01941315271,-69692.38876851875,307.431194959192,64.0,0.9684105722189177,617
26500000,-85563.29599905427,14986.746126573998,-70576.54987248027,291.73606070575505,64.0,0.9684105722189177,617
26550000,-86151.08176565584,15332.454121296178,-70818.62764435966,298.46570619937563,64.0,0.9684105722189177,617
26600000,-85858.25583792146,15107.18716407963,-70751.06867384183,294.08059857491287,64.0,0.9684105722189177,617
26650000,-85483.27536917146,15465.72861703633,-70017.54675213512,301.06006364370677,64.0,0.9684105722189177,617
26700000,-85730.64670706209,15158.218739372678,-70572.42796768941,295.0739930463922,64.0,0.9684105722189177,617
26750000,-85965.51938772615,15263.524159205612,-70701.99522852054,297.12389688099114,64.0,0.9684105722189177,617
26800000,-85847.63681936677,15798.531719424995,-70049.10509994178,307.53849900662823,64.0,0.9684105722189177,617
26850000,-86002.60575247224,15544.31891594769,-70458.28683652455,302.58992369607887,64.0,0.9684105722189177,617
26900000,-85632.97629690584,15675.592420711648,-69957.38387619419,305.14532930790597,64.0,0.9684105722189177,617
26950000,-85864.50888967927,15278.65871858038,-70585.8501710989,297.41851031443576,64.0,0.9684105722189177,617
27000000,-85665.18430471834,15359.95509573305,-70305.22920898529,299.00104761905556,64.0,0.9684105722189177,617
27050000,-85515.07492971834,15554.474716446304,-69960.60021327203,302.7876192602631,64.0,0.9684105722189177,617
27100000,-85825.78794241365,15058.884564333595,-70766.90337808005,293.14032708083795,64.0,0.9684105722189177,617
27150000,-85744.41477346834,15216.636567480396,-70527.77820598794,296.2111703164409,64.0,0.9684105722189177,617
27200000,-86001.8021025699,14968.933041394921,-71032.86906117498,291.38930636326666,64.0,0.9684105722189177,617
27250000,-86283.83957815584,15686.796345497132,-70597.0432326587,305.36342794344404,64.0,0.9684105722189177,617
27300000,-85841.52414846834,15686.641124603804,-70154.88302386453,305.36040637147795,64.0,0.9684105722189177,617
27350000,-85324.52720022615,15723.337730398518,-69601.18946982763,306.0747524426934,64.0,0.9684105722189177,617
27400000,-85973.89182424959,15327.744284158398,-70646.14754009119,298.3740232335379,64.0,0.9684105722189177,617
27450000,-85827.15622854646,15461.318668448832,-70365.83756009763,300.97421838964254,64.0,0.9684105722189177,617
27500000,-85715.52781057771,15648.179648086661,-70067.34816249105,304.6117048485942,64.0,0.9684105722189177,617
27550000,-85574.92478323396,15354.999530789792,-70219.92525244417,298.9045812491773,64.0,0.9684105722189177,617
27600000,-85929.65342092927,15513.859837089432,-70415.79358383984,301.9969990142443,64.0,0.9684105722189177,617
27650000,-86093.03428030427,15029.586807512329,-71063.44747279194,292.57000900843155,64.0,0.9684105722189177,617
27700000,-86183.02536917146,15301.41966834967,-70881.60570082179,297.86158112964364,64.0,0.9684105722189177,617
27750000,-85447.97617483552,15783.729969050735,-69664.24620578479,307.25036412336095,64.0,0.9684105722189177,617
27800000,-85970.09751272615,15471.028243279783,-70499.06926944637,301.1632276040768,64.0,0.9684105722189177,617
27850000,-85796.38596487459,15593.670657971059,-70202.71530690353,303.55061807798575,64.0,0.9684105722189177,617
27900000,-85651.23972464021,15482.685772989877,-70168.55395165033,301.39015623597993,64.0,0.9684105722189177,617
27950000,-86007.19785452302,15447.64164495538,-70559.55620956764,300.7079777445779,64.0,0.9684105722189177,617
28000000,-85762.79490042146,15801.56433610199,-69961.23056431947,307.59753274453936,64.0,0.9684105722189177,617
28050000,-86179.79416799959,15073.339229622157,-71106.45493837743,293.42170551178555,64.0,0.9684105722189177,617
28100000,-85524.52262258943,15298.504814511165,-70226.01780807826,297.80483979505397,64.0,0.9684105722189177,617
28150000,-85452.14316702302,15437.535209862952,-70014.60795716007,300.51124314076577,64.0,0.9684105722189177,617
28200000,-85915.49436331209,15280.283142524306,-70635.21122078778,297.4501317910602,64.0,0.9684105722189177,617
28250000,-86074.97721243318,15364.502135288436,-70710.47507714474,299.089561523045,64.0,0.9684105722189177,617
28300000,-85990.32138967927,15432.404586216202,-70557.91680346307,300.41136903073385,64.0,0.9684105722189177,617
28350000,-85933.03489065584,15230.836486061104,-70702.19840459473,296.48758977895073,64.0,0.9684105722189177,617
28400000,-85785.23453665193,15387.005060866824,-70398.2294757851,299.52760956944195,64.0,0.9684105722189177,617
28450000,-85885.93564749177,15544.414073068183,-70341.52157442359,302.5917760503689,64.0,0.9684105722189177,617
28500000,-85851.30527639802,15635.990211638855,-70215.31506475917,304.37442197601644,64.0,0.9684105722189177,617
28550000,-86219.69065237459,15579.665471385699,-70640.02518098889,303.2779893212593,64.0,0.9684105722189177,617
28600000,-86079.06919241365,15350.197301582899,-70728.87189083075,298.8110997542889,64.0,0.9684105722189177,617
28650000,-86312.26743460115,15669.62853059033,-70642.63890401082,305.0292346069094,64.0,0.9684105722189177,617
28700000,-85959.49668264802,15525.572115736548,-70433.92456691148,302.22499340378954,64.0,0.9684105722189177,617
28750000,-86390.37485647615,15213.835949642118,-71176.53890683403,296.15665273078355,64.0,0.9684105722189177,617
28800000,-85986.26035452302,15749.9607317216,-70236.29962280142,306.59300299985654,64.0,0.9684105722189177,617
28850000,-85529.64463186677,15487.527293655556,-70042.11733821122,301.48440258905094,64.0,0.9684105722189177,617
28900000,-85920.23996878084,15681.688998736441,-70238.5509700444,305.2640069475828,64.0,0.9684105722189177,617
28950000,-86050.15732717927,15596.953453912749,-70453.20387326652,303.61452187324863,64.0,0.9684105722189177,617
29000000,-85893.63865042146,15401.282586507034,-70492.35606391443,299.80553975199933,64.0,0.9684105722189177,617
29050000,-85816.43845510896,15341.140625071828,-70475.29783003713,298.63480003544987,64.0,0.9684105722189177,617
29100000,-85789.58115530427,15460.112765389495,-70329.46838991478,300.9507439539543,64.0,0.9684105722189177,617
29150000,-85720.77012014802,15559.066602271923,-70161.7035178761,302.87700615389986,64.0,0.9684105722189177,617
29200000,-85734.95041799959,15441.875929146016,-70293.07448885357,300.59574075843244,64.0,0.9684105722189177,617
29250000,-86028.89963674959,15627.225494176033,-70401.67414257355,304.20380561111597,64.0,0.9684105722189177,617
29300000,-85839.67295217927,15580.648580440029,-70259.02437173924,303.29712678848085,64.0,0.9684105722189177,617
29350000,-86246.38266897615,15604.827585469233,-70641.55508350692,303.76780185159527,64.0,0.9684105722189177,617
29400000,-85152.49570608552,15047.761544433772,-70104.73416165175,292.92380336172505,64.0,0.9684105722189177,617
29450000,-85620.36472464021,15475.102100407938,-70145.26262423227,301.24253041073064,64.0,0.9684105722189177,617
29500000,-85780.18503714021,15490.352450872073,-70289.83258626814,301.53939786489406,64.0,0.9684105722189177,617
29550000,-86284.54880667146,15420.529387281276,-70864.01941939018,300.18020319072343,64.0,0.9684105722189177,617
29600000,-85297.37168264802,15424.758370049181,-69872.61331259884,300.26252571511134,64.0,0.9684105722189177,617
29650000,-85739.14536428865,15420.863735404797,-70318.28162888385,300.18671170188634,64.0,0.9684105722189177,617
29700000,-85979.20176077302,15574.017485082382,-70405.18427569064,303.16804408957705,64.0,0.9684105722189177,617
29750000,-85848.07871389802,15469.067642976297,-70379.01107092173,301.1250620273514,64.0,0.9684105722189177,617
29800000,-86204.31003714021,15282.899131897255,-70921.41090524296,297.501055348987,64.0,0.9684105722189177,617
29850000,-86019.77683401521,15650.989321706584,-70368.78751230863,304.6663987165507,64.0,0.9684105722189177,617
29900000,-85714.8553862613,15791.766220664605,-69923.0891655967,307.4067999746705,64.0,0.9684105722189177,617
29950000,-86066.62558889802,15421.06559649948,-70645.55999239854,300.19064118464894,64.0,0.9684105722189177,617
30000000,-85596.43345022615,15800.934789704625,-69795.49866052152,307.58527782379485,64.0,0.9684105722189177,617
30050000,-85947.97190237459,15551.117829556344,-70396.85407281824,302.72227319052655,64.0,0.9684105722189177,617
30100000,-86066.39853811677,15601.697527421988,-70464.70101069479,303.7068712935694,64.0,0.9684105722189177,617
30150000,-85869.24955130037,15338.610441583209,-70530.63910971716,298.5855467981162,64.0,0.9684105722189177,617
30200000,-86165.81150198396,15472.478523063939,-70693.33297892002,301.19145914330335,64.0,0.9684105722189177,617
30250000,-85974.61240530427,15430.089568254072,-70544.5228370502,300.3663042638371,64.0,0.9684105722189177,617
30300000,-85854.96860647615,15345.388502890593,-70509.58010358555,298.71749037601745,64.0,0.9684105722189177,617
30350000,-85430.08255911287,15679.30703394697,-69750.7755251659,305.21763897560606,64.0,0.9684105722189177,617
30400000,-86383.39127493318,15224.266380936373,-71159.1248939968,296.35969433244594,64.0,0.9684105722189177,617
30450000,-85638.31955862459,15280.583123900054,-70357.73643472453,297.4559713097994,64.0,0.9684105722189177,617
30500000,-85650.3460478824,15178.003482257016,-70472.34256562538,295.4591282119848,64.0,0.9684105722189177,617
30550000,-85690.95066214021,15571.618063810747,-70119.33259832946,303.12133630498874,64.0,0.9684105722189177,617
30600000,-86213.18259573396,15134.509172345046,-71078.67342338891,294.61245619060895,64.0,0.9684105722189177,617
30650000,-86127.16306448396,15475.30780318298,-70651.85526130098,301.24653467668406,64.0,0.9684105722189177,617
30700000,-85965.12790823396,15515.638804662041,-70449.48910357192,302.0316288790177,64.0,0.9684105722189177,617
30750000,-85740.35361624177,15517.696612625616,-70222.65700361616,302.0716867263924,64.0,0.9684105722189177,617
30800000,-85833.95603323396,15490.669067116454,-70343.2869661175,301.5455612024932,64.0,0.9684105722189177,617
30850000,-85522.04227590974,15269.95352962392,-70252.08874628582,297.2490527475691,64.0,0.9684105722189177,617
30900000,-86047.87497854646,15634.841929674614,-70413.03304887185,304.35206920817757,64.0,0.9684105722189177,617
30950000,-86072.29013967927,15305.106260258937,-70767.18387942034,297.93334532661845,64.0,0.9684105722189177,617
31000000,-85783.33579397615,15761.55293118325,-70021.7828627929,306.81865989544247,64.0,0.9684105722189177,617
31050000,-86257.74790335115,14884.366875874344,-71373.3810274768,289.74311847233963,64.0,0.9684105722189177,617
31100000,-85343.55173635896,15563.662217354868,-69779.8895190041,302.96646564227007,64.0,0.9684105722189177,617
31150000,-85808.12314749177,15273.607127416646,-70534.51602007513,297.32017467213177,64.0,0.9684105722189177,617
31200000,-85461.74167776521,15303.206823579734,-70158.53485418548,297.8963703775754,64.0,0.9684105722189177,617
31250000,-85971.80301809724,15731.107384719304,-70240.69563337794,306.22599863886217,64.0,0.9684105722189177,617
31300000,-85900.6546416324,15634.042504423298,-70266.6121372091,304.33650737963404,64.0,0.9684105722189177,617
31350000,-85958.5887846988,15388.478078032378,-70570.11070666643,299.55628372069543,64.0,0.9684105722189177,617
31400000,-86119.62204885896,15129.88220560085,-70989.73984325811,294.52238640230615,64.0,0.9684105722189177,617
31450000,-85584.25290823396,15298.48584274971,-70285.76706548425,297.8044704856051,64.0,0.9684105722189177,617
31500000,-86137.79660940584,15332.855378269684,-70804.94123113615,298.47351717634103,64.0,0.9684105722189177,617
31550000,-86112.72910452302,15086.191009331495,-71026.53809519153,293.6718817377518,64.0,0.9684105722189177,617
31600000,-86211.84787893709,15537.973956986796,-70673.87392195029,302.4664110058019,64.0,0.9684105722189177,617
31650000,-86000.55564260896,15546.057488188322,-70454.49815442064,302.623767214375,64.0,0.9684105722189177,617
31700000,-86037.44736624177,15381.345399566228,-70656.10196667555,299.4174370690993,64.0,0.9684105722189177,617
31750000,-86046.58103323396,15420.229449292645,-70626.35158394132,300.1743645165696,64.0,0.9684105722189177,617
31800000,-86039.90049124177,15422.29619729123,-70617.60429395054,300.21459639308813,64.0,0.9684105722189177,617
31850000,-86174.74387503084,15270.929590961197,-70903.81428406964,297.268053022021,64.0,0.9684105722189177,617
31900000,-86114.61594534334,15209.467236974277,-70905.14870836906,296.0716101863041,64.0,0.9684105722189177,617
31950000,-85979.37497854646,15243.92684698687,-70735.44813155959,296.7424102915187,64.0,0.9684105722189177,617
32000000,-85665.51023245271,15772.720202399534,-69892.79003005318,307.0360450226713,64.0,0.9684105722189177,617
32050000,-86109.59354544099,15548.639824472048,-70560.95372096894,302.6740356721489,64.0,0.9684105722189177,617
32100000,-85461.96665335115,15312.312566350214,-70149.65408700093,298.0736252335144,64.0,0.9684105722189177,617
32150000,-85937.99234915193,15304.450824809726,-70633.5415243422,297.92058644257617,64.0,0.9684105722189177,617
32200000,-85954.65842581209,15401.315876016473,-70553.3425497956,299.80618777460984,64.0,0.9684105722189177,617
32250000,-85598.32212210115,15669.87580117362,-69928.44632092753,305.0340480430809,64.0,0.9684105722189177,617
32300000,-85720.49997854646,15414.20448392583,-70306.29549462063,300.0570809082961,64.0,0.9684105722189177,617
32350000,-85541.98728323396,15228.517378788674,-70313.46990444529,296.44244540843175,64.0,0.9684105722189177,617
32400000,-85796.01316214021,15234.8332664271,-70561.17989571311,296.5653921884687,64.0,0.9684105722189177,617
32450000,-85954.18601370271,15633.423631303653,-70320.76238239906,304.32446022780556,64.0,0.9684105722189177,617
32500000,-85921.98655081209,15510.08863436617,-70411.89791644592,301.92358776023923,64.0,0.9684105722189177,617
32550000,-85888.56052542146,15934.34018143313,-69954.22034398833,310.18218332490113,64.0,0.9684105722189177,617
32600000,-85788.61191702302,15369.382175876759,-70419.22974114626,299.184557715367,64.0,0.9684105722189177,617
32650000,-85815.84751272615,15238.548761916347,-70577.2987508098,296.6377190303628,64.0,0.9684105722189177,617
32700000,-85985.76084280427,15490.451457871939,-70495.30938493233,301.541325161979,64.0,0.9684105722189177,617
32750000,-85984.95127249177,15377.090771881747,-70607.86050061003,299.33461533381694,64.0,0.9684105722189177,617
32800000,-85969.4124541324,15383.107101396192,-70586.3053527362,299.4517308342483,64.0,0.9684105722189177,617
32850000,-85430.52317190584,15433.5194374891,-69997.00373441674,300.4330710276771,64.0,0.9684105722189177,617
32900000,-85468.92197561677,15586.419704472763,-69882.50227114401,303.40946905256766,64.0,0.9684105722189177,617
32950000,-85368.9608550113,15222.203288291581,-70146.75756671972,296.31953361203483,64.0,0.9684105722189177,617
33000000,-86037.83066702302,15121.31177558389,-70916.51889143913,294.35555208946835,64.0,0.9684105722189177,617
33050000,-85462.91916799959,15102.287885277765,-70360.63128272182,293.9852278863135,64.0,0.9684105722189177,617
33100000,-86397.68509817537,15341.366259683273,-71056.3188384921,298.6391922999312,64.0,0.9684105722189177,617
33150000,-85976.23642874177,15538.384515772806,-70437.85191296897,302.4744030543699,64.0,0.9684105722189177,617
33200000,-85934.65989065584,15434.423793304479,-70500.23609735136,300.45067546301124,64.0,0.9684105722189177,617
33250000,-85667.46701956209,15540.802866287995,-70126.66415327409,302.521479320742,64.0,0.9684105722189177,617
33300000,-85486.79245901521,15665.37068185024,-69821.42177716497,304.9463501696858,64.0,0.9684105722189177,617
33350000,-86075.5081572574,15521.881671450334,-70553.62648580706,302.15315421540123,64.0,0.9684105722189177,617
33400000,-85620.88462210115,15056.420365647878,-70564.46425645327,293.0923583215559,64.0,0.9684105722189177,617
33450000,-85667.25681448396,15395.385257169371,-70271.87155731459,299.6907407412519,64.0,0.9684105722189177,617
33500000,-86657.20505667146,15547.888918486424,-71109.31613818504,302.6594183327774,64.0,0.9684105722189177,617
33550000,-86150.82969046052,15605.15189208719,-70545.67779837333,303.7741148920901,64.0,0.9684105722189177,617
33600000,-85928.59812307771,15428.37850548583,-70500.21961759188,300.3329962523841,64.0,0.9684105722189177,617
33650000,-86238.04734182771,15520.726227753854,-70717.32111407386,302.1306620353422,64.0,0.9684105722189177,617
33700000,-85694.69626760896,15268.851282481046,-70425.84498512791,297.227596106036,64.0,0.9684105722189177,617
33750000,-85788.24729299959,15744.340501230385,-70043.9067917692,306.48359807033296,64.0,0.9684105722189177,617
33800000,-85969.16306448396,15544.046464108396,-70425.11660037556,302.58462007475526,64.0,0.9684105722189177,617
33850000,-86059.96408987459,15245.623295732774,-70814.34079414181,296.77543382245324,64.0,0.9684105722189177,617
33900000,-85835.79575491365,15415.972370665055,-70419.8233842486,300.09149507056446,64.0,0.9684105722189177,617
33950000,-85573.95896292146,15241.912459119223,-70332.04650380224,296.70319767149584,64.0,0.9684105722189177,617
34000000,-86159.52231741365,15448.605803599115,-70710.91651381453,300.7267463179722,64.0,0.9684105722189177,617
34050000,-86012.5022978824,15449.004699024139,-70563.49759885826,300.734511324395,64.0,0.9684105722189177,617
34100000,-85913.19162893709,15464.579429575242,-70448.61219936184,301.0376932492209,64.0,0.9684105722189177,617
34150000,-85779.51938772615,15536.200440961053,-70243.3189467651,302.4318872623169,64.0,0.9684105722189177,617
34200000,-85519.22287893709,15195.623003801797,-70323.59987513529,295.8021145923226,64.0,0.9684105722189177,617
34250000,-86052.89377737459,15130.030052707996,-70922.86372466659,294.5252644341525,64.0,0.9684105722189177,617
34300000,-86076.1019072574,15242.592674367828,-70833.50923288957,296.7164389258271,64.0,0.9684105722189177,617
34350000,-86319.84568167146,15711.804940219154,-70608.0407414523,305.8502520242932,64.0,0.9684105722189177,617
34400000,-85906.62851858552,15301.430749758874,-70605.19776882665,297.8617968433577,64.0,0.9684105722189177,617
34450000,-86290.79606008943,15742.26131780853,-70548.5347422809,306.44312412249576,64.0,0.9684105722189177,617
34500000,-85940.42368460115,15263.215285591315,-70677.20839900983,297.11788426352706,64.0,0.9684105722189177,617
34550000,-85644.82126760896,15317.889595690183,-70326.93167191878,298.1821891977226,64.0,0.9684105722189177,617
34600000,-85654.21762991365,15062.040154682938,-70592.17747523071,293.2017546575743,64.0,0.9684105722189177,617
34650000,-85634.7161650699,15546.423451420618,-70088.29271364928,302.6308911538113,64.0,0.9684105722189177,617
34700000,-86210.37229299959,15775.436627731426,-70434.93566526816,307.08892369418777,64.0,0.9684105722189177,617
34750000,-85672.48716116365,15237.700593816582,-70434.78656734707,296.6212083603246,64.0,0.9684105722189177,617
34800000,-86200.3304228824,15394.506953963428,-70805.82346891897,299.6736434530719,64.0,0.9684105722189177,617
34850000,-86100.13083792146,15501.209709932096,-70598.92112798936,301.7507482114924,64.0,0.9684105722189177,617
34900000,-85590.35630178865,15861.734881821554,-69728.6214199671,308.76882889051296,64.0,0.9684105722189177,617
34950000,-86055.61338186677,15652.097998141544,-70403.51538372523,304.68798051242555,64.0,0.9684105722189177,617
35000000,-86250.84812307771,15472.032563223329,-70778.81555985438,301.1827779682148,64.0,0.9684105722189177,617
35050000,-85859.5335478824,15383.327954225475,-70476.20559365692,299.45603001526246,64.0,0.9684105722189177,617
35100000,-85475.90989065584,15312.31458951626,-70163.59530113958,298.0736646170128,64.0,0.9684105722189177,617
35150000,-85645.92527151521,15682.094956687419,-69963.83031482779,305.27190943504945,64.0,0.9684105722189177,617
35200000,-85685.06797171052,15522.506545132026,-70162.5614265785,302.1653181757964,64.0,0.9684105722189177,617
35250000,-86215.55759573396,15252.657613346586,-70962.89998238737,296.9123657550472,64.0,0.9684105722189177,617
35300000,-86002.37485647615,15371.87585659133,-70630.49899988482,299.2331003798108,64.0,0.9684105722189177,617
35350000,-85714.00180960115,15393.47479378598,-70320.52701581517,299.6535511433975,64.0,0.9684105722189177,617
35400000,-86014.11179495271,15531.673824803904,-70482.4379701488,302.3437709257312,64.0,0.9684105722189177,617
35450000,-85731.97190237459,15538.67258499097,-70193.29931738361,302.48001068782196,64.0,0.9684105722189177,617
35500000,-86097.88401174959,15379.835054305033,-70718.04895744455,299.38803627902223,64.0,0.9684105722189177,617
35550000,-85508.9847197574,15260.753649972845,-70248.23106978455,297.06996539760644,64.0,0.9684105722189177,617
35600000,-85736.3948760074,15462.300302920281,-70274.09457308712,300.99332715223414,64.0,0.9684105722189177,617
35650000,-85887.86814260896,15466.141910929698,-70421.72623167926,301.06810893461557,64.0,0.9684105722189177,617
35700000,-86016.50766897615,15407.767160930904,-70608.74050804524,299.93177023470696,64.0,0.9684105722189177,617
35750000,-85861.99649954255,15304.214669094421,-70557.78183044813,297.91598937143647,64.0,0.9684105722189177,617
35800000,-85784.53971243318,15833.721967624035,-69950.81774480914,308.223521912744,64.0,0.9684105722189177,617
35850000,-85974.93967581209,15777.931050899555,-70197.00862491253,307.1374808114337,64.0,0.9684105722189177,617
35900000,-85871.58982229646,15318.132346588536,-70553.45747570792,298.1869146524824,64.0,0.9684105722189177,617
35950000,-85706.48423147615,15445.992526967544,-70260.4917045086,300.6758755670039,64.0,0.9684105722189177,617
36000000,-86015.00583792146,15552.410958924796,-70462.59487899666,302.74744559718164,64.0,0.9684105722189177,617
36050000,-85113.49704885896,15680.05181989097,-69433.44522896799,305.23213718058906,64.0,0.9684105722189177,617
36100000,-86211.61496878084,15411.40246856946,-70800.21250021138,300.0025361181728,64.0,0.9684105722189177,617
36150000,-85627.6067900699,15319.40876639681,-70308.19802367309,298.21176178631174,64.0,0.9684105722189177,617
36200000,-85720.00974417146,15230.260088317795,-70489.74965585367,296.4763694643066,64.0,0.9684105722189177,617
36250000,-86125.78244924959,15718.415513869259,-70407.36693538033,305.9789352420776,64.0,0.9684105722189177,617
36300000,-85262.41428518709,15490.507093290798,-69771.90719189629,301.54240817611674,64.0,0.9684105722189177,617
36350000,-85788.62363577302,15650.367486425908,-70138.25614934711,304.654293902493,64.0,0.9684105722189177,617
36400000,-86150.65049124177,15282.398745398503,-70868.25174584327,297.4913146898244,64.0,0.9684105722189177,617
36450000,-86003.55588674959,15461.575115621556,-70541.98077112803,300.9792104597902,64.0,0.9684105722189177,617
36500000,-86334.80368948396,15346.017252600286,-70988.78643688367,298.7297297882239,64.0,0.9684105722189177,617
36550000,-85393.38596487459,15769.575053490931,-69623.81091138365,306.9748207018495,64.0,0.9684105722189177,617
36600000,-85960.22837210115,15403.004798235314,-70557.22357386583,299.83906479212925,64.0,0.9684105722189177,617
36650000,-85936.70951223787,15257.728968409589,-70678.98054382828,297.0110861267693,64.0,0.9684105722189177,617
36700000,-85820.50290823396,15419.066083476879,-70401.43682475708,300.15171812239,64.0,0.9684105722189177,617
36750000,-85757.33445120271,15962.439695251698,-69794.89475595101,310.7291760743572,64.0,0.9684105722189177,617
36800000,-86256.64109182771,15424.794884171803,-70831.84620765591,300.26323650891567,64.0,0.9684105722189177,617
36850000,-86085.28403616365,15808.664884577593,-70276.61915158606,307.73575394503393,64.0,0.9684105722189177,617
36900000,-86271.85074758943,15963.736845395062,-70308.11390219437,310.7544267505062,64.0,0.9684105722189177,617
36950000,-86183.02134085115,15232.930992937996,-70950.09034791315,296.5283620173156,64.0,0.9684105722189177,617
37000000,-85905.54746389802,15334.467518207617,-70571.0799456904,298.5048995291765,64.0,0.9684105722189177,617
37050000,-85527.09482717927,15465.505638326984,-70061.58918885229,301.05572307973534,64.0,0.9684105722189177,617
37100000,-85747.13547659334,15978.776911389316,-69768.35856520402,311.04720075020305,64.0,0.9684105722189177,617
37150000,-85836.90305471834,14897.770440169144,-70939.13261454919,290.0040358865505,64.0,0.9684105722189177,617
37200000,-85741.54978323396,15037.0717418415,-70704.47804139246,292.7157127680997,64.0,0.9684105722189177,617
37250000,-85589.87009573396,15505.937609818764,-70083.9324859152,301.842782791694,64.0,0.9684105722189177,617
37300000,-85553.38376760896,15622.439250558615,-69930.94451705035,304.11063529604354,64.0,0.9684105722189177,617
37350000,-85363.60996389802,15351.702274812851,-70011.90768908517,298.8403959709503,64.0,0.9684105722189177,617
37400000,-85866.77683401521,15281.07551470073,-70585.70131931448,297.4655563225368,64.0,0.9684105722189177,617
37450000,-85898.78952932771,15626.973424534779,-70271.81610479293,304.1988987551819,64.0,0.9684105722189177,617
37500000,-85512.13962698396,15487.567938216496,-70024.57168876746,301.4851937870867,64.0,0.9684105722189177,617
37550000,-86077.45536184724,15456.845602274407,-70620.60975957284,300.8871444715297,64.0,0.9684105722189177,617
37600000,-85875.64121389802,15402.120621506125,-70473.5205923919,299.8218531683543,64.0,0.9684105722189177,617
37650000,-85816.50925589021,15462.917564851698,-70353.59169103851,301.00534294023606,64.0,0.9684105722189177,617
37700000,-85580.8616728824,15428.98094887915,-70151.88072400325,300.34472357870834,64.0,0.9684105722189177,617
37750000,-85847.51999807771,15954.945109516848,-69892.57488856086,310.58328443781113,64.0,0.9684105722189177,617
37800000,-85993.27658987459,15461.362057361403,-70531.91453251318,300.97506300997065,64.0,0.9684105722189177,617
37850000,-85938.12851858552,15116.018981286092,-70822.10953729943,294.2525211216035,64.0,0.9684105722189177,617
37900000,-85752.03281546052,15253.958931482397,-70498.07388397813,296.9376975664665,64.0,0.9684105722189177,617
37950000,-85728.56455374177,15646.25635803584,-70082.30819570593,304.5742655633562,64.0,0.9684105722189177,617
38000000,-85931.48240042146,15238.54004344705,-70692.94235697441,296.63754931427724,64.0,0.9684105722189177,617
38050000,-85695.97532034334,15490.344827028806,-70205.63049331453,301.5392494570953,64.0,0.9684105722189177,617
38100000,-85812.04551077302,15324.123390936293,-70487.92211983673,298.30353794500815,64.0,0.9684105722189177,617
38150000,-85758.62693167146,15384.169052307494,-70374.45787936397,299.4724030584196,64.0,0.9684105722189177,617
38200000,-85931.79172659334,15426.328279756475,-70505.46344683686,300.293086002835,64.0,0.9684105722189177,617
38250000,-86067.8411650699,15297.098556228331,-70770.74260884157,297.77746519029955,64.0,0.9684105722189177,617
38300000,-85750.12967825349,15622.876622012584,-70127.25305624091,304.1191492872707,64.0,0.9684105722189177,617
38350000,-86019.53403616365,15286.598120033508,-70732.93591613014,297.57306085427507,64.0,0.9684105722189177,617
38400000,-85900.8108916324,15689.151533172466,-70211.65935845993,305.4092746648618,64.0,0.9684105722189177,617
38450000,-85503.93772268709,15410.220937523525,-70093.71678516356,299.97953611470103,64.0,0.9684105722189177,617
38500000,-86009.21384573396,15360.38398470427,-70648.82986102969,299.00939648797527,64.0,0.9684105722189177,617
38550000,-85328.50144339021,15435.47270031867,-69893.02874307154,300.4710937711472,64.0,0.9684105722189177,617
38600000,-85880.60202932771,15468.538264508126,-70412.06376481958,301.1147570026568,64.0,0.9684105722189177,617
38650000,-86253.97922659334,15391.801870304625,-70862.17735628871,299.6209855616368,64.0,0.9684105722189177,617
38700000,-85967.87546682771,15386.519088186324,-70581.35637864139,299.51814949357083,64.0,0.9684105722189177,617
38750000,-86059.02500296052,15243.348187669646,-70815.67681529088,296.7311459524639,64.0,0.9684105722189177,617
38800000,-86160.51474905427,15314.727929479443,-70845.78681957483,298.1206433466221,64.0,0.9684105722189177,617
38850000,-85658.02793264802,15628.634367808001,-70029.39356484002,304.2312311269652,64.0,0.9684105722189177,617
38900000,-86088.07627249177,15645.371103912898,-70442.70516857888,304.55703296674255,64.0,0.9684105722189177,617
38950000,-86014.35154104646,15158.006278292974,-70856.34526275349,295.06985722144907,64.0,0.9684105722189177,617
39000000,-86294.09873342927,15894.77080890257,-70399.3279245267,309.4119151980396,64.0,0.9684105722189177,617
39050000,-85739.15415335115,15579.155961175216,-70159.99819217593,303.26807105745206,64.0,0.9684105722189177,617
39100000,-85670.05515432771,15553.946462541586,-70116.10869178612,302.77733612662536,64.0,0.9684105722189177,617
39150000,-85565.39731741365,15381.226894852705,-70184.17042256094,299.4151302242375,64.0,0.9684105722189177,617
39200000,-86091.35837698396,15364.108523522038,-70727.24985346192,299.08189936975253,64.0,0.9684105722189177,617
39250000,-85866.82908010896,15145.348733648658,-70721.4803464603,294.82346202788585,64.0,0.9684105722189177,617
39300000,-86401.52146292146,15346.30115922133,-71055.22030370013,298.7352563914326,64.0,0.9684105722189177,617
39350000,-85581.10398245271,15589.872264971025,-69991.23171748169,303.4766775306859,64.0,0.9684105722189177,617
39400000,-85906.06461477693,15291.020637797716,-70615.04397697921,297.6591507833387,64.0,0.9684105722189177,617
39450000,-86097.45090628084,15323.224133269512,-70774.22677301132,298.2860327516159,64.0,0.9684105722189177,617
39500000,-85810.93027639802,15299.222701128107,-70511.70757526992,297.81881437044814,64.0,0.9684105722189177,617
39550000,-86011.60544729646,15796.81484057894,-70214.79060671752,307.50507777782866,64.0,0.9684105722189177,617
39600000,-85992.9368681949,15493.057466747705,-70499.8794014472,301.59205443684357,64.0,0.9684105722189177,617
39650000,-86008.34433889802,15445.031545194797,-70563.31279370323,300.65716883544104,64.0,0.9684105722189177,617
39700000,-85830.75559378084,15071.87339159404,-70758.8822021868,293.3931711115665,64.0,0.9684105722189177,617
39750000,-85708.49912405427,15184.01956363977,-70524.4795604145,295.57623888221747,64.0,0.9684105722189177,617
39800000,-86172.5960478824,15323.276355406735,-70849.31969247566,298.2870493218885,64.0,0.9684105722189177,617
39850000,-86040.14121389802,15326.405795963714,-70713.73541793431,298.34796785968155,64.0,0.9684105722189177,617
39900000,-85827.27927542146,15516.441639291123,-70310.83763613034,302.0472570754326,64.0,0.9684105722189177,617
39950000,-85617.86325979646,15428.102572196163,-70189.7606876003,300.32762486020425,64.0,0.9684105722189177,617
40000000,-85917.20395803865,15234.614896393614,-70682.58906164503,296.5611413382303,64.0,0.9684105722189177,617
40050000,-86018.69883108552,15683.821891476866,-70334.87693960866,305.30552641556767,64.0,0.9684105722189177,617
40100000,-85538.3499541324,15308.445569113916,-70229.90438501848,297.99834921756343,64.0,0.9684105722189177,617
40150000,-85886.61106253084,15233.523647313472,-70653.08741521736,296.53989878796614,64.0,0.9684105722189177,617
40200000,-85855.35666799959,15579.956612417009,-70275.40005558258,303.28365675145847,64.0,0.9684105722189177,617
40250000,-85731.40549612459,15512.723834626842,-70218.68166149774,301.97488528251165,64.0,0.9684105722189177,617
40300000,-86179.66794729646,15655.025206414051,-70524.64274088241,304.74496234177496,64.0,0.9684105722189177,617
40350000,-85574.19199514802,15447.321443002671,-70126.87055214535,300.7017446066088,64.0,0.9684105722189177,617
40400000,-86076.96500540193,15252.261393584777,-70824.70361181715,296.9046528338095,64.0,0.9684105722189177,617
40450000,-85397.11466360505,15778.959453478456,-69618.1552101266,307.1574999746766,64.0,0.9684105722189177,617
40500000,-86152.5286650699,15485.51594069996,-70667.01272436994,301.4452490474483,64.0,0.9684105722189177,617
40550000,-85384.11777639802,15341.628607238177,-70042.48916915985,298.64429922851707,64.0,0.9684105722189177,617
40600000,-85826.75534964021,15301.470611189492,-70525.28473845072,297.86257279676636,64.0,0.9684105722189177,617
40650000,-85697.39768362459,15075.666037683608,-70621.73164594098,293.46699978795016,64.0,0.9684105722189177,617
40700000,-85909.69480276521,14944.568672448746,-70965.12613031646,290.9150229559208,64.0,0.9684105722189177,617
40750000,-85613.50797415193,15537.025171319488,-70076.48280283244,302.4479416869319,64.0,0.9684105722189177,617
40800000,-85378.3196806949,15438.285570974927,-69940.03410971997,300.5258498734792,64.0,0.9684105722189177,617
40850000,-85486.92734671052,15556.672681245487,-69930.25466546504,302.8304054385748,64.0,0.9684105722189177,617
40900000,-85870.77878714021,15367.14502168051,-70503.6337654597,299.1410086656338,64.0,0.9684105722189177,617
40950000,-86136.5433135074,15164.421138192818,-70972.12217531458,295.19473062234306,64.0,0.9684105722189177,617
41000000,-86014.27292776521,15264.283227887237,-70749.98969987797,297.13867311761464,64.0,0.9684105722189177,617
41050000,-85517.49234915193,16165.543147736462,-69351.94920141547,314.68284291058785,64.0,0.9684105722189177,617
41100000,-86168.22190237459,15621.668932653498,-70546.55296972109,304.09564007898757,64.0,0.9684105722189177,617
41150000,-85500.36130667146,15146.966279210756,-70353.3950274607,294.8549496080659,64.0,0.9684105722189177,617
41200000,-86156.19297171052,15446.802470633294,-70709.39050107723,300.69164214985284,64.0,0.9684105722189177,617
41250000,-85583.37180471834,15434.37589428341,-70148.99591043493,300.4497430476891,64.0,0.9684105722189177,617
41300000,-85316.92484426912,15409.782927908935,-69907.14191636018,299.9710097008662,64.0,0.9684105722189177,617
41350000,-85718.32090139802,15406.722185280873,-70311.59871611715,299.911428455571,64.0,0.9684105722189177,617
41400000,-86212.29367971834,15587.195532351267,-70625.09814736707,303.42457152825847,64.0,0.9684105722189177,617
41450000,-85916.29844046052,15569.21246988466,-70347.08597057586,303.0745083618363,64.0,0.9684105722189177,617
41500000,-86003.61942434724,15778.37722738029,-70225.24219696695,307.1461662036976,64.0,0.9684105722189177,617
41550000,-86631.53635549959,15355.599982498214,-71275.93637300137,298.9162698048237,64.0,0.9684105722189177,617
41600000,-85777.60691214021,15571.658206077293,-70205.94870606292,303.1221177252257,64.0,0.9684105722189177,617
41650000,-85970.83768606599,15576.598228973802,-70394.23945709219,303.2182815494109,64.0,0.9684105722189177,617
41700000,-85884.49961233552,15298.63502321497,-70585.86458912055,297.8073744729618,64.0,0.9684105722189177,617
41750000,-85381.23795462068,15603.890008660965,-69777.34794595971,303.7495507274124,64.0,0.9684105722189177,617
41800000,-86130.2255034488,15403.897548643174,-70726.32795480563,299.8564433134562,64.0,0.9684105722189177,617
41850000,-85873.03049612459,15530.029075288447,-70343.00142083614,302.3117537860242,64.0,0.9684105722189177,617
41900000,-86324.6468291324,15499.031686828472,-70825.61514230393,301.70835022362957,64.0,0.9684105722189177,617
41950000,-86007.6077666324,15561.05006903829,-70446.55769759411,302.91561685538727,64.0,0.9684105722189177,617
42000000,-85738.7933135074,15401.724916682695,-70337.0683968247,299.8141502710466,64.0,0.9684105722189177,617
42050000,-85721.57883596834,15620.943735948531,-70100.6351000198,304.08152320343925,64.0,0.9684105722189177,617
42100000,-85772.02585745271,15676.070732393768,-70095.95512505894,305.15464025270694,64.0,0.9684105722189177,617
42150000,-85864.49216604646,15242.291183462832,-70622.20098258363,296.71057002218254,64.0,0.9684105722189177,617
42200000,-86224.75345755037,15320.02445877227,-70904.7289987781,298.2237470209121,64.0,0.9684105722189177,617
42250000,-85730.69284964021,15211.171958429739,-70519.52089121047,296.1047947560444,64.0,0.9684105722189177,617
42300000,-86120.19541311677,15657.720592708327,-70462.47482040845,304.7974314616847,64.0,0.9684105722189177,617
42350000,-85966.83579397615,15778.15305287973,-70188.68274109642,307.1418023621305,64.0,0.9684105722189177,617
42400000,-86168.23630667146,15052.465014459012,-71115.77129221245,293.01536238362496,64.0,0.9684105722189177,617
42450000,-85741.37961721834,15580.892073815688,-70160.48754340265,303.3018666965051,64.0,0.9684105722189177,617
42500000,-86131.65274954255,15587.78206021199,-70543.87068933056,303.43598903851296,64.0,0.9684105722189177,617
42550000,-86229.29197073396,15796.503234260133,-70432.78873647383,307.4990119647981,64.0,0.9684105722189177,617
42600000,-85872.46677542146,15541.790676724166,-70330.6760986973,302.5407083063362,64.0,0.9684105722189177,617
42650000,-85763.7845244449,15499.383575427171,-70264.40094901773,301.7152001824348,64.0,0.9684105722189177,617
42700000,-86122.12058401521,15455.977823537716,-70666.1427604775,300.8702520555197,64.0,0.9684105722189177,617
42750000,-85648.43540335115,15355.129410258494,-70293.30599309265,298.9071095181055,64.0,0.9684105722189177,617
42800000,-85540.70505667146,15724.43868087721,-69816.26637579425,306.09618384301024,64.0,0.9684105722189177,617
42850000,-85673.4427275699,15505.835692025255,-70167.60703554464,301.8407988323113,64.0,0.9684105722189177,617
42900000,-86026.6927275699,15546.341477632523,-70480.35124993738,302.62929542984176,64.0,0.9684105722189177,617
42950000,-85972.66941214021,15282.954101292766,-70689.71531084744,297.5021253981338,64.0,0.9684105722189177,617
43000000,-85895.67380667146,15643.336884149234,-70252.33692252223,304.5174342936584,64.0,0.9684105722189177,617
43050000,-85692.83713674959,15562.339266330004,-70130.49787041958,302.9407127191712,64.0,0.9684105722189177,617
43100000,-85593.5774931949,15347.468758024741,-70246.10873517016,298.7579851860965,64.0,0.9684105722189177,617
43150000,-85933.45719290193,15357.548453545198,-70575.90873935673,298.9541992701556,64.0,0.9684105722189177,617
43200000,-85860.00730276521,15399.214821944013,-70460.7924808212,299.7652880867621,64.0,0.9684105722189177,617
43250000,-85569.91587210115,15453.868603197625,-70116.04726890352,300.8291934008937,64.0,0.9684105722189177,617
43300000,-85893.39646292146,15428.394116395386,-70465.00234652607,300.3333001385792,64.0,0.9684105722189177,617
43350000,-86087.74106741365,15397.956143813906,-70689.78492359974,299.7407863172471,64.0,0.9684105722189177,617
43400000,-86359.96408987459,15534.630961646792,-70825.3331282278,302.4013353527406,64.0,0.9684105722189177,617
43450000,-85878.35062551912,15806.07918351423,-70072.27144200489,307.68541998754796,64.0,0.9684105722189177,617
43500000,-85954.77134085115,15232.808304420672,-70721.96303643048,296.52597372939533,64.0,0.9684105722189177,617
43550000,-86484.47489309724,15505.052182216663,-70979.42271088058,301.825546818088,64.0,0.9684105722189177,617
43600000,-86412.73825979646,15652.66948889941,-70760.06877089705,304.6991053063616,64.0,0.9684105722189177,617
43650000,-85038.38828421052,15513.217675829306,-69525.17060838122,301.9844985291634,64.0,0.9684105722189177,617
43700000,-85370.80271292146,15644.616656693863,-69726.1860562276,304.542346692762,64.0,0.9684105722189177,617
43750000,-86263.3235869449,15446.973681979813,-70816.34990496509,300.69497499631325,64.0,0.9684105722189177,617
43800000,-85579.49863577302,15432.927227773238,-70146.57140799979,300.42154291289097,64.0,0.9684105722189177,617
43850000,-86731.17551565584,14917.202236222336,-71813.9732794335,290.3823004934984,64.0,0.9684105722189177,617
43900000,-85524.91770315584,15164.786313083023,-70360.13139007281,295.20183921569867,64.0,0.9684105722189177,617
43950000,-86008.10300589021,15599.449675634853,-70408.65333025536,303.6631140016335,64.0,0.9684105722189177,617
44000000,-86627.9720244449,15276.032335156444,-71351.93968928845,297.3673844230961,64.0,0.9684105722189177,617
44050000,-86010.14316702302,15330.354676724877,-70679.78849029815,298.4248378425136,64.0,0.9684105722189177,617
44100000,-86232.15744924959,15654.30059571963,-70577.85685352996,304.73085687366665,64.0,0.9684105722189177,617
44150000,-85918.93943167146,15346.421117109247,-70572.51831456221,298.73759152418097,64.0,0.9684105722189177,617
44200000,-86200.3021025699,15293.301636323798,-70907.0004662461,297.7035533186759,64.0,0.9684105722189177,617
44250000,-85674.05027151521,15494.239761074074,-70179.81051044114,301.6150692985391,64.0,0.9684105722189177,617
44300000,-86234.38779592927,15764.078208430205,-70470.30958749907,306.86781762654664,64.0,0.9684105722189177,617
44350000,-85642.48264456209,15460.206897196826,-70182.27574736526,300.9525763492205,64.0,0.9684105722189177,617
44400000,-85860.36875296052,15366.095972402953,-70494.27278055757,299.1205875881607,64.0,0.9684105722189177,617
44450000,-85808.71653128084,15561.614289260237,-70247.1022420206,302.9266001191011,64.0,0.9684105722189177,617
44500000,-85864.75107717927,15064.903999611503,-70799.84707756777,293.2575030389024,64.0,0.9684105722189177,617
44550000,-85485.07724905427,15750.404742716812,-69734.67250633746,306.6016462381926,64.0,0.9684105722189177,617
44600000,-85729.59726858552,15564.626911736093,-70164.97035684943,302.9852446444756,64.0,0.9684105722189177,617
44650000,-86029.63938284334,15318.50538174063,-70711.1340011027,298.19417625582565,64.0,0.9684105722189177,617
44700000,-85984.30198049959,15470.354486463126,-70513.94749403646,301.1501120713317,64.0,0.9684105722189177,617
44750000,-86246.1087431949,15584.765678309952,-70661.34306488495,303.37727133112986,64.0,0.9684105722189177,617
44800000,-85638.69199514802,15314.990890900139,-70323.70110424788,298.1257622248858,64.0,0.9684105722189177,617
44850000,-86188.62510061677,15608.279165866319,-70580.34593475045,303.83499125079845,64.0,0.9684105722189177,617
44900000,-86274.64133596834,15453.881689091097,-70820.75964687724,300.82944813444163,64.0,0.9684105722189177,617
44950000,-85178.95896292146,15447.286686238134,-69731.67227668333,300.70106802201315,64.0,0.9684105722189177,617
45000000,-86051.08078909334,15321.364628917538,-70729.7161601758,298.2498351360743,64.0,0.9684105722189177,617
45050000,-85714.49790335115,15479.168593981536,-70235.32930936961,301.3216898764364,64.0,0.9684105722189177,617
45100000,-86016.95566702302,15413.49892908812,-70603.4567379349,300.0433463866576,64.0,0.9684105722189177,617
45150000,-86312.67783499177,15376.521099787671,-70936.1567352041,299.323525942483,64.0,0.9684105722189177,617
45200000,-85980.6927275699,15487.489495836198,-70493.2032317337,301.4836668064582,64.0,0.9684105722189177,617
45250000,-85720.96408987459,15262.81602403149,-70458.1480658431,297.11011212982504,64.0,0.9684105722189177,617
45300000,-85870.59092092927,15720.946787762456,-70149.64413316682,306.0282097055224,64.0,0.9684105722189177,617
45350000,-85866.08384085115,15161.23610926373,-70704.84773158742,295.13272998623705,64.0,0.9684105722189177,617
45400000,-85758.65207815584,15355.969688347774,-70402.68238980806,298.9234665990617,64.0,0.9684105722189177,617
45450000,-85536.34678030427,15557.677211538423,-69978.66956876585,302.849959897431,64.0,0.9684105722189177,617
45500000,-85489.60471487459,15207.716744453646,-70281.88797042094,296.03753462460776,64.0,0.9684105722189177,617
45550000,-85502.53403616365,15577.705122766783,-69924.82891339686,303.239828643894,64.0,0.9684105722189177,617
45600000,-85737.3685088199,15356.609209343093,-70380.7592994768,298.9359156880326,64.0,0.9684105722189177,617
45650000,-85949.86484671052,15580.993787932326,-70368.8710587782,303.30384669105865,64.0,0.9684105722189177,617
45700000,-86414.75168753084,15595.758610393794,-70818.99307713704,303.59126272557,64.0,0.9684105722189177,617
45750000,-85951.4495635074,15736.447633370437,-70215.00193013696,306.3299533660266,64.0,0.9684105722189177,617
45800000,-85613.75376272615,15227.814043610357,-70385.93971911579,296.42875409528443,64.0,0.9684105722189177,617
45850000,-85951.12833548005,15422.76328305481,-70528.36505242524,300.22368881111714,64.0,0.9684105722189177,617
45900000,-85848.18149710115,15559.47911236342,-70288.70238473773,302.88503618710905,64.0,0.9684105722189177,617
45950000,-85639.82346487459,15453.071340743918,-70186.75212413067,300.8136736739544,64.0,0.9684105722189177,617
46000000,-85643.38340139802,15711.728925109142,-69931.65447628888,305.8487722935657,64.0,0.9684105722189177,617
46050000,-86122.72568655427,15414.533228923567,-70708.1924576307,300.0634803474943,64.0,0.9684105722189177,617
46100000,-85743.82450247224,15278.068217324093,-70465.75628514815,297.40701545698664,64.0,0.9684105722189177,617
46150000,-85430.3382353824,15638.217259335099,-69792.1209760473,304.41777428988223,64.0,0.9684105722189177,617
46200000,-86234.28562307771,15386.561614528298,-70847.72400854941,299.518977322866,64.0,0.9684105722189177,617
46250000,-86370.27854299959,15678.451658416772,-70691.82688458281,305.2009880037743,64.0,0.9684105722189177,617
46300000,-86146.9222197574,15259.15977381263,-70887.76244594477,297.0389385724166,64.0,0.9684105722189177,617
46350000,-86296.37973928865,14734.873680056073,-71561.50605923258,286.8330434178884,64.0,0.9684105722189177,617
46400000,-85469.77793264802,15388.595826452365,-70081.18210619566,299.55857584334245,64.0,0.9684105722189177,617
46450000,-85954.64072561677,15519.285916377557,-70435.35480923922,302.10262454384394,64.0,0.9684105722189177,617
46500000,-86266.32834768709,15307.67138206819,-70958.6569656189,297.98327868276806,64.0,0.9684105722189177,617
46550000,-85750.73978567537,15289.845578216482,-70460.89420745888,297.6362767551522,64.0,0.9684105722189177,617
46600000,-85976.60910940584,15313.40052828216,-70663.20858112368,298.0948037952611,64.0,0.9684105722189177,617
46650000,-86179.14707327302,15507.286516655236,-70671.86055661779,301.8690409776543,64.0,0.9684105722189177,617
46700000,-86017.82236624177,15487.981248016353,-70529.84111822542,301.4932393876356,64.0,0.9684105722189177,617
46750000,-86062.64695120271,15566.94775766437,-70495.69919353834,303.0304228601404,64.0,0.9684105722189177,617
46800000,-85764.24472952302,15552.8183447083,-70211.42638481472,302.75537587922304,64.0,0.9684105722189177,617
46850000,-86011.25998831209,15173.21508611762,-70838.04490219447,295.36591599533637,64.0,0.9684105722189177,617
46900000,-86306.60263967927,15557.849110520794,-70748.75352915848,302.8533061295973,64.0,0.9684105722189177,617
46950000,-85600.11863089021,15577.124075389991,-70022.99455550022,303.22851781822465,64.0,0.9684105722189177,617
47000000,-85759.78269339021,15537.225649856147,-70222.55704353406,302.4518442564455,64.0,0.9684105722189177,617
47050000,-85748.50351858552,15518.635428089648,-70229.86809049587,302.08996196258397,64.0,0.9684105722189177,617
47100000,-85269.80417776521,15501.23051395663,-69768.57366380858,301.75115318827073,64.0,0.9684105722189177,617
47150000,-85618.92246389802,15524.343686898006,-70094.57877700002,302.20108047518,64.0,0.9684105722189177,617
47200000,-85978.04367971834,15631.640098904027,-70346.40358081431,304.28974150287263,64.0,0.9684105722189177,617
47250000,-86193.83786917146,15209.722470688517,-70984.11539848294,296.0765786349402,64.0,0.9684105722189177,617
47300000,-86056.82883596834,15123.256120566512,-70933.57271540182,294.3934012357134,64.0,0.9684105722189177,617
47350000,-85891.0276885074,15717.519644417334,-70173.50804409006,305.9614960045938,64.0,0.9684105722189177,617
47400000,-85202.08701467927,15397.04342153712,-69805.04359314215,299.72301901810835,64.0,0.9684105722189177,617
47450000,-86072.72605276521,15659.34544235398,-70413.38061041123,304.82906122513424,64.0,0.9684105722189177,617
47500000,-85886.3583159488,15441.889038654044,-70444.46927729476,300.5959959516677,64.0,0.9684105722189177,617
47550000,-86015.28696585115,15332.27591955231,-70683.01104629884,298.46223727594634,64.0,0.9684105722189177,617
47600000,-86575.62375784334,15437.947989777895,-71137.67576806544,300.51927842643136,64.0,0.9684105722189177,617
47650000,-85921.91367483552,15453.892081319122,-70468.0215935164,300.8296504323681,64.0,0.9684105722189177,617
47700000,-86333.60520315584,15282.805934534292,-71050.79926862154,297.4992411438681,64.0,0.9684105722189177,617
47750000,-86228.54978323396,15449.469339465722,-70779.08044376824,300.7435561411235,64.0,0.9684105722189177,617
47800000,-85458.88633108552,15389.496528794989,-70069.38980229053,299.5761091591861,64.0,0.9684105722189177,617
47850000,-85985.79453421052,15602.689622508362,-70383.10491170216,303.7261836853254,64.0,0.9684105722189177,617
47900000,-86117.31028128084,15507.014604953583,-70610.29567632725,301.86374787079643,64.0,0.9684105722189177,617
47950000,-86058.32322073396,15628.003063036595,-70430.32015769737,304.2189419772352,64.0,0.9684105722189177,617
48000000,-85808.12741995271,15307.82040223619,-70500.30701771652,297.98617954973486,64.0,0.9684105722189177,617
48050000,-85780.1268706363,14876.865290271584,-70903.26158036472,289.5970905744682,64.0,0.9684105722189177,617
48100000,-86030.77341604646,15479.796298802597,-70550.97711724386,301.33390894855756,64.0,0.9684105722189177,617
48150000,-86233.51493215974,15150.554464790504,-71082.96046736924,294.9247982007675,64.0,0.9684105722189177,617
48200000,-86125.21042776521,15656.926550459815,-70468.2838773054,304.7819744201322,64.0,0.9684105722189177,617
48250000,-85965.31553030427,15325.972481261706,-70639.34304904257,298.33953283828714,64.0,0.9684105722189177,617
48300000,-85812.55417776521,15585.964137204224,-70226.59004056099,303.400600856684,64.0,0.9684105722189177,617
48350000,-85846.17307424959,15757.36022711359,-70088.812847136,306.7370435820241,64.0,0.9684105722189177,617
48400000,-85673.51352835115,15318.651979330694,-70354.86154902045,298.197029964234,64.0,0.9684105722189177,617
48450000,-85723.9075713199,15672.484781978012,-70051.42278934189,305.0848351703133,64.0,0.9684105722189177,617
48500000,-86663.68088674959,15480.438116697595,-71183.24277005199,301.34640274959986,64.0,0.9684105722189177,617
48550000,-85757.60697317537,15042.622124440502,-70714.98484873486,292.8237580196284,64.0,0.9684105722189177,617
48600000,-86363.14573049959,15277.915147426305,-71085.23058307328,297.4040357568826,64.0,0.9684105722189177,617
48650000,-85758.68869924959,15483.602571849478,-70275.0861274001,301.40800289098433,64.0,0.9684105722189177,617
48700000,-85757.15610647615,15242.624522145372,-70514.53158433078,296.7170588832938,64.0,0.9684105722189177,617
48750000,-85933.26633596834,15419.622368823737,-70513.6439671446,300.1625469236755,64.0,0.9684105722189177,617
48800000,-85358.1790556949,15320.397135181585,-70037.78192051331,298.23100164087117,64.0,0.9684105722189177,617
48850000,-86079.21177053865,15339.699754144065,-70739.51201639458,298.6067516515712,64.0,0.9684105722189177,617
48900000,-86363.13462210115,15429.659048822243,-70933.4755732789,300.35792365592937,64.0,0.9684105722189177,617
48950000,-86234.50486135896,15483.733359445585,-70750.77150191338,301.41054883776656,64.0,0.9684105722189177,617
49000000,-85430.4905791324,15788.005650653737,-69642.48492847866,307.3335956999258,64.0,0.9684105722189177,617
49050000,-85942.34946585115,15401.425976122962,-70540.92348972819,299.80833101311396,64.0,0.9684105722189177,617
49100000,-86240.61704397615,15218.288694432937,-71022.32834954321,296.24333106733707,64.0,0.9684105722189177,617
49150000,-85934.09592581209,15629.036849963944,-70305.05907584814,304.2390659536639,64.0,0.9684105722189177,617
49200000,-85745.86741018709,15379.004943671753,-70366.86246651533,299.3718771205193,64.0,0.9684105722189177,617
49250000,-85835.47568655427,15820.464298534673,-70015.0113880196,307.96544453413196,64.0,0.9684105722189177,617
49300000,-85913.39609671052,15453.99662688654,-70459.39946982398,300.83168554470967,64.0,0.9684105722189177,617
49350000,-86500.94333792146,14976.986842583283,-71523.95649533818,291.5460838393483,64.0,0.9684105722189177,617
49400000,-85678.77488089021,15558.875224343501,-70119.89965654671,302.873280739292,64.0,0.9684105722189177,617
49450000,-86200.37528372224,15343.12002935633,-70857.25525436591,298.67333165556465,64.0,0.9684105722189177,617
49500000,-85961.60837698396,15458.450473311357,-70503.1579036726,300.9183853259691,64.0,0.9684105722189177,617
49550000,-86104.74302053865,15612.529615750187,-70492.21340478846,303.9177316598822,64.0,0.9684105722189177,617
49600000,-85987.77341604646,15451.763355789473,-70536.01006025699,300.7882120844373,64.0,0.9684105722189177,617
49650000,-85842.48325491365,15391.405313350726,-70451.07794156292,299.6132660765265,64.0,0.9684105722189177,617
49700000,-85965.1395659488,15409.398058307823,-70555.74150764098,299.96351772493193,64.0,0.9684105722189177,617
49750000,-86069.97568655427,15420.01812313497,-70649.9575634193,300.1702507843262,64.0,0.9684105722189177,617
49800000,-85580.02707815584,15372.254996820353,-70207.77208133548,299.2404808262357,64.0,0.9684105722189177,617
49850000,-85984.41172171052,15246.714405132458,-70737.69731657807,296.79667365365975,64.0,0.9684105722189177,617
49900000,-85951.89493704255,15587.318401623692,-70364.57653541886,303.4269633348065,64.0,0.9684105722189177,617
49950000,-86043.8880400699,15450.907738075824,-70592.98030199407,300.7715563981968,64.0,0.9684105722189177,617
50000000,-85840.41782522615,15650.093581840396,-70190.32424338575,304.648962001618,64.0,0.9684105722189177,617
