#"Step","Potential Energy (kJ/mole)","Kinetic Energy (kJ/mole)","Total Energy (kJ/mole)","Temperature (K)","Box Volume (nm^3)","Density (g/mL)","Speed (ns/day)"
50000,-86483.38493387733,15457.662827553693,-71025.72210632364,300.9517623191075,64.0,0.9680735185677091,0
100000,-86088.97697489295,15506.071556234732,-70582.90541865822,301.89425229127954,64.0,0.9680735185677091,641
150000,-86992.05082743202,15438.84832516301,-71553.202502269,300.5854548304009,64.0,0.9680735185677091,639
200000,-86501.15849344764,15443.851819834672,-71057.30667361297,300.68286998015486,64.0,0.9680735185677091,638
250000,-86692.18498270545,15486.283885682002,-71205.90109702345,301.50899778084874,64.0,0.9680735185677091,636
300000,-86211.23478739295,15253.435674675042,-70957.79911271791,296.9755776747714,64.0,0.9680735185677091,635
350000,-86558.19438211952,15501.73786511441,-71056.4565170051,301.80987782959295,64.0,0.9680735185677091,634
400000,-86716.52763407264,15457.62182618631,-71258.90580788633,300.9509640461791,64.0,0.9680735185677091,633
450000,-86836.7079319242,15672.534073677845,-71164.17385824636,305.1351813077464,64.0,0.9680735185677091,633
500000,-86435.83598368202,15809.743776362156,-70626.09220731986,307.80657492596646,64.0,0.9680735185677091,632
550000,-86910.73210184608,15921.308273962699,-70989.42382788338,309.97867122148665,64.0,0.9680735185677091,631
600000,-86423.65068094764,15679.207585137337,-70744.4430958103,305.26511071926205,64.0,0.9680735185677091,630
650000,-86645.16154520545,15568.552582017728,-71076.60896318773,303.1107217556917,64.0,0.9680735185677091,630
700000,-86452.11442606483,15398.666442209505,-71053.44798385532,299.8031367902765,64.0,0.9680735185677091,629
750000,-86819.06559793983,15420.48068613559,-71398.58491180424,300.2278475131363,64.0,0.9680735185677091,629
800000,-86814.42192118202,15264.147189705167,-71550.27473147685,297.184124682258,64.0,0.9680735185677091,628
850000,-86155.80143778358,15496.771946038585,-70659.029491745,301.71319425497524,64.0,0.9680735185677091,628
900000,-86480.16569559608,15174.427837266587,-71305.73785832949,295.4373407388025,64.0,0.9680735185677091,628
950000,-86735.63322489295,15582.00340109109,-71153.62982380186,303.3726014298652,64.0,0.9680735185677091,627
1000000,-86976.68852274452,15068.290227675345,-71908.39829506917,293.3709028166424,64.0,0.9680735185677091,627
1050000,-86355.71586649452,15264.10200255402,-71091.6138639405,297.1832449145387,64.0,0.9680735185677091,626
1100000,-86523.16069071327,15335.192880000104,-71187.96781071316,298.5673432152258,64.0,0.9680735185677091,626
1150000,-86232.3661350492,15613.229028256843,-70619.13710679236,303.98054634559344,64.0,0.9680735185677091,625
1200000,-86752.22306864295,15475.079754841281,-71277.14331380167,301.29085982821084,64.0,0.9680735185677091,625
1250000,-86795.66130106483,15202.363667524187,-71593.29763354064,295.981235209892,64.0,0.9680735185677091,625
1300000,-86993.65251200233,15271.713593143271,-71721.93891885906,297.33143818459786,64.0,0.9680735185677091,625
1350000,-86532.41288797889,15363.647708224744,-71168.76517975415,299.12134227680633,64.0,0.9680735185677091,624
1400000,-86683.11564676795,15376.579230760457,-71306.5364160075,299.3731115474916,64.0,0.9680735185677091,624
1450000,-86510.3016819242,15219.495545510668,-71290.80613641354,296.3147829738319,64.0,0.9680735185677091,624
1500000,-86884.6708225492,15357.77106789779,-71526.89975465141,299.0069274857319,64.0,0.9680735185677091,623
1550000,-86413.55094950233,15428.443056599237,-70985.10789290309,300.3828702646354,64.0,0.9680735185677091,623
1600000,-86370.05375711952,15578.858134213602,-70791.19562290591,303.3113649014001,64.0,0.9680735185677091,623
1650000,-87006.00798075233,15303.86793990247,-71702.14004084986,297.9574647341064,64.0,0.9680735185677091,623
1700000,-86906.8671116117,15081.97243732633,-71824.89467428537,293.63728753164236,64.0,0.9680735185677091,623
1750000,-86775.57194559608,15463.45778675843,-71312.11415883765,301.0645868259355,64.0,0.9680735185677091,622
1800000,-86764.66947977577,15418.899555274751,-71345.76992450102,300.1970638090062,64.0,0.9680735185677091,622
1850000,-86662.15300028358,15097.65491779754,-71564.49808248604,293.9426163635621,64.0,0.9680735185677091,622
1900000,-87403.6298069242,15128.435538428894,-72275.19426849531,294.5418972592334,64.0,0.9680735185677091,622
1950000,-86388.43180887733,15512.43604988954,-70875.99575898779,302.01816530471837,64.0,0.9680735185677091,622
2000000,-86284.59794657264,15200.549807101721,-71084.04813947092,295.9459203956907,64.0,0.9680735185677091,621
2050000,-86821.41410868202,15377.460897342535,-71443.95321133948,299.3902770863324,64.0,0.9680735185677091,621
2100000,-85803.79130594764,15549.32325701043,-70254.46804893721,302.73633791036434,64.0,0.9680735185677091,621
2150000,-86346.66777079139,15353.219014757546,-70993.44875603385,298.9183016417082,64.0,0.9680735185677091,621
2200000,-87164.54460184608,15527.628306236584,-71636.9162956095,302.3139497562395,64.0,0.9680735185677091,621
2250000,-86849.32646219764,15668.836890793871,-71180.48957140377,305.0631992935855,64.0,0.9680735185677091,621
2300000,-86662.07072489295,15204.96346633439,-71457.10725855856,296.03185179031135,64.0,0.9680735185677091,621
2350000,-86919.9989475492,15315.583639627788,-71604.41530792142,298.1855626372934,64.0,0.9680735185677091,621
2400000,-86646.4413303617,15218.09450712311,-71428.3468232386,296.28750556608173,64.0,0.9680735185677091,621
2450000,-86381.96794168983,15906.381949311006,-70475.58599237882,309.6880643063929,64.0,0.9680735185677091,621
2500000,-86431.54850809608,15414.441258164123,-71017.10724993196,300.1102633406977,64.0,0.9680735185677091,620
2550000,-86357.23191874061,15150.330289475853,-71206.90162926476,294.9681754092119,64.0,0.9680735185677091,620
2600000,-86532.8290256742,15330.02221791516,-71202.80680775904,298.4666734125408,64.0,0.9680735185677091,620
2650000,-86250.60661356483,15439.03649963392,-70811.57011393091,300.5891184786041,64.0,0.9680735185677091,620
2700000,-86596.98674051795,15576.839467997954,-71020.14727252,303.2720626367621,64.0,0.9680735185677091,620
2750000,-86731.60173075233,15639.959134248289,-71091.64259650404,304.5009660620051,64.0,0.9680735185677091,620
2800000,-86643.32743876014,15568.761762941955,-71074.56567581819,303.1147943874014,64.0,0.9680735185677091,620
2850000,-86694.3534397367,15257.23450444336,-71437.11893529334,297.04953869502907,64.0,0.9680735185677091,620
2900000,-86556.26371805702,15507.938695309684,-71048.32502274733,301.9306044100552,64.0,0.9680735185677091,620
2950000,-86475.35966532264,15618.67716905661,-70856.68249626603,304.086618498502,64.0,0.9680735185677091,620
3000000,-86396.15922586952,15452.257129666861,-70943.90209620266,300.8465165051862,64.0,0.9680735185677091,620
3050000,-86822.39750711952,15307.725103739882,-71514.67240337963,298.0325614849783,64.0,0.9680735185677091,620
3100000,-86756.22624247108,15107.187631679291,-71649.03861079179,294.1282127939153,64.0,0.9680735185677091,620
3150000,-86146.03105204139,15430.311522299657,-70715.71952974173,300.41924821204225,64.0,0.9680735185677091,620
3200000,-87067.53459208045,15443.990454010433,-71623.54413807002,300.68556910744064,64.0,0.9680735185677091,620
3250000,-86588.60038797889,15722.23106868798,-70866.36931929091,306.10275308086096,64.0,0.9680735185677091,620
3300000,-86316.38298075233,15469.565214288712,-70846.81776646362,301.1834949104875,64.0,0.9680735185677091,620
3350000,-86432.92912333045,15818.021590032615,-70614.90753329784,307.96773917440856,64.0,0.9680735185677091,620
3400000,-86533.68016092811,15137.625102250546,-71396.05505867756,294.72081275622173,64.0,0.9680735185677091,620
3450000,-86851.60490458045,15390.208484755363,-71461.39641982509,299.63846524647056,64.0,0.9680735185677091,620
3500000,-86427.08732645545,15143.55311140418,-71283.53421505127,294.8362276686657,64.0,0.9680735185677091,620
3550000,-86713.19462626014,16020.716558645712,-70692.47806761443,311.9140930765386,64.0,0.9680735185677091,620
3600000,-86533.72184793983,15841.630120567046,-70692.09172737278,308.42738362062045,64.0,0.9680735185677091,620
3650000,-86122.54924051795,15634.768304466736,-70487.78093605122,304.399903605922,64.0,0.9680735185677091,620
3700000,-86358.40580790077,15812.593799890019,-70545.81200801075,307.8620632370346,64.0,0.9680735185677091,620
3750000,-86361.81657450233,15859.80353984551,-70502.01303465682,308.7812095916119,64.0,0.9680735185677091,620
3800000,-86318.97331278358,15571.756038341962,-70747.21727444162,303.1730911990575,64.0,0.9680735185677091,620
3850000,-86638.61955301795,15234.17464420409,-71404.44490881386,296.6005765423892,64.0,0.9680735185677091,620
3900000,-86133.44963114295,15235.172818046762,-70898.27681309619,296.6200104102645,64.0,0.9680735185677091,620
3950000,-86692.2089084867,15448.595686690882,-71243.61322179582,300.7752303263799,64.0,0.9680735185677091,620
4000000,-86571.09501688514,15375.253998920554,-71195.84101796459,299.34731004941585,64.0,0.9680735185677091,620
4050000,-86424.05717508827,15432.202711772174,-70991.8544633161,300.4560685781599,64.0,0.9680735185677091,620
4100000,-86486.31156961952,15453.683506438509,-71032.62806318101,300.87428723663163,64.0,0.9680735185677091,620
4150000,-86807.05046122108,15483.699595487618,-71323.35086573346,301.45868314421705,64.0,0.9680735185677091,620
4200000,-86998.44999735389,15747.202557580546,-71251.24743977335,306.5889335386566,64.0,0.9680735185677091,620
4250000,-86728.58280985389,15527.725320582278,-71200.85748927161,302.31583856948583,64.0,0.9680735185677091,620
4300000,-86958.80473368202,15208.247655482031,-71750.55707819998,296.0957930550936,64.0,0.9680735185677091,620
4350000,-86182.71037333045,15438.814989979262,-70743.89538335119,300.58480581363773,64.0,0.9680735185677091,620
4400000,-86674.64408915077,15466.898690146976,-71207.74539900379,301.1315792264236,64.0,0.9680735185677091,619
4450000,-86572.5321506742,15622.886913095135,-70949.64523757907,304.16857978213466,64.0,0.9680735185677091,619
4500000,-86075.50663797889,15355.837939248886,-70719.66869873,298.96929058808655,64.0,0.9680735185677091,619
4550000,-86735.86344950233,15305.481788719073,-71430.38166078326,297.98888543792765,64.0,0.9680735185677091,619
4600000,-86650.30900614295,15333.800643108785,-71316.50836303417,298.54023716752096,64.0,0.9680735185677091,619
4650000,-86508.66642801795,15242.248308475362,-71266.41811954259,296.75776612000635,64.0,0.9680735185677091,619
4700000,-86735.90483133827,15123.063253117842,-71612.84157822042,294.43730196885355,64.0,0.9680735185677091,619
4750000,-86408.7430881742,15535.038429150358,-70873.70465902385,302.4582205670846,64.0,0.9680735185677091,619
4800000,-86847.02775614295,15710.650078991079,-71136.37767715188,305.8772779040789,64.0,0.9680735185677091,619
4850000,-86292.2801975492,15561.204727607837,-70731.07546994137,302.96766327663244,64.0,0.9680735185677091,619
4900000,-86492.17607157264,15738.266716446728,-70753.90935512591,306.4149578757748,64.0,0.9680735185677091,619
4950000,-86777.44731180702,15529.504172746092,-71247.94313906092,302.35047179312244,64.0,0.9680735185677091,619
5000000,-87209.97709696327,15438.679164525121,-71771.29793243814,300.58216137053864,64.0,0.9680735185677091,619
5050000,-86764.4120334867,15363.062804887188,-71401.34922859952,299.1099545468378,64.0,0.9680735185677091,619
5100000,-86658.02470438514,15478.014622933697,-71180.01008145144,301.34800001391943,64.0,0.9680735185677091,619
5150000,-87189.45726053749,15326.703529225895,-71862.75373131159,298.4020604616203,64.0,0.9680735185677091,619
5200000,-86670.71977274452,15408.281901391689,-71262.43787135283,299.99034422381084,64.0,0.9680735185677091,619
5250000,-86660.43217508827,15533.67507860111,-71126.75709648716,302.43167691976663,64.0,0.9680735185677091,619
5300000,-86332.91813700233,15520.947627338814,-70811.97050966352,302.1838807988426,64.0,0.9680735185677091,619
5350000,-86359.83110086952,15429.234067406505,-70930.59703346301,300.3982707879303,64.0,0.9680735185677091,619
5400000,-86636.32939188514,15698.16714289214,-70938.162248993,305.63424235208095,64.0,0.9680735185677091,619
5450000,-86997.44499247108,15401.853672448313,-71595.59132002277,299.865190321136,64.0,0.9680735185677091,619
5500000,-86380.08250467811,15313.824626068352,-71066.25787860976,298.1513156598194,64.0,0.9680735185677091,619
5550000,-87152.97563211952,15470.866417420097,-71682.10921469942,301.20882858349444,64.0,0.9680735185677091,619
5600000,-86543.89946024452,15425.26554072043,-71118.63391952409,300.32100586675114,64.0,0.9680735185677091,619
5650000,-86353.65080301795,15185.234639007365,-71168.41616401059,295.64774292347965,64.0,0.9680735185677091,619
5700000,-86908.58647196327,15541.7406640728,-71366.84580789047,302.58870920782465,64.0,0.9680735185677091,619
5750000,-86385.79264872108,15334.287583916448,-71051.50506480463,298.5497176236447,64.0,0.9680735185677091,619
5800000,-86395.05497782264,15535.979282282526,-70859.07569554012,302.47653843385194,64.0,0.9680735185677091,619
5850000,-86793.99028055702,15251.853381488472,-71542.13689906854,296.944771340831,64.0,0.9680735185677091,619
5900000,-86686.30278055702,15151.964412289672,-71534.33836826734,294.9999908360426,64.0,0.9680735185677091,619
5950000,-87119.59782450233,15427.057287614094,-71692.54053688823,300.355890143326,64.0,0.9680735185677091,619
6000000,-86302.73271219764,15107.08927011583,-71195.64344208181,294.1262977511175,64.0,0.9680735185677091,619
6050000,-86779.26689188514,15271.748985548737,-71507.5179063364,297.3321272542791,64.0,0.9680735185677091,619
6100000,-86183.55778543983,15202.093713906128,-70981.4640715337,295.97597936895374,64.0,0.9680735185677091,619
6150000,-86677.86784403358,15336.723601625301,-71341.14424240828,298.59714548066927,64.0,0.9680735185677091,619
6200000,-86809.15190165077,15547.03368650307,-71262.1182151477,302.69176129572145,64.0,0.9680735185677091,619
6250000,-87118.19743387733,15537.764917647932,-71580.4325162294,302.51130372250344,64.0,0.9680735185677091,619
6300000,-86202.22197001014,15773.207923344802,-70429.01404666534,307.0952429816699,64.0,0.9680735185677091,619
6350000,-86826.37455790077,15689.263927076478,-71137.11063082429,305.4609018852896,64.0,0.9680735185677091,619
6400000,-86937.2186741117,15168.389283583034,-71768.82939052867,295.3197735882444,64.0,0.9680735185677091,619
6450000,-86243.08647196327,15490.510954308556,-70752.57551765471,301.59129636419846,64.0,0.9680735185677091,619
6500000,-86982.91801493202,15361.773094502743,-71621.14492042927,299.0848446309721,64.0,0.9680735185677091,619
6550000,-86498.4510959867,15020.232901126408,-71478.2181948603,292.43525444090824,64.0,0.9680735185677091,619
6600000,-87004.08805887733,15494.887850102969,-71509.20020877436,301.6765119959217,64.0,0.9680735185677091,619
6650000,-86870.05717508827,15480.625108898617,-71389.43206618965,301.398824667065,64.0,0.9680735185677091,619
6700000,-85849.51957743202,15010.986091544619,-70838.5334858874,292.25522440205214,64.0,0.9680735185677091,619
6750000,-86329.69743387733,15445.585202558315,-70884.11223131901,300.7166179400679,64.0,0.9680735185677091,619
6800000,-86811.91569559608,15486.575503126485,-71325.3401924696,301.51467540396806,64.0,0.9680735185677091,619
6850000,-86436.97538797889,15170.249383051763,-71266.72600492713,295.3559886499551,64.0,0.9680735185677091,619
6900000,-86677.25468485389,15390.99656270491,-71286.25812214898,299.65380866872056,64.0,0.9680735185677091,619
6950000,-86486.11589090858,15217.304820894962,-71268.81107001362,296.27213083157676,64.0,0.9680735185677091,619
7000000,-86217.15940897499,15472.419668496295,-70744.73974047869,301.23906948432926,64.0,0.9680735185677091,619
7050000,-86754.64689676795,15324.67845572182,-71429.96844104613,298.36263345077936,64.0,0.9680735185677091,619
7100000,-86829.3221897367,15600.482409110991,-71228.83978062571,303.73237703705377,64.0,0.9680735185677091,619
7150000,-87126.21037333045,15566.185528430156,-71560.0248449003,303.0646365902543,64.0,0.9680735185677091,619
7200000,-86544.57621805702,15367.036555509549,-71177.53966254747,299.18732117503754,64.0,0.9680735185677091,619
7250000,-86766.49858133827,15182.10309786303,-71584.39548347524,295.586773627107,64.0,0.9680735185677091,619
7300000,-86217.11149637733,15306.627988315886,-70910.48350806144,298.01120128169254,64.0,0.9680735185677091,619
7350000,-86632.22795145545,15447.95504197455,-71184.2729094809,300.76275734397944,64.0,0.9680735185677091,619
7400000,-86586.55497782264,15115.44924278045,-71471.10573504219,294.28906158769644,64.0,0.9680735185677091,619
7450000,-86693.06645243202,15204.147141776513,-71488.9193106555,296.01595842292085,64.0,0.9680735185677091,619
7500000,-86642.3905491117,15352.239805527264,-71290.15074358444,298.89923700387646,64.0,0.9680735185677091,619
7550000,-87290.05302469764,15444.84148316516,-71845.21154153248,300.7021381532762,64.0,0.9680735185677091,619
7600000,-86405.5663303617,15372.568820788525,-71032.99750957318,299.295031182941,64.0,0.9680735185677091,619
7650000,-87035.8241428617,15250.747490043519,-71785.07665281818,296.92324027348883,64.0,0.9680735185677091,619
7700000,-86891.9491428617,15623.20342627517,-71268.74571658653,304.17474211083794,64.0,0.9680735185677091,619
7750000,-86748.89604227577,15400.253751422279,-71348.64229085349,299.8340407833483,64.0,0.9680735185677091,619
7800000,-86465.54814188514,15490.680838633329,-70974.86730325181,301.5946039138261,64.0,0.9680735185677091,619
7850000,-86753.47770731483,15633.281272791093,-71120.19643452374,304.37095195854806,64.0,0.9680735185677091,619
7900000,-86953.42393534217,15480.255277403165,-71473.16865793901,301.391624261573,64.0,0.9680735185677091,619
7950000,-86711.53837626014,15612.806082542986,-71098.73229371716,303.9723118369637,64.0,0.9680735185677091,619
8000000,-86460.81407206092,15709.18834725651,-70751.62572480441,305.8488188319368,64.0,0.9680735185677091,619
8050000,-86731.64158670936,15228.362386676483,-71503.27920003288,296.4874152472115,64.0,0.9680735185677091,619
8100000,-86836.30485575233,15457.934942610213,-71378.36991314212,300.95706024200354,64.0,0.9680735185677091,619
8150000,-86965.56413309608,15615.197132885689,-71350.36700021039,304.0188642053558,64.0,0.9680735185677091,619
8200000,-86394.57048075233,15538.628828373388,-70855.94165237894,302.5281235650769,64.0,0.9680735185677091,619
8250000,-86575.62175028358,15064.787404674105,-71510.83434560947,293.3027048770784,64.0,0.9680735185677091,619
8300000,-86837.92814676795,15318.658384464914,-71519.26976230304,298.24542614238715,64.0,0.9680735185677091,619
8350000,-86610.1551975492,15435.384072259534,-71174.77112528967,300.51800782835085,64.0,0.9680735185677091,619
8400000,-86159.86235086952,15325.986993182742,-70833.87535768677,298.38810991894394,64.0,0.9680735185677091,619
8450000,-86728.9706272367,15786.019801669754,-70942.95082556695,307.34468284871366,64.0,0.9680735185677091,619
8500000,-86373.36875956092,15462.247476913035,-70911.12128264789,301.0410227926798,64.0,0.9680735185677091,619
8550000,-86686.92216532264,15408.854436374037,-71278.0677289486,300.001491149051,64.0,0.9680735185677091,619
8600000,-86724.27604715858,15234.661427349318,-71489.61461980926,296.6100539289164,64.0,0.9680735185677091,619
8650000,-86554.60185282264,15231.574887510389,-71323.02696531225,296.5499607819538,64.0,0.9680735185677091,619
8700000,-86896.68400614295,15698.7518342369,-71197.93217190605,305.64562595467214,64.0,0.9680735185677091,619
8750000,-86333.06889383827,15301.285637482535,-71031.78325635573,297.90718879829456,64.0,0.9680735185677091,619
8800000,-86844.97685282264,15190.49668223341,-71654.48017058923,295.750191864173,64.0,0.9680735185677091,619
8850000,-86696.81462137733,15715.867936816998,-70980.94668456033,305.9788665805663,64.0,0.9680735185677091,619
8900000,-86438.03825418983,15435.65474904119,-71002.38350514864,300.52327774886646,64.0,0.9680735185677091,619
8950000,-86694.03910868202,15240.468308452517,-71453.5708002295,296.7231105482178,64.0,0.9680735185677091,619
9000000,-86740.34825174842,15266.137304263888,-71474.21094748453,297.2228710626356,64.0,0.9680735185677091,619
9050000,-86350.01506083045,15622.079862354323,-70727.93519847613,304.152866970603,64.0,0.9680735185677091,619
9100000,-86421.86967508827,15544.289826575667,-70877.5798485126,302.63833992860265,64.0,0.9680735185677091,619
9150000,-86314.81230204139,15511.198151288787,-70803.6141507526,301.9940641343393,64.0,0.9680735185677091,619
9200000,-86229.98344461952,15559.182621659944,-70670.80082295957,302.92829404239546,64.0,0.9680735185677091,619
9250000,-87000.74259989295,15543.03212244052,-71457.71047745243,302.61385315591457,64.0,0.9680735185677091,619
9300000,-86607.97135965858,15586.35972861806,-71021.61163104052,303.45741660930776,64.0,0.9680735185677091,619
9350000,-86636.85087626014,15038.765815489227,-71598.08506077091,292.796079573441,64.0,0.9680735185677091,619
9400000,-86654.92301981483,15490.100379796699,-71164.82264001813,301.58330271572225,64.0,0.9680735185677091,619
9450000,-86340.50395243202,15281.020765778492,-71059.48318665352,297.51264345722063,64.0,0.9680735185677091,619
9500000,-86702.27995340858,15360.679995751707,-71341.59995765687,299.0635626299877,64.0,0.9680735185677091,619
9550000,-86132.7382053617,15369.78755073063,-70762.95065463107,299.2408814622008,64.0,0.9680735185677091,619
9600000,-86762.56132547889,15416.447441290598,-71346.1138841883,300.1493225668035,64.0,0.9680735185677091,619
9650000,-87414.55729715858,15120.384330764296,-72294.17296639428,294.3851448987706,64.0,0.9680735185677091,619
9700000,-86516.28837626014,15541.227816274972,-70975.06055998517,302.578724357574,64.0,0.9680735185677091,619
9750000,-86565.96623270545,15662.609153264435,-70903.35707944102,304.94194884287674,64.0,0.9680735185677091,619
9800000,-86204.57872049842,15426.938039869186,-70777.64068062924,300.35356845864555,64.0,0.9680735185677091,619
9850000,-86333.24467508827,15434.423003124772,-70898.8216719635,300.49929636769576,64.0,0.9680735185677091,619
9900000,-86265.87651102577,15363.109951704275,-70902.76655932149,299.11087246812053,64.0,0.9680735185677091,619
9950000,-86914.39482157264,15381.145983424969,-71533.24883814767,299.46202358275804,64.0,0.9680735185677091,619
10000000,-86573.51786844764,15647.337616275996,-70926.18025217165,304.6446208430837,64.0,0.9680735185677091,619
10050000,-86423.95378153358,15288.351784472005,-71135.60199706157,297.6553741546113,64.0,0.9680735185677091,619
10100000,-86750.96049540077,15533.310472070938,-71217.65002332983,302.4245782413291,64.0,0.9680735185677091,619
10150000,-86870.2284397367,15691.084673294798,-71179.1437664419,305.496350761957,64.0,0.9680735185677091,619
10200000,-86756.38786356483,15468.831184366718,-71287.55667919811,301.16920377209976,64.0,0.9680735185677091,619
10250000,-86879.87602274452,15352.445455859197,-71527.43056688532,298.9032408969945,64.0,0.9680735185677091,619
10300000,-86560.93669168983,14854.721434191568,-71706.21525749826,289.2128418282284,64.0,0.9680735185677091,619
10350000,-86250.52989237342,15415.026589361602,-70835.50330301182,300.1216594008516,64.0,0.9680735185677091,619
10400000,-87079.56181376014,15343.937835246325,-71735.62397851382,298.7376024401883,64.0,0.9680735185677091,619
10450000,-86869.18827860389,15333.566015219782,-71535.62226338411,298.5356690981128,64.0,0.9680735185677091,619
10500000,-86294.4716037992,15219.516308528546,-71074.95529527066,296.3151872177911,64.0,0.9680735185677091,619
10550000,-86810.86100809608,15493.693560697604,-71317.16744739847,301.65325987137527,64.0,0.9680735185677091,619
10600000,-86486.21842997108,15557.275071353186,-70928.9433586179,302.89115514029004,64.0,0.9680735185677091,619
10650000,-86736.15373270545,15450.789131354308,-71285.36460135115,300.81793542639224,64.0,0.9680735185677091,619
10700000,-86573.27543680702,15355.181811002316,-71218.0936258047,298.9565161503002,64.0,0.9680735185677091,619
10750000,-86458.31913797889,15340.589608462993,-71117.7295295159,298.6724143996463,64.0,0.9680735185677091,619
10800000,-86428.39042704139,15228.124832616886,-71200.2655944245,296.48279020695287,64.0,0.9680735185677091,619
10850000,-86612.78837626014,15462.337539701606,-71150.45083655854,301.0427762631263,64.0,0.9680735185677091,619
10900000,-86688.78434793983,15555.747975302918,-71133.03637263691,302.8614234626952,64.0,0.9680735185677091,619
10950000,-86892.07341043983,15453.020305690123,-71439.0531047497,300.86137510132215,64.0,0.9680735185677091,619
11000000,-86344.83256571327,15433.107093763072,-70911.7254719502,300.47367637288323,64.0,0.9680735185677091,619
11050000,-86894.7469944242,15165.622258796357,-71729.12473562785,295.26590121470247,64.0,0.9680735185677091,619
11100000,-86883.47868387733,15491.915324063273,-71391.56335981406,301.61863863174204,64.0,0.9680735185677091,619
11150000,-86774.0087131742,15498.717005569022,-71275.29170760518,301.7510634399892,64.0,0.9680735185677091,619
11200000,-86742.85551493202,15524.600639272016,-71218.25487566,302.2550028301183,64.0,0.9680735185677091,619
11250000,-87103.7811741117,15513.357730702497,-71590.4234434092,302.0361098975103,64.0,0.9680735185677091,619
11300000,-86502.50663797889,15461.50195694575,-71041.00468103314,301.0265079497504,64.0,0.9680735185677091,619
11350000,-86489.52128641639,15653.223798455903,-70836.29748796049,304.7592214085208,64.0,0.9680735185677091,619
11400000,-86383.68925516639,15692.122482923325,-70691.56677224307,305.5165563156775,64.0,0.9680735185677091,619
11450000,-86885.90483133827,15213.796791994944,-71672.10803934332,296.203831536172,64.0,0.9680735185677091,619
11500000,-86777.01969950233,15133.639849178493,-71643.37985032384,294.6432221819737,64.0,0.9680735185677091,619
11550000,-86815.27470438514,15025.76194506418,-71789.51275932096,292.54290173116004,64.0,0.9680735185677091,619
11600000,-86723.49223368202,15358.55627821968,-71364.93595546234,299.0222150769286,64.0,0.9680735185677091,619
11650000,-86664.74235575233,15479.795882819337,-71184.94647293299,301.3826801145085,64.0,0.9680735185677091,618
11700000,-86673.51518290077,15289.363273720723,-71384.15190918004,297.6750672657475,64.0,0.9680735185677091,618
11750000,-86503.65605204139,15463.599579978676,-71040.05647206272,301.06734745799184,64.0,0.9680735185677091,618
11800000,-86564.59416239295,15004.46939182491,-71560.12477056804,292.1283480244891,64.0,0.9680735185677091,618
11850000,-86615.16081278358,15242.158147658687,-71373.00266512489,296.7560107410094,64.0,0.9680735185677091,618
11900000,-86592.84391825233,15516.336440088693,-71076.50747816364,302.094103647873,64.0,0.9680735185677091,618
11950000,-86803.31083719764,15420.243829162093,-71383.06700803555,300.2232360447412,64.0,0.9680735185677091,618
12000000,-86547.02018778358,15197.695636581688,-71349.32455120189,295.89035134508157,64.0,0.9680735185677091,618
12050000,-86444.80204813514,15175.986226184526,-71268.81582195061,295.4676816704469,64.0,0.9680735185677091,618
12100000,-86329.1805881742,15491.46560046915,-70837.71498770505,301.6098827732583,64.0,0.9680735185677091,618
12150000,-86371.15348856483,15225.150727876404,-71146.00276068843,296.42488610638117,64.0,0.9680735185677091,618
12200000,-86702.67436258827,15471.174020587001,-71231.50034200127,301.2148174393912,64.0,0.9680735185677091,618
12250000,-86917.94206278358,15365.12237671204,-71552.81968607154,299.15005322004777,64.0,0.9680735185677091,618
12300000,-86411.26884501014,15644.875613793265,-70766.39323121688,304.5966870775282,64.0,0.9680735185677091,618
12350000,-86953.42411844764,15286.476194521412,-71666.94792392623,297.61885750217067,64.0,0.9680735185677091,618
12400000,-87114.03935282264,15154.933187032584,-71959.10616579006,295.0577911646418,64.0,0.9680735185677091,618
12450000,-86510.85759012733,15138.562660519616,-71372.29492960771,294.7390664739087,64.0,0.9680735185677091,618
12500000,-86593.60124247108,15264.97149691265,-71328.62974555843,297.2001734672233,64.0,0.9680735185677091,618
12550000,-86619.34001200233,15630.673579158727,-70988.6664328436,304.32018167050364,64.0,0.9680735185677091,618
12600000,-86754.2997287992,15592.304592682049,-71161.99513611716,303.5731596771159,64.0,0.9680735185677091,618
12650000,-86587.51542704139,15008.174183034454,-71579.34124400694,292.2004781683521,64.0,0.9680735185677091,618
12700000,-86762.68266336952,15423.168847277295,-71339.51381609222,300.2801844570856,64.0,0.9680735185677091,618
12750000,-86635.08799784217,15581.240300495178,-71053.847697347,303.3577443022562,64.0,0.9680735185677091,618
12800000,-86777.26481668983,15439.721243732842,-71337.54357295699,300.6024500504988,64.0,0.9680735185677091,618
12850000,-86464.99675028358,15015.931957931258,-71449.06479235232,292.3515175623998,64.0,0.9680735185677091,618
12900000,-86481.03202860389,15409.238042450044,-71071.79398615385,300.00895973766615,64.0,0.9680735185677091,618
12950000,-86262.76030008827,15082.704563696403,-71180.05573639186,293.65154160897424,64.0,0.9680735185677091,618
13000000,-86798.72685282264,15321.78969478514,-71476.9371580375,298.3063909447478,64.0,0.9680735185677091,618
13050000,-87201.7645725492,15362.449773943285,-71839.31479860592,299.0980191886286,64.0,0.9680735185677091,618
13100000,-86925.20134012733,15551.93180071155,-71373.26953941578,302.78712474875624,64.0,0.9680735185677091,618
13150000,-87194.16191141639,15364.82158596674,-71829.34032544965,299.1441969980628,64.0,0.9680735185677091,618
13200000,-86431.35160868202,15662.026547633926,-70769.32506104809,304.93060584793665,64.0,0.9680735185677091,618
13250000,-86304.74382059608,15649.516493261668,-70655.2273273344,304.6870423188288,64.0,0.9680735185677091,618
13300000,-86743.79692118202,15646.273635824211,-71097.5232853578,304.6239057585583,64.0,0.9680735185677091,618
13350000,-86400.93803446327,15464.923222072306,-70936.01481239096,301.0931180046264,64.0,0.9680735185677091,618
13400000,-86456.87309305702,15468.132200140157,-70988.74089291686,301.1555949531494,64.0,0.9680735185677091,618
13450000,-86778.89970438514,15572.230008201674,-71206.66969618347,303.18231911832044,64.0,0.9680735185677091,618
13500000,-86671.91227762733,15504.396023813635,-71167.5162538137,301.86163064332555,64.0,0.9680735185677091,618
13550000,-86396.05583231483,15419.71781637799,-70976.33801593684,300.21299487981577,64.0,0.9680735185677091,618
13600000,-87047.12138407264,15343.257848311216,-71703.86353576143,298.724363487524,64.0,0.9680735185677091,618
13650000,-86711.90397684608,15210.103238346288,-71501.80073849979,296.1319201811254,64.0,0.9680735185677091,618
13700000,-86971.45085184608,15551.250291835517,-71420.20056001056,302.7738561647816,64.0,0.9680735185677091,618
13750000,-85653.25273172889,15596.900322832633,-70056.35240889626,303.66263588729015,64.0,0.9680735185677091,618
13800000,-86465.29753153358,15283.431433304446,-71181.86609822913,297.559577760834,64.0,0.9680735185677091,618
13850000,-86792.17875711952,15288.719390736776,-71503.45936638274,297.66253123614797,64.0,0.9680735185677091,618
13900000,-86556.23600809608,15883.87094102474,-70672.36506707134,309.2497879840982,64.0,0.9680735185677091,618
13950000,-86898.90568583045,15245.04358055268,-71653.86210527777,296.81218845197304,64.0,0.9680735185677091,618
14000000,-86514.91777079139,15329.318278473336,-71185.59949231806,298.4529681184128,64.0,0.9680735185677091,618
14050000,-86436.22245829139,15459.343629660318,-70976.87882863107,300.9844865647934,64.0,0.9680735185677091,618
14100000,-86941.71842997108,15265.373333400465,-71676.34509657061,297.207996991421,64.0,0.9680735185677091,618
14150000,-86258.28447001014,15848.99528524233,-70409.28918476781,308.57077912054336,64.0,0.9680735185677091,618
14200000,-86953.13835184608,15363.309032300953,-71589.82931954513,299.1147484522898,64.0,0.9680735185677091,618
14250000,-86513.35966532264,15428.809663240798,-71084.55000208184,300.3900078840858,64.0,0.9680735185677091,618
14300000,-86376.16020243202,15230.747451833682,-71145.41275059833,296.53385108750075,64.0,0.9680735185677091,618
14350000,-86311.06401102577,15674.352971131913,-70636.71103989385,305.17059419004215,64.0,0.9680735185677091,618
14400000,-86539.14299051795,15392.512454696,-71146.63053582195,299.683322209758,64.0,0.9680735185677091,618
14450000,-86733.81169168983,15616.150377496611,-71117.66131419322,304.0374233270535,64.0,0.9680735185677091,618
14500000,-86581.68437235389,15401.428379061865,-71180.25599329203,299.8569101046775,64.0,0.9680735185677091,618
14550000,-86562.95451395545,15558.13352916576,-71004.8209847897,302.9078688178009,64.0,0.9680735185677091,618
14600000,-86780.56706278358,15604.74203596916,-71175.82502681442,303.8153095103577,64.0,0.9680735185677091,618
14650000,-86738.61198465858,15809.652040113695,-70928.95994454488,307.80478887422305,64.0,0.9680735185677091,618
14700000,-86402.30046122108,15394.51910700649,-71007.78135421459,299.72239057060534,64.0,0.9680735185677091,618
14750000,-86660.93302958045,15539.511168285942,-71121.42186129451,302.5453022132729,64.0,0.9680735185677091,618
14800000,-86590.71806376014,15433.1181427259,-71157.59992103424,300.4738914898044,64.0,0.9680735185677091,618
14850000,-86981.02946512733,15383.989574747626,-71597.0398903797,299.51738666250793,64.0,0.9680735185677091,618
14900000,-86545.46354715858,15423.92198005502,-71121.54156710356,300.294847517035,64.0,0.9680735185677091,618
14950000,-86542.2479709867,15340.365876181488,-71201.88209480522,298.66805846141955,64.0,0.9680735185677091,618
15000000,-86748.00041239295,15676.543683703057,-71071.4567286899,305.2132460977966,64.0,0.9680735185677091,618
15050000,-86508.9540256742,15199.85637911898,-71309.09764655522,295.93241975359655,64.0,0.9680735185677091,618
15100000,-86867.92057840858,15531.897996559972,-71336.0225818486,302.3970781593956,64.0,0.9680735185677091,618
15150000,-86453.04374735389,14955.775822465308,-71497.26792488858,291.180312368914,64.0,0.9680735185677091,618
15200000,-86767.4257053617,15559.221663612407,-71208.2040417493,302.9290541666477,64.0,0.9680735185677091,618
15250000,-86975.22514383827,15388.724525824422,-71586.50061801384,299.6095734236602,64.0,0.9680735185677091,618
15300000,-86963.57560770545,15393.961497476324,-71569.61411022913,299.7115342352938,64.0,0.9680735185677091,618
15350000,-86308.71134989295,15227.126982495189,-71081.58436739777,296.4633626417378,64.0,0.9680735185677091,618
15400000,-86864.60954325233,15575.238616770715,-71289.37092648161,303.2408949884946,64.0,0.9680735185677091,618
15450000,-86277.29130594764,15366.18225470744,-70911.1090512402,299.1706884321182,64.0,0.9680735185677091,618
15500000,-86657.4686741117,15040.649322673678,-71616.81935143803,292.8327503698496,64.0,0.9680735185677091,618
15550000,-86607.43132059608,15502.471810760908,-71104.95950983517,301.8241673271855,64.0,0.9680735185677091,618
15600000,-86561.54020731483,15098.692544502206,-71462.84766281262,293.9628183558608,64.0,0.9680735185677091,618
15650000,-86582.51542704139,15622.772156981751,-70959.74327005964,304.1663455469242,64.0,0.9680735185677091,618
15700000,-86398.48173563514,15486.665282397997,-70911.81645323714,301.51642335450117,64.0,0.9680735185677091,618
15750000,-86816.83903543983,15793.488560016733,-71023.3504754231,307.49009525755804,64.0,0.9680735185677091,618
15800000,-86876.42143290077,15229.321887854487,-71647.09954504628,296.5060961806546,64.0,0.9680735185677091,618
15850000,-86851.51091043983,15733.623336441437,-71117.88757399839,306.32455395046617,64.0,0.9680735185677091,618
15900000,-86626.29728739295,15361.952016951516,-71264.34527044144,299.08832814765105,64.0,0.9680735185677091,618
15950000,-87087.97001688514,15317.959140932653,-71770.01087595249,298.2318122749046,64.0,0.9680735185677091,618
16000000,-86998.79142801795,15226.642419123556,-71772.1490088944,296.45392847291976,64.0,0.9680735185677091,618
16050000,-86641.61882059608,15072.373209043406,-71569.24561155267,293.45039610433685,64.0,0.9680735185677091,618
16100000,-86346.36912577186,15383.472409462905,-70962.89671630895,299.50731775328256,64.0,0.9680735185677091,618
16150000,-86872.09513895545,15470.70045524271,-71401.39468371274,301.2055973958098,64.0,0.9680735185677091,618
16200000,-86349.84684793983,15475.548840711359,-70874.29800722847,301.2999926590181,64.0,0.9680735185677091,618
16250000,-86676.49552958045,15210.752549797064,-71465.74297978339,296.144561899837,64.0,0.9680735185677091,618
16300000,-86824.43608133827,15660.396969589638,-71164.03911174863,304.8988789051422,64.0,0.9680735185677091,618
16350000,-86703.20976297889,15132.623142285971,-71570.58662069292,294.62342748632796,64.0,0.9680735185677091,618
16400000,-86664.11845438514,15497.56287912419,-71166.55557526095,301.72859326507427,64.0,0.9680735185677091,618
16450000,-86412.62895243202,15343.817442157306,-71068.81151027471,298.7352584563199,64.0,0.9680735185677091,618
16500000,-86881.00016825233,15294.448480616324,-71586.551687636,297.77407330528024,64.0,0.9680735185677091,618
16550000,-86546.05571024452,15748.888715068344,-70797.16699517617,306.62176205051907,64.0,0.9680735185677091,618
16600000,-86913.50407450233,15551.695688297506,-71361.80838620482,302.7825277765034,64.0,0.9680735185677091,618
16650000,-86470.06474344764,15530.537905651727,-70939.52683779591,302.3705979754042,64.0,0.9680735185677091,618
16700000,-87008.26823465858,15535.377994723618,-71472.89023993496,302.4648317125621,64.0,0.9680735185677091,618
16750000,-86887.81596415077,15619.983812068938,-71267.83215208183,304.1120580828472,64.0,0.9680735185677091,618
16800000,-86634.99259989295,15241.45383825549,-71393.53876163746,296.74229824394723,64.0,0.9680735185677091,618
16850000,-86923.96269266639,15686.816785062663,-71237.14590760373,305.41325744447613,64.0,0.9680735185677091,618
16900000,-87061.91264383827,15332.955695594661,-71728.9569482436,298.52378652771347,64.0,0.9680735185677091,618
16950000,-86505.68412821327,15331.466944371874,-71174.21718384139,298.4948014017503,64.0,0.9680735185677091,618
17000000,-86319.11686747108,15361.160070747137,-70957.95679672394,299.0729094127149,64.0,0.9680735185677091,618
17050000,-86095.75614969764,15631.279926156887,-70464.47622354075,304.3319868961518,64.0,0.9680735185677091,618
17100000,-86474.59526102577,15423.039836135227,-71051.55542489054,300.2776726847047,64.0,0.9680735185677091,618
17150000,-86826.7509006742,15405.591795972083,-71421.15910470212,299.93796942589427,64.0,0.9680735185677091,618
17200000,-86816.31864969764,15605.74047284713,-71210.57817685051,303.8347484993783,64.0,0.9680735185677091,618
17250000,-86571.62040751014,15587.492089731153,-70984.12831777899,303.4794630257918,64.0,0.9680735185677091,618
17300000,-86595.0028537992,15377.284259906388,-71217.71859389282,299.3868380575288,64.0,0.9680735185677091,618
17350000,-86543.42265360389,15485.54210059205,-71057.88055301184,301.49455565382254,64.0,0.9680735185677091,618
17400000,-87133.37272684608,15546.051956439274,-71587.3207704068,302.672647578718,64.0,0.9680735185677091,618
17450000,-86889.41935770545,15583.512966510374,-71305.90639119508,303.4019917962057,64.0,0.9680735185677091,618
17500000,-87134.2460178617,15537.950499674305,-71596.2955181874,302.5149168973097,64.0,0.9680735185677091,618
17550000,-86602.36137430702,15593.798897516448,-71008.56247679057,303.6022529286877,64.0,0.9680735185677091,618
17600000,-87113.91935770545,15426.347281392606,-71687.57207631285,300.34206673250395,64.0,0.9680735185677091,618
17650000,-86604.0917209867,15492.064907385036,-71112.02681360167,301.62155093257303,64.0,0.9680735185677091,618
17700000,-86585.4803928617,15043.709042520728,-71541.77135034098,292.8923213470694,64.0,0.9680735185677091,618
17750000,-86771.01615946327,15253.246123267338,-71517.77003619593,296.9718872184045,64.0,0.9680735185677091,618
17800000,-86497.84623758827,15284.891584208002,-71212.95465338026,297.5880060551097,64.0,0.9680735185677091,618
17850000,-86205.59123270545,15265.757715371437,-70939.83351733402,297.21548068626277,64.0,0.9680735185677091,618
17900000,-86438.48454325233,15540.3285869807,-70898.15595627163,302.56121688287624,64.0,0.9680735185677091,618
17950000,-86636.39744608436,15348.739791980945,-71287.65765410342,298.8310937627761,64.0,0.9680735185677091,618
18000000,-86113.63011209999,15410.503536525182,-70703.1265755748,300.0335981759842,64.0,0.9680735185677091,618
18050000,-87085.40202372108,15832.604802785965,-71252.79722093511,308.25166589912476,64.0,0.9680735185677091,618
18100000,-86769.95903055702,15688.777783215744,-71081.18124734127,305.4514369452621,64.0,0.9680735185677091,618
18150000,-86381.64616434608,15676.074997511227,-70705.57116683485,305.2041210484939,64.0,0.9680735185677091,618
18200000,-87285.53031961952,15508.145417785505,-71777.38490183401,301.93462917719523,64.0,0.9680735185677091,618
18250000,-86503.5272678617,15071.693306376925,-71431.83396148478,293.437158792334,64.0,0.9680735185677091,618
18300000,-86752.70158426795,15360.263771544094,-71392.43781272386,299.05545898520006,64.0,0.9680735185677091,618
18350000,-86469.18925516639,15323.676349799149,-71145.51290536724,298.3431230275787,64.0,0.9680735185677091,618
18400000,-86762.0800022367,15037.536099852994,-71724.54390238371,292.77213772065227,64.0,0.9680735185677091,618
18450000,-87215.54020731483,15506.404528470244,-71709.13567884458,301.9007350682814,64.0,0.9680735185677091,618
18500000,-86605.89421122108,15541.618524980498,-71064.27568624058,302.58633123028136,64.0,0.9680735185677091,618
18550000,-86479.85746805702,15346.124196082528,-71133.73327197449,298.78016962217833,64.0,0.9680735185677091,618
18600000,-86744.7587131742,15587.472857967252,-71157.28585520695,303.47908859446267,64.0,0.9680735185677091,618
18650000,-86554.66288797889,15098.561879222703,-71456.10100875619,293.96027437837995,64.0,0.9680735185677091,618
18700000,-87135.67631571327,15459.582093464356,-71676.09422224891,300.9891293172505,64.0,0.9680735185677091,618
18750000,-86298.4056247953,15135.02126565855,-71163.38435913675,294.67011756252435,64.0,0.9680735185677091,618
18800000,-86624.76884501014,15218.042857230641,-71406.7259877795,296.28649997252364,64.0,0.9680735185677091,618
18850000,-86218.99736063514,15241.218575621722,-70977.77878501342,296.7377178164253,64.0,0.9680735185677091,618
18900000,-86418.2460178617,15231.081179721514,-71187.16483814019,296.54034857661657,64.0,0.9680735185677091,618
18950000,-86635.5487522367,15594.046219736338,-71041.50253250037,303.60706814938226,64.0,0.9680735185677091,618
19000000,-86275.9960178617,15615.72091640858,-70660.27510145312,304.0290619678537,64.0,0.9680735185677091,618
19050000,-86674.38127176795,15127.370562530588,-71547.01070923737,294.52116279393954,64.0,0.9680735185677091,618
19100000,-86968.44181864295,15496.433344813646,-71472.00847382931,301.7066018848022,64.0,0.9680735185677091,618
19150000,-86304.10319559608,15531.995781680569,-70772.10741391551,302.39898197918393,64.0,0.9680735185677091,618
19200000,-86075.13945047889,15437.222384548048,-70637.91706593084,300.5537987062535,64.0,0.9680735185677091,618
19250000,-86235.05278055702,15276.234974398045,-70958.81780615897,297.4194668647367,64.0,0.9680735185677091,618
19300000,-86237.63017313514,15249.290440537152,-70988.33973259799,296.8948723616241,64.0,0.9680735185677091,618
19350000,-86811.67546122108,15407.580329048098,-71404.09513217298,299.9766850157175,64.0,0.9680735185677091,618
19400000,-86572.64213602577,15609.499471014831,-70963.14266501094,303.9079340213906,64.0,0.9680735185677091,618
19450000,-86710.12944071327,15208.733353388961,-71501.3960873243,296.1052493126583,64.0,0.9680735185677091,618
19500000,-86179.94487040077,15360.223952817847,-70819.72091758292,299.0546837376112,64.0,0.9680735185677091,618
19550000,-86540.12602274452,15216.855097249907,-71323.27092549461,296.2633749721014,64.0,0.9680735185677091,618
19600000,-86381.19548075233,15171.657222762238,-71209.53825799009,295.38339847553203,64.0,0.9680735185677091,618
19650000,-87147.92741434608,15337.138494834304,-71810.78891951178,298.6052232116831,64.0,0.9680735185677091,618
19700000,-87020.86259501014,15451.76283894683,-71569.09975606331,300.8368929505162,64.0,0.9680735185677091,618
19750000,-86539.33793680702,15550.014890265069,-70989.32304654195,302.74980361013957,64.0,0.9680735185677091,618
19800000,-87040.72892801795,15752.733412153233,-71287.99551586472,306.69661608092383,64.0,0.9680735185677091,618
19850000,-86091.88188211952,15666.384749623598,-70425.49713249592,305.0154575220847,64.0,0.9680735185677091,618
19900000,-86457.89469950233,15772.37733060401,-70685.51736889832,307.07907182100354,64.0,0.9680735185677091,618
19950000,-86588.02665751014,15472.429847548483,-71115.59680996166,301.2392676645929,64.0,0.9680735185677091,618
20000000,-86490.75993387733,15502.903358902782,-70987.85657497455,301.8325693201175,64.0,0.9680735185677091,618
20050000,-86881.53630106483,15469.145996246953,-71412.39030481788,301.1753329774792,64.0,0.9680735185677091,618
20100000,-86497.1727756742,15516.489165357314,-70980.68361031689,302.0970771205936,64.0,0.9680735185677091,618
20150000,-86554.50541727577,15503.586565941107,-71050.91885133466,301.84587096633055,64.0,0.9680735185677091,618
20200000,-86743.61137430702,15420.333769866033,-71323.27760444098,300.2249871382704,64.0,0.9680735185677091,618
20250000,-86532.7616428617,15394.791919878218,-71137.96972298349,299.72770207956023,64.0,0.9680735185677091,618
20300000,-86235.54155008827,15375.817316655535,-70859.72423343273,299.35827752017644,64.0,0.9680735185677091,618
20350000,-86597.26786844764,15221.151792254299,-71376.11607619334,296.34702914079077,64.0,0.9680735185677091,618
20400000,-86463.0784763578,15575.96226158971,-70887.11621476809,303.25498393492836,64.0,0.9680735185677091,618
20450000,-86715.03324930702,15361.943296273239,-71353.08995303378,299.08815836108465,64.0,0.9680735185677091,618
20500000,-86825.6717991117,15177.41140935081,-71648.2603897609,295.4954291630857,64.0,0.9680735185677091,618
20550000,-86669.24675028358,15463.284158669761,-71205.96259161382,301.06120638738827,64.0,0.9680735185677091,618
20600000,-86615.93730204139,15433.157411399763,-71182.77989064163,300.47465602819125,64.0,0.9680735185677091,618
20650000,-86693.32072489295,15871.847198652104,-70821.47352624085,309.0156926685848,64.0,0.9680735185677091,618
20700000,-87000.55998270545,15321.25557342777,-71679.30440927768,298.2959919105868,64.0,0.9680735185677091,618
20750000,-86600.04179422889,15573.579879752127,-71026.46191447676,303.2086003373214,64.0,0.9680735185677091,618
20800000,-86838.56327860389,15318.251453411067,-71520.31182519282,298.2375034299329,64.0,0.9680735185677091,618
20850000,-86427.0096897367,15442.705146520399,-70984.3045432163,300.66054491338474,64.0,0.9680735185677091,618
20900000,-86260.18388407264,15479.136216692626,-70781.04766738001,301.36983679624035,64.0,0.9680735185677091,618
20950000,-86258.20780985389,15678.762769359164,-70579.44504049473,305.2564504131186,64.0,0.9680735185677091,618
21000000,-86289.30998270545,15461.866231778404,-70827.44375092705,301.0336001702289,64.0,0.9680735185677091,618
21050000,-86810.95329325233,15383.035009533633,-71427.9182837187,299.4988018294316,64.0,0.9680735185677091,618
21100000,-86852.5741428617,15552.52904065908,-71300.04510220262,302.7987526653916,64.0,0.9680735185677091,618
21150000,-86866.30644266639,15519.19416296482,-71347.11227970157,302.1497418608024,64.0,0.9680735185677091,618
21200000,-86355.4735569242,15616.939016220625,-70738.53454070358,304.0527776672583,64.0,0.9680735185677091,618
21250000,-86695.47306864295,15474.776803686284,-71220.69626495667,301.2849615442976,64.0,0.9680735185677091,618
21300000,-87060.88493387733,15195.99479759112,-71864.89013628621,295.85723699284455,64.0,0.9680735185677091,618
21350000,-86734.28959696327,15156.813388658455,-71577.47620830481,295.09439760373505,64.0,0.9680735185677091,618
21400000,-86475.69145243202,15470.560600914061,-71005.13085151796,301.2028745128523,64.0,0.9680735185677091,618
21450000,-86591.41728251014,15236.89379493217,-71354.52348757797,296.6535168356765,64.0,0.9680735185677091,618
21500000,-86212.8909763578,15607.462376157055,-70605.42860020074,303.86827296174016,64.0,0.9680735185677091,618
21550000,-86669.17936747108,15232.685771672986,-71436.49359579809,296.57158905462325,64.0,0.9680735185677091,618
21600000,-86730.77201883827,15609.312461673748,-71121.45955716452,303.90429305759176,64.0,0.9680735185677091,618
21650000,-86511.9725803617,15581.38165611145,-70930.59092425025,303.3604964144161,64.0,0.9680735185677091,618
21700000,-86205.67118876014,15476.110432009213,-70729.56075675093,301.3109265170455,64.0,0.9680735185677091,618
21750000,-86547.3534397367,15577.448430641321,-70969.90500909538,303.2839187875109,64.0,0.9680735185677091,618
21800000,-86770.53672831092,15575.514297625283,-71195.02243068564,303.24626233541784,64.0,0.9680735185677091,618
21850000,-86581.05180399452,15456.43833735981,-71124.6134666347,300.92792220266153,64.0,0.9680735185677091,618
21900000,-86802.02604715858,15403.104149921564,-71398.92189723701,299.8895363948933,64.0,0.9680735185677091,618
21950000,-86049.71488993202,15752.957446428627,-70296.75744350339,306.7009778987971,64.0,0.9680735185677091,618
22000000,-86171.26701395545,15518.81977157935,-70652.4472423761,302.1424526768868,64.0,0.9680735185677091,618
22050000,-86958.06425516639,15510.022824843938,-71448.04143032245,301.9711812076754,64.0,0.9680735185677091,618
22100000,-86770.84623758827,15425.387681158725,-71345.45855642954,300.32338387050015,64.0,0.9680735185677091,618
22150000,-87161.85380594764,15288.275385945803,-71873.57842000184,297.65388671945664,64.0,0.9680735185677091,618
22200000,-86841.4969944242,15741.883090917021,-71099.61390350718,306.48536659682037,64.0,0.9680735185677091,618
22250000,-86534.02665751014,15393.865655839909,-71140.16100167023,299.70966825401933,64.0,0.9680735185677091,618
22300000,-85881.33934061561,15343.52358378633,-70537.81575682928,298.7295372036568,64.0,0.9680735185677091,618
22350000,-86679.76884501014,15019.945397985517,-71659.82344702462,292.42965692090223,64.0,0.9680735185677091,618
22400000,-86870.88310282264,15424.836255760398,-71446.04684706224,300.31264793666173,64.0,0.9680735185677091,618
22450000,-86464.28984110389,15293.17967116367,-71171.11016994022,297.74937031847793,64.0,0.9680735185677091,618
22500000,-86464.8739475492,15549.624653798295,-70915.24929375091,302.74220593164785,64.0,0.9680735185677091,618
22550000,-86655.57585184608,15226.87527937023,-71428.70057247585,296.4584621273533,64.0,0.9680735185677091,618
22600000,-86666.6727756742,15526.009799277293,-71140.66297639691,302.282438361072,64.0,0.9680735185677091,618
22650000,-86959.55436747108,15668.018847948173,-71291.5355195229,305.04727247212406,64.0,0.9680735185677091,618
22700000,-86626.80473368202,15482.457506286213,-71144.3472273958,301.434500385265,64.0,0.9680735185677091,618
22750000,-86624.81120340858,15453.300899001304,-71171.51030440727,300.8668380909369,64.0,0.9680735185677091,618
22800000,-86516.94804422889,15599.841841393732,-70917.10620283516,303.7199055537807,64.0,0.9680735185677091,618
22850000,-86579.00712626014,15489.676407164428,-71089.33071909571,301.5750482135844,64.0,0.9680735185677091,618
22900000,-86752.50175516639,15188.216587231494,-71564.2851679349,295.7057997321453,64.0,0.9680735185677091,618
22950000,-86061.94096415077,15253.47659572633,-70808.46436842444,296.9763743839918,64.0,0.9680735185677091,618
23000000,-86666.51030008827,15407.377295488957,-71259.13300459931,299.9727320696535,64.0,0.9680735185677091,618
23050000,-86771.33427469764,15771.928463065997,-70999.40581163164,307.07033262943753,64.0,0.9680735185677091,618
23100000,-86306.17753641639,15403.677442213986,-70902.5000942024,299.900698064523,64.0,0.9680735185677091,618
23150000,-86386.38676493202,15296.973513752106,-71089.41325117991,297.8232342412254,64.0,0.9680735185677091,618
23200000,-86750.52153055702,15743.153245667927,-71007.36828488909,306.5100957758022,64.0,0.9680735185677091,618
23250000,-86426.46611063514,15510.15455990634,-70916.3115507288,301.97374601321116,64.0,0.9680735185677091,618
23300000,-86678.9979709867,15183.566873601172,-71495.43109738553,295.61527249481736,64.0,0.9680735185677091,618
23350000,-86721.47221415077,15279.295553239528,-71442.17666091124,297.47905456608174,64.0,0.9680735185677091,618
23400000,-86389.20158426795,15064.770905986778,-71324.43067828118,293.30238365717065,64.0,0.9680735185677091,618
23450000,-86304.5018772367,15564.668946729274,-70739.83293050743,303.0351096209658,64.0,0.9680735185677091,618
23500000,-86687.5936741117,15736.926686016144,-70950.66698809556,306.3888682576906,64.0,0.9680735185677091,618
23550000,-86613.54911844764,15830.550214021467,-70782.99890442617,308.21166424322024,64.0,0.9680735185677091,618
23600000,-86542.92240946327,15354.260824549245,-71188.66158491402,298.9385850762941,64.0,0.9680735185677091,618
23650000,-86504.30375711952,15164.37181791733,-71339.93193920219,295.24155585341356,64.0,0.9680735185677091,618
23700000,-86480.93290751014,15637.533389657736,-70843.3995178524,304.453738216657,64.0,0.9680735185677091,618
23750000,-86781.38029520545,15360.495378462598,-71420.88491674286,299.05996823805845,64.0,0.9680735185677091,618
23800000,-86495.21330301795,15347.577725412732,-71147.63557760522,298.8084689982475,64.0,0.9680735185677091,618
23850000,-86901.66032450233,15114.72970735887,-71786.93061714346,294.2750526488555,64.0,0.9680735185677091,618
23900000,-86623.04130594764,15240.193103673868,-71382.84820227377,296.7177524702175,64.0,0.9680735185677091,618
23950000,-86621.23637430702,15349.793096357142,-71271.44327794987,298.85160099027945,64.0,0.9680735185677091,618
24000000,-86710.92582743202,15364.17262049159,-71346.75320694043,299.13156201529665,64.0,0.9680735185677091,618
24050000,-86414.9794162992,15498.223785523325,-70916.75563077588,301.7414607307298,64.0,0.9680735185677091,618
24100000,-86573.17741434608,15397.678074138705,-71175.49934020737,299.7838938351127,64.0,0.9680735185677091,618
24150000,-86770.39872782264,15276.762629220262,-71493.63609860238,297.42973999919525,64.0,0.9680735185677091,618
24200000,-86503.28874247108,15598.62292337208,-70904.665819099,303.6961739243079,64.0,0.9680735185677091,618
24250000,-86914.29533426795,15703.393683508271,-71210.90165075968,305.7360000774761,64.0,0.9680735185677091,618
24300000,-87011.99833719764,15268.353380695917,-71743.64495650172,297.2660167901037,64.0,0.9680735185677091,618
24350000,-86635.11979715858,15409.971235935576,-71225.148561223,300.0232345911194,64.0,0.9680735185677091,618
24400000,-86507.80046122108,15939.634366877144,-70568.16609434393,310.335469659941,64.0,0.9680735185677091,618
24450000,-86311.32182352577,15462.916847499553,-70848.40497602621,301.0540550511722,64.0,0.9680735185677091,618
24500000,-86196.74223368202,15548.518381979316,-70648.2238517027,302.7206674586433,64.0,0.9680735185677091,618
24550000,-86760.5419162992,15720.547692032065,-71039.99422426714,306.0699787101883,64.0,0.9680735185677091,618
24600000,-86541.61424295936,15518.86112527526,-71022.7531176841,302.143257809448,64.0,0.9680735185677091,618
24650000,-86751.42033426795,15363.699136554496,-71387.72119771346,299.1223435566663,64.0,0.9680735185677091,618
24700000,-86493.42851297889,15589.764243140467,-70903.66426983842,303.52370053960107,64.0,0.9680735185677091,618
24750000,-86852.87663309608,15481.3832448069,-71371.49338828918,301.413585135075,64.0,0.9680735185677091,618
24800000,-87075.65837137733,15167.124768142356,-71908.53360323497,295.2951542033738,64.0,0.9680735185677091,618
24850000,-86396.79618876014,15180.973153877072,-71215.82303488307,295.5647742706914,64.0,0.9680735185677091,618
24900000,-86504.57780497108,15264.858385699801,-71239.71941927128,297.1979712572757,64.0,0.9680735185677091,618
24950000,-87002.7587131742,15495.863984444644,-71506.89472872956,301.69551676744925,64.0,0.9680735185677091,618
25000000,-87137.27580301795,15582.914791591,-71554.36101142695,303.3903456762089,64.0,0.9680735185677091,618
25050000,-86481.23759501014,15119.460791060701,-71361.77680394944,294.3671641144522,64.0,0.9680735185677091,618
25100000,-87276.95060770545,15238.200322600198,-72038.75028510526,296.6789541743349,64.0,0.9680735185677091,618
25150000,-86154.03569071327,15418.15368477581,-70735.88200593746,300.182542141428,64.0,0.9680735185677091,618
25200000,-86593.52995340858,15602.983653187373,-70990.5463002212,303.78107481376003,64.0,0.9680735185677091,618
25250000,-86544.17631571327,15328.72014655522,-71215.45616915805,298.4413228356256,64.0,0.9680735185677091,618
25300000,-86056.05845682655,15654.18128992815,-70401.8771668984,304.77786321415425,64.0,0.9680735185677091,618
25350000,-87045.7069553617,15368.09282711614,-71677.61412824556,299.2078861728019,64.0,0.9680735185677091,618
25400000,-86805.58964579139,15362.063821118325,-71443.52582467307,299.0905049101675,64.0,0.9680735185677091,618
25450000,-86515.07658426795,15493.67964271782,-71021.39694155013,301.652988896352,64.0,0.9680735185677091,618
25500000,-86482.96598856483,15268.551095423521,-71214.41489314131,297.2698661815915,64.0,0.9680735185677091,618
25550000,-86329.4647678617,15394.299583371729,-70935.16518448998,299.7181165722986,64.0,0.9680735185677091,618
25600000,-86785.05107157264,15177.26421688986,-71607.78685468278,295.49256341093303,64.0,0.9680735185677091,618
25650000,-86776.10496561561,15180.128819467733,-71595.97614614788,295.54833556767966,64.0,0.9680735185677091,618
25700000,-86782.97673075233,15184.544627487077,-71598.43210326525,295.6343087979351,64.0,0.9680735185677091,618
25750000,-86811.14506571327,15353.66179037746,-71457.4832753358,298.92692222714936,64.0,0.9680735185677091,618
25800000,-86443.23002665077,15454.967798009515,-70988.26222864125,300.89929165133117,64.0,0.9680735185677091,618
25850000,-86999.93717997108,15709.248930839822,-71290.68824913126,305.8499983592929,64.0,0.9680735185677091,618
25900000,-86522.2665256742,15305.273177228082,-71216.99334844612,297.984823892754,64.0,0.9680735185677091,618
25950000,-86109.93193094764,15096.586354842875,-71013.34557610477,293.92181206035383,64.0,0.9680735185677091,618
26000000,-86452.24589579139,15458.54834957514,-70993.69754621625,300.96900292112474,64.0,0.9680735185677091,618
26050000,-86974.35563700233,15585.609376964625,-71388.7462600377,303.4428076962412,64.0,0.9680735185677091,618
26100000,-86718.29801981483,15523.444940127665,-71194.85307968716,302.2325020356526,64.0,0.9680735185677091,618
26150000,-87355.86894266639,15303.289832500508,-72052.57911016588,297.9462093170766,64.0,0.9680735185677091,618
26200000,-86700.35099833045,15304.54606909072,-71395.80492923973,297.970667517513,64.0,0.9680735185677091,618
26250000,-86719.12675516639,15614.963489934802,-71104.16326523159,304.01431531212353,64.0,0.9680735185677091,618
26300000,-86395.60258524452,15372.9714980945,-71022.63108715002,299.3028710773824,64.0,0.9680735185677091,618
26350000,-86842.44096415077,15547.181150290999,-71295.25981385977,302.6946323304536,64.0,0.9680735185677091,618
26400000,-86615.48295633827,15473.232784261927,-71142.25017207634,301.25490037838915,64.0,0.9680735185677091,618
26450000,-86173.93345682655,15559.2687629438,-70614.66469388275,302.9299711634114,64.0,0.9680735185677091,618
26500000,-86606.83671610389,15485.221224562381,-71121.61549154151,301.48830838295817,64.0,0.9680735185677091,618
26550000,-86285.2792209867,15381.503137462656,-70903.77608352405,299.46897716547363,64.0,0.9680735185677091,618
26600000,-86426.67106668983,15542.413857119274,-70884.25720957055,302.6018158874034,64.0,0.9680735185677091,618
26650000,-87186.17900126014,15682.665911221993,-71503.51309003815,305.33244232957486,64.0,0.9680735185677091,618
26700000,-86789.75163309608,15041.8866654234,-71747.86496767268,292.8568407181303,64.0,0.9680735185677091,618
26750000,-86982.39140360389,15634.52688041632,-71347.86452318757,304.3952032191786,64.0,0.9680735185677091,618
26800000,-86780.66935770545,15210.612875777762,-71570.05648192769,296.14184252739835,64.0,0.9680735185677091,618
26850000,-86673.03947489295,15603.627735470916,-71069.41173942204,303.79361472360756,64.0,0.9680735185677091,618
26900000,-86491.74223368202,15606.499843539204,-70885.24239014281,303.8495330079151,64.0,0.9680735185677091,618
26950000,-86942.05986063514,15646.416991250124,-71295.64286938502,304.6266968058561,64.0,0.9680735185677091,618
27000000,-86688.4637912992,15244.630398321198,-71443.833392978,296.80414403270277,64.0,0.9680735185677091,618
27050000,-86725.52299540077,15705.089900284307,-71020.43309511646,305.7690244378673,64.0,0.9680735185677091,618
27100000,-86297.61991922889,15618.155738225672,-70679.46418100322,304.07646654155684,64.0,0.9680735185677091,618
27150000,-86354.07646219764,15568.552725393442,-70785.5237368042,303.110724547134,64.0,0.9680735185677091,618
27200000,-86677.28569071327,15347.999431950506,-71329.28625876276,298.8166793808351,64.0,0.9680735185677091,618
27250000,-85920.07426493202,15293.754506798461,-70626.31975813356,297.76056203609164,64.0,0.9680735185677091,618
27300000,-86708.79460184608,15166.449272918864,-71542.34532892721,295.28200270173886,64.0,0.9680735185677091,618
27350000,-86554.79252665077,15413.165115296142,-71141.62741135462,300.085417576537,64.0,0.9680735185677091,618
27400000,-86347.71037333045,15472.03155884333,-70875.67881448712,301.23151321367334,64.0,0.9680735185677091,618
27450000,-87359.39665262733,15490.863380220719,-71868.53327240661,301.59815789304247,64.0,0.9680735185677091,618
27500000,-86691.23002665077,15566.195817212574,-71125.03420943819,303.0648369069021,64.0,0.9680735185677091,618
27550000,-86921.52592508827,15143.133365292568,-71778.3925597957,294.8280554544425,64.0,0.9680735185677091,618
27600000,-86242.91227762733,15402.227266788948,-70840.68501083838,299.8724639870492,64.0,0.9680735185677091,618
27650000,-86770.65898172889,15553.747822954785,-71216.9111587741,302.8224816523586,64.0,0.9680735185677091,618
27700000,-86621.80155985389,15526.41030253109,-71095.3912573228,302.2902359279739,64.0,0.9680735185677091,618
27750000,-86146.43559305702,15642.426457121503,-70504.00913593551,304.5490034124887,64.0,0.9680735185677091,618
27800000,-86675.98197977577,15261.24352000188,-71414.73845977389,297.1275919111564,64.0,0.9680735185677091,618
27850000,-86425.05888407264,15414.394782270072,-71010.66410180257,300.1093584818988,64.0,0.9680735185677091,618
27900000,-86752.79496805702,15373.013529291376,-71379.78143876564,299.3036894004959,64.0,0.9680735185677091,618
27950000,-86399.94682352577,15222.21671795554,-71177.73010557023,296.36776262877686,64.0,0.9680735185677091,618
28000000,-86651.71842997108,15306.453718921402,-71345.26471104968,298.0078083572917,64.0,0.9680735185677091,618
28050000,-86636.57133524452,15371.478419309482,-71265.09291593503,299.27380169628356,64.0,0.9680735185677091,618
28100000,-87132.12931864295,15503.225813735655,-71628.9035049073,301.83884732936787,64.0,0.9680735185677091,618
28150000,-86936.92692606483,15356.238994421787,-71580.68793164304,298.9770989005345,64.0,0.9680735185677091,618
28200000,-86209.78569071327,15623.260672259377,-70586.52501845389,304.1758566570682,64.0,0.9680735185677091,618
28250000,-86997.23613016639,15482.088547985768,-71515.14758218062,301.4273169803751,64.0,0.9680735185677091,618
28300000,-86467.89311258827,15475.245907549514,-70992.64720503875,301.294094725421,64.0,0.9680735185677091,618
28350000,-86387.29350321327,15177.222739311866,-71210.0707639014,295.49175586645924,64.0,0.9680735185677091,618
28400000,-86958.73075907264,15353.888162125833,-71604.84259694681,298.93132955427063,64.0,0.9680735185677091,618
28450000,-87077.93205301795,15562.835789516103,-71515.09626350185,302.999419109401,64.0,0.9680735185677091,618
28500000,-86953.89396708045,15414.010158288758,-71539.8838087917,300.10187007525565,64.0,0.9680735185677091,618
28550000,-86889.14872782264,15154.405956992414,-71734.74277083023,295.04752630044425,64.0,0.9680735185677091,618
28600000,-86818.09733622108,15285.122854190413,-71532.97448203067,297.59250874801705,64.0,0.9680735185677091,618
28650000,-86641.75340311561,15244.856643330771,-71396.89675978484,296.8085488922929,64.0,0.9680735185677091,618
28700000,-86580.02616922889,15487.915110760077,-71092.11105846881,301.5407567904391,64.0,0.9680735185677091,618
28750000,-86786.58634989295,15399.882686643687,-71386.70366324927,299.8268163665462,64.0,0.9680735185677091,618
28800000,-86520.42057840858,15170.807215793058,-71349.61336261552,295.36684933105835,64.0,0.9680735185677091,618
28850000,-87101.77848856483,14963.557293700811,-72138.22119486402,291.33181311698206,64.0,0.9680735185677091,618
28900000,-86956.99711649452,15183.114830116509,-71773.88228637801,295.60647146940545,64.0,0.9680735185677091,618
28950000,-86914.30607645545,15299.498891833471,-71614.80718462198,297.87240189306175,64.0,0.9680735185677091,618
29000000,-86489.50346415077,15571.345591346035,-70918.15787280473,303.1651000332428,64.0,0.9680735185677091,618
29050000,-86696.28349344764,15485.978871640284,-71210.30462180736,301.50305933372306,64.0,0.9680735185677091,618
29100000,-86684.39567606483,15164.193829144584,-71520.20184692024,295.23809051486734,64.0,0.9680735185677091,618
29150000,-86694.05882303749,15505.381635360187,-71188.6771876773,301.8808199305552,64.0,0.9680735185677091,618
29200000,-86571.15263407264,15542.988389343955,-71028.16424472869,302.61300169779764,64.0,0.9680735185677091,618
29250000,-86971.4384006742,14881.795633929083,-72089.64276674512,289.7399608510254,64.0,0.9680735185677091,618
29300000,-86925.16642801795,15266.90535386512,-71658.26107415283,297.2378245445182,64.0,0.9680735185677091,618
29350000,-86458.51982157264,15747.215864702594,-70711.30395687005,306.58919262063273,64.0,0.9680735185677091,618
29400000,-86666.9276584867,15259.468764610589,-71407.45889387612,297.0930384493133,64.0,0.9680735185677091,618
29450000,-86380.54472391639,15615.13614189066,-70765.40858202573,304.0176767459291,64.0,0.9680735185677091,618
29500000,-86193.19706766639,15623.534246716881,-70569.66282094951,304.18118299365796,64.0,0.9680735185677091,618
29550000,-87025.17582743202,15320.554388214485,-71704.62143921753,298.28234023969685,64.0,0.9680735185677091,618
29600000,-87129.11686747108,15748.874936915934,-71380.24193055514,306.62149379785404,64.0,0.9680735185677091,618
29650000,-86862.71635477577,15207.2397280999,-71655.47662667587,296.0761692914415,64.0,0.9680735185677091,618
29700000,-86937.03300516639,15290.980807543034,-71646.05219762336,297.7065597145003,64.0,0.9680735185677091,618
29750000,-86413.23783915077,15343.545804822817,-71069.69203432795,298.7299698343958,64.0,0.9680735185677091,618
29800000,-86761.9012912992,15348.051587461494,-71413.84970383771,298.8176948184936,64.0,0.9680735185677091,618
29850000,-86324.30107157264,15626.629239576636,-70697.671831996,304.2414407160511,64.0,0.9680735185677091,618
29900000,-86524.94743387733,15677.438825737918,-70847.50860813941,305.2306739959157,64.0,0.9680735185677091,618
29950000,-86368.10612528358,15575.79105433682,-70792.31507094676,303.25165062865466,64.0,0.9680735185677091,618
30000000,-86301.80473368202,15375.53054544283,-70926.27418823919,299.3526942503892,64.0,0.9680735185677091,618
30050000,-86418.76713602577,15131.528322293889,-71287.23881373188,294.60211197377504,64.0,0.9680735185677091,618
30100000,-86640.96745340858,15327.632248430513,-71313.33520497807,298.42014208783036,64.0,0.9680735185677091,618
30150000,-87153.33708231483,15072.016791673144,-72081.32029064168,293.44345686411026,64.0,0.9680735185677091,618
30200000,-86597.38530008827,15217.18396731047,-71380.2013327778,296.2697778821276,64.0,0.9680735185677091,618
30250000,-86589.12052958045,15389.251351862913,-71199.86917771754,299.6198304221786,64.0,0.9680735185677091,618
30300000,-86512.42521708045,15389.326470492873,-71123.09874658758,299.6212929384931,64.0,0.9680735185677091,618
30350000,-87321.53202860389,15360.321544391685,-71961.2104842122,299.0565837891559,64.0,0.9680735185677091,618
30400000,-86426.41447489295,15260.502456019516,-71165.91201887344,297.1131638236782,64.0,0.9680735185677091,618
30450000,-86691.16191141639,15440.213029156206,-71250.94888226019,300.61202482849046,64.0,0.9680735185677091,618
30500000,-86705.88322489295,15175.897643632721,-71529.98558126023,295.4659570193548,64.0,0.9680735185677091,618
30550000,-86701.14494364295,15518.648849860474,-71182.49609378248,302.13912492979546,64.0,0.9680735185677091,618
30600000,-86553.0057834867,15484.725417053327,-71068.28036643338,301.4786552972824,64.0,0.9680735185677091,618
30650000,-86768.34623758827,15409.323895166162,-71359.0223424221,300.010631240435,64.0,0.9680735185677091,618
30700000,-86699.5634006742,15485.751121719499,-71213.8122789547,301.49862517438135,64.0,0.9680735185677091,618
30750000,-86826.57096903358,15313.693262621062,-71512.87770641252,298.14875808941514,64.0,0.9680735185677091,618
30800000,-86171.32951395545,15586.95451409067,-70584.37499986478,303.46899673873486,64.0,0.9680735185677091,618
30850000,-86920.51493876014,15595.289665284567,-71325.22527347557,303.6312773156231,64.0,0.9680735185677091,618
30900000,-86815.03862040077,15423.212278860621,-71391.82634154015,300.2810300449141,64.0,0.9680735185677091,618
30950000,-86508.37309305702,15264.335431567859,-71244.03766148916,297.1877896425403,64.0,0.9680735185677091,618
31000000,-86867.67814676795,15474.614310691366,-71393.06383607659,301.2817978995907,64.0,0.9680735185677091,618
31050000,-86663.08610575233,15215.684875711566,-71447.40123004076,296.2405914350171,64.0,0.9680735185677091,618
31100000,-86976.07743876014,15211.598566150293,-71764.47887260985,296.16103334932427,64.0,0.9680735185677091,618
31150000,-86444.26286356483,15367.554209362163,-71076.70865420267,299.1973995963975,64.0,0.9680735185677091,618
31200000,-87082.4091037992,15232.355018344708,-71850.0540854545,296.5651494784629,64.0,0.9680735185677091,618
31250000,-87083.39225809608,15476.301048490684,-71607.0912096054,301.31463770978314,64.0,0.9680735185677091,618
31300000,-86580.46745340858,15275.455808792729,-71305.01164461585,297.40429696067844,64.0,0.9680735185677091,618
31350000,-86539.63749735389,15474.695337040233,-71064.94216031366,301.2833754357783,64.0,0.9680735185677091,618
31400000,-86076.58207743202,15357.473888079636,-70719.10818935238,299.0011415664117,64.0,0.9680735185677091,618
31450000,-86847.58671610389,15338.4039496521,-71509.18276645179,298.6298608856834,64.0,0.9680735185677091,618
31500000,-85979.39775126014,15662.692215019139,-70316.705536241,304.9435660072397,64.0,0.9680735185677091,618
31550000,-86626.14323465858,15414.603703503031,-71211.53953115555,300.11342605756965,64.0,0.9680735185677091,618
31600000,-87129.03758280311,15591.447712603025,-71537.58987020008,303.55647671716554,64.0,0.9680735185677091,618
31650000,-86353.20585672889,15593.090267155785,-70760.1155895731,303.5884563050808,64.0,0.9680735185677091,618
31700000,-86244.96904032264,15601.932262516115,-70643.03677780653,303.7606048449859,64.0,0.9680735185677091,618
31750000,-86912.58500711952,15511.545451289276,-71401.03955583024,302.00082586464526,64.0,0.9680735185677091,618
31800000,-86947.62065165077,15789.282431775704,-71158.33821987506,307.4082043714131,64.0,0.9680735185677091,618
31850000,-87294.97587626014,15374.955495820672,-71920.02038043947,299.3414983665651,64.0,0.9680735185677091,618
31900000,-86657.45195047889,15606.325609903433,-71051.12634057546,303.8461407797157,64.0,0.9680735185677091,618
31950000,-86461.11283915077,15364.78160126519,-71096.33123788558,299.14341851903066,64.0,0.9680735185677091,618
32000000,-87042.26933329139,15616.100388342282,-71426.16894494911,304.0364500671073,64.0,0.9680735185677091,618
32050000,-86906.66099588905,15513.225577685691,-71393.43541820336,302.03353695464386,64.0,0.9680735185677091,618
32100000,-86539.49479715858,15392.372552014422,-71147.12224514416,299.68059838539693,64.0,0.9680735185677091,618
32150000,-86730.20744364295,15849.216747940518,-70880.99069570244,308.57509087129455,64.0,0.9680735185677091,618
32200000,-86643.63517801795,15164.818708512,-71478.81646950595,295.25025655503515,64.0,0.9680735185677091,618
32250000,-86828.15440409217,15366.798250243533,-71461.35615384864,299.18268150922404,64.0,0.9680735185677091,618
32300000,-86745.22734110389,15291.222032324818,-71454.00530877907,297.71125622159866,64.0,0.9680735185677091,618
32350000,-86557.69706766639,15293.271752462722,-71264.42531520367,297.75116308815694,64.0,0.9680735185677091,618
32400000,-86818.84184305702,15308.280243081623,-71510.5615999754,298.0433697271488,64.0,0.9680735185677091,618
32450000,-86985.36308329139,15236.593434396666,-71748.76964889473,296.64766898962756,64.0,0.9680735185677091,618
32500000,-86496.74479715858,15490.221087057085,-71006.5237101015,301.58565281632565,64.0,0.9680735185677091,618
32550000,-86423.51286356483,15573.543267253088,-70849.96959631174,303.20788751312335,64.0,0.9680735185677091,618
32600000,-86498.35966532264,15113.020479354542,-71385.3391859681,294.2417749673686,64.0,0.9680735185677091,618
32650000,-86569.37309305702,15647.750108320848,-70921.62298473617,304.6526518248191,64.0,0.9680735185677091,618
32700000,-86761.73979227577,15651.024855911033,-71110.71493636473,304.71640926793395,64.0,0.9680735185677091,618
32750000,-86353.02079813514,15215.354826630559,-71137.66597150458,296.2341655701443,64.0,0.9680735185677091,618
32800000,-86754.49577372108,15048.751640223432,-71705.74413349765,292.9904978102402,64.0,0.9680735185677091,618
32850000,-86805.10575907264,15281.076562084723,-71524.02919698792,297.51372977905845,64.0,0.9680735185677091,618
32900000,-86804.3553928617,15549.0001967391,-71255.3551961226,302.7300481135771,64.0,0.9680735185677091,618
32950000,-87005.0165256742,15660.606949635316,-71344.40957603889,304.9029670952848,64.0,0.9680735185677091,618
33000000,-86258.34867899452,15482.156180423917,-70776.1924985706,301.4286337448613,64.0,0.9680735185677091,618
33050000,-86967.90922586952,15532.576284065726,-71435.33294180379,302.4102840251525,64.0,0.9680735185677091,618
33100000,-86282.73967020545,15382.756494395086,-70899.98317581037,299.4933793006371,64.0,0.9680735185677091,618
33150000,-86323.14946024452,15360.80641187547,-70962.34304836905,299.06602387886187,64.0,0.9680735185677091,618
33200000,-86475.89823954139,15915.53940150654,-70560.35883803485,309.8663546085779,64.0,0.9680735185677091,618
33250000,-86311.6439060453,15404.681299265707,-70906.96260677959,299.92024258119426,64.0,0.9680735185677091,618
33300000,-86191.59220926795,15512.793266913272,-70678.79894235468,302.02512011373585,64.0,0.9680735185677091,618
33350000,-86529.4442600492,15615.924546194263,-70913.51971385494,304.03302652210397,64.0,0.9680735185677091,618
33400000,-86648.04313700233,15433.394266012358,-71214.64887098997,300.4792674506209,64.0,0.9680735185677091,618
33450000,-86315.93669168983,15249.248546594754,-71066.68814509508,296.89405671077594,64.0,0.9680735185677091,618
33500000,-86375.84684793983,15464.544041549321,-70911.30280639051,301.0857355789711,64.0,0.9680735185677091,618
33550000,-86821.9964451078,15401.52196371369,-71420.4744813941,299.8587321437663,64.0,0.9680735185677091,618
33600000,-86911.27702372108,15529.637689913157,-71381.63933380792,302.35307129520606,64.0,0.9680735185677091,618
33650000,-86721.13090555702,15256.73183197924,-71464.39907357778,297.0397519526455,64.0,0.9680735185677091,618
33700000,-86794.69804422889,15716.10714319034,-71078.59090103855,305.9835237904187,64.0,0.9680735185677091,618
33750000,-86469.9501194242,15468.02774544619,-71001.92237397801,301.1535612806219,64.0,0.9680735185677091,618
33800000,-86978.57780497108,15294.16616054345,-71684.41164442763,297.7685766966132,64.0,0.9680735185677091,618
33850000,-87128.90446512733,15564.621351680718,-71564.28311344661,303.03418297287544,64.0,0.9680735185677091,618
33900000,-86581.74809305702,15568.672110604122,-71013.0759824529,303.1130489081936,64.0,0.9680735185677091,618
33950000,-86452.48417704139,15630.82754187705,-70821.65663516434,304.3231792356548,64.0,0.9680735185677091,618
34000000,-86342.58720438514,15500.686996329343,-70841.9002080558,301.7894180216414,64.0,0.9680735185677091,618
34050000,-86640.40110819374,15323.83334522543,-71316.5677629683,298.3461796378013,64.0,0.9680735185677091,618
34100000,-86600.72831766639,15073.956374418456,-71526.77194324794,293.4812194192829,64.0,0.9680735185677091,618
34150000,-86384.94865458045,15414.437869299436,-70970.51078528102,300.11019736146073,64.0,0.9680735185677091,618
34200000,-86337.02262918983,15241.869286218658,-71095.15334297117,296.7503867757041,64.0,0.9680735185677091,618
34250000,-86714.51567118202,15266.331787869567,-71448.18388331245,297.2266575460467,64.0,0.9680735185677091,618
34300000,-86111.89494364295,15511.484189481707,-70600.41075416125,301.9996331326549,64.0,0.9680735185677091,618
34350000,-86631.91716043983,15673.268966518342,-70958.64819392149,305.1494892466587,64.0,0.9680735185677091,618
34400000,-87159.85685770545,15550.614186092047,-71609.2426716134,302.7614715535597,64.0,0.9680735185677091,618
34450000,-86519.28337137733,15131.562701691408,-71387.72066968592,294.602781320777,64.0,0.9680735185677091,618
34500000,-86728.04826395545,15811.77286275907,-70916.27540119638,307.8460800655119,64.0,0.9680735185677091,618
34550000,-86557.26396219764,15482.711265258607,-71074.55269693903,301.439440925811,64.0,0.9680735185677091,618
34600000,-86594.0946506742,15452.844408306759,-71141.25024236745,300.8579504809186,64.0,0.9680735185677091,618
34650000,-86571.0985569242,15415.269012041623,-71155.82954488258,300.12637923033634,64.0,0.9680735185677091,618
34700000,-86743.86113016639,15603.428698019241,-71140.43243214715,303.7897395794465,64.0,0.9680735185677091,618
34750000,-86460.16166727577,15490.702736116014,-70969.45893115975,301.59503024515953,64.0,0.9680735185677091,618
34800000,-86513.7108616117,15464.452458468615,-71049.25840314309,301.0839525093152,64.0,0.9680735185677091,618
34850000,-86404.76445047889,15319.645634207875,-71085.11881627102,298.26464732435414,64.0,0.9680735185677091,618
34900000,-86802.82792704139,15358.218084263848,-71444.60984277754,299.0156306360498,64.0,0.9680735185677091,618
34950000,-86642.53483622108,15350.86394026794,-71291.67089595314,298.8724497023855,64.0,0.9680735185677091,618
35000000,-86436.92900126014,15165.242438637652,-71271.68656262249,295.25850633570934,64.0,0.9680735185677091,618
35050000,-86897.06901590858,15236.002643419895,-71661.06637248868,296.63616663072605,64.0,0.9680735185677091,618
35100000,-86984.46488993202,15771.546921422821,-71212.9179685092,307.06290423413657,64.0,0.9680735185677091,618
35150000,-86767.1610569242,15862.145263704937,-70905.01579321927,308.82680160188033,64.0,0.9680735185677091,618
35200000,-86557.07841532264,15238.381806355668,-71318.69660896697,296.682487558175,64.0,0.9680735185677091,618
35250000,-86940.87724344764,15495.794423366897,-71445.08282008074,301.6941624534646,64.0,0.9680735185677091,618
35300000,-86561.87602274452,15436.371755779954,-71125.50426696456,300.5372374557143,64.0,0.9680735185677091,618
35350000,-86874.08818094764,15361.863188164774,-71512.22499278287,299.08659870250705,64.0,0.9680735185677091,618
35400000,-86212.0653537992,15753.560605725273,-70458.50474807393,306.712721061739,64.0,0.9680735185677091,618
35450000,-86938.16777079139,15590.010755259544,-71348.15701553185,303.5284999881009,64.0,0.9680735185677091,618
35500000,-86501.95134012733,15450.717124230228,-71051.2342158971,300.8165334892991,64.0,0.9680735185677091,618
35550000,-86557.7108616117,15560.760437666671,-70996.95042394503,302.9590132082317,64.0,0.9680735185677091,618
35600000,-86517.32182352577,15354.379563644063,-71162.9422598817,298.9408968578512,64.0,0.9680735185677091,618
35650000,-86492.82035868202,15570.213451579155,-70922.60690710286,303.14305792624157,64.0,0.9680735185677091,618
35700000,-86596.3417209867,15624.522885430139,-70971.81883555657,304.200431218074,64.0,0.9680735185677091,618
35750000,-86639.61528055702,15379.673427260597,-71259.94185329642,299.4333537652231,64.0,0.9680735185677091,618
35800000,-86727.73088114295,15359.716441209894,-71368.01443993306,299.04480277989364,64.0,0.9680735185677091,618
35850000,-86678.25517313514,15324.57180415839,-71353.68336897675,298.36055700647296,64.0,0.9680735185677091,618
35900000,-86170.36882059608,15379.277453065617,-70791.09136753046,299.42564437647906,64.0,0.9680735185677091,618
35950000,-86235.23271219764,15475.491107882,-70759.74160431564,301.2988686341941,64.0,0.9680735185677091,618
36000000,-86365.78202860389,15657.21966317785,-70708.56236542604,304.8370185854598,64.0,0.9680735185677091,618
36050000,-86518.38578836952,15586.927052672952,-70931.45873569656,303.46846208080177,64.0,0.9680735185677091,618
36100000,-86925.89653055702,15426.009200229775,-71499.88733032724,300.3354844876397,64.0,0.9680735185677091,618
36150000,-86781.02214090858,15476.300745433662,-71304.72139547492,301.314631809438,64.0,0.9680735185677091,618
36200000,-86876.49565165077,15812.025062959292,-71064.47058869147,307.85099025766453,64.0,0.9680735185677091,618
36250000,-86237.35795633827,15436.406729786191,-70800.95122655208,300.5379183794044,64.0,0.9680735185677091,618
36300000,-86638.62480204139,15687.770274940878,-70950.85452710051,305.43182134138624,64.0,0.9680735185677091,618
36350000,-86552.56498758827,15255.685234174132,-71296.87975341413,297.01937529820555,64.0,0.9680735185677091,618
36400000,-86700.4110569242,15718.973900681478,-70981.43715624273,306.0393379020813,64.0,0.9680735185677091,618
36450000,-86389.22673075233,15581.013174035354,-70808.21355671698,303.35332228133905,64.0,0.9680735185677091,618
36500000,-86663.14439432655,15236.194954331499,-71426.94943999505,296.63991081303914,64.0,0.9680735185677091,618
36550000,-86706.21440165077,15470.694666677155,-71235.51973497361,301.2054846957836,64.0,0.9680735185677091,618
36600000,-86582.7005466703,15446.298253873363,-71136.40229279693,300.73050063710184,64.0,0.9680735185677091,618
36650000,-86201.40837137733,15412.881843895186,-70788.52652748214,300.07990244606196,64.0,0.9680735185677091,618
36700000,-86588.86967508827,15740.442554504145,-70848.42712058412,306.457320185343,64.0,0.9680735185677091,618
36750000,-87100.38615458045,15613.459514428629,-71486.92664015183,303.9850337781609,64.0,0.9680735185677091,618
36800000,-86554.79789774452,15642.339299575426,-70912.45859816909,304.5473065054346,64.0,0.9680735185677091,618
36850000,-86721.44682352577,15247.233324027155,-71474.21349949861,296.8548214919754,64.0,0.9680735185677091,618
36900000,-86303.42436258827,15423.460936642601,-70879.96342594567,300.2858712682307,64.0,0.9680735185677091,618
36950000,-86374.79441874061,15522.886723849224,-70851.90769489139,302.22163388730274,64.0,0.9680735185677091,618
37000000,-86728.76506083045,15269.455280028516,-71459.30978080194,297.2874701333254,64.0,0.9680735185677091,618
37050000,-86303.53044168983,15338.940573893138,-70964.58986779669,298.64030864954293,64.0,0.9680735185677091,618
37100000,-86465.85990946327,15565.026831063922,-70900.83307839934,303.0420774221412,64.0,0.9680735185677091,618
37150000,-86414.89360086952,15390.144764731871,-71024.74883613765,299.63722465443675,64.0,0.9680735185677091,618
37200000,-85980.37870829139,15346.40111718676,-70633.97759110463,298.7855611160459,64.0,0.9680735185677091,618
37250000,-86652.16252176795,15518.83073235699,-71133.33178941096,302.14266607689325,64.0,0.9680735185677091,618
37300000,-86764.33818094764,15241.69085009396,-71522.64733085368,296.7469127274739,64.0,0.9680735185677091,618
37350000,-86825.44340555702,15410.469808742637,-71414.97359681438,300.03294151554917,64.0,0.9680735185677091,618
37400000,-86691.24784891639,15477.155717990594,-71214.0921309258,301.3312776310356,64.0,0.9680735185677091,618
37450000,-86586.56938211952,15397.663897562306,-71188.90548455721,299.78361782536285,64.0,0.9680735185677091,618
37500000,-86627.22148172889,15250.634678268805,-71376.58680346009,296.9210438934287,64.0,0.9680735185677091,618
37550000,-86404.65336649452,15491.763401737437,-70912.88996475708,301.61568079185344,64.0,0.9680735185677091,618
37600000,-86526.47172586952,15563.29900880577,-70963.17271706375,303.0084377212779,64.0,0.9680735185677091,618
37650000,-86944.56059305702,15521.008494254434,-71423.55209880258,302.185065842515,64.0,0.9680735185677091,618
37700000,-86755.47612040077,15319.487946214329,-71435.98817418644,298.26157723024716,64.0,0.9680735185677091,618
37750000,-86916.14213602577,15290.03729863814,-71626.10483738763,297.6881901413728,64.0,0.9680735185677091,618
37800000,-86369.99565165077,15117.910304659978,-71252.08534699079,294.3369770402512,64.0,0.9680735185677091,618
37850000,-86050.70884745155,15390.024954449385,-70660.68389300216,299.6348920174748,64.0,0.9680735185677091,618
37900000,-86950.25566141639,15206.687604713487,-71743.5680567029,296.06541976817834,64.0,0.9680735185677091,618
37950000,-86653.75431864295,15708.659601876861,-70945.09471676609,305.83852446495536,64.0,0.9680735185677091,618
38000000,-86374.6044162992,15151.097002038732,-71223.50741426047,294.9831028597304,64.0,0.9680735185677091,618
38050000,-86415.2776951078,15106.192467164248,-71309.08522794355,294.1088375159097,64.0,0.9680735185677091,618
38100000,-86599.31694071327,15654.71722783707,-70944.5997128762,304.78829761552413,64.0,0.9680735185677091,618
38150000,-86611.18009989295,15358.616880580317,-71252.56321931264,299.0233949698684,64.0,0.9680735185677091,618
38200000,-86170.14701883827,15393.739416261145,-70776.40760257712,299.7072104423743,64.0,0.9680735185677091,618
38250000,-86654.8368381742,15424.156790433917,-71230.68004774029,300.29941913941593,64.0,0.9680735185677091,618
38300000,-87153.36137430702,15586.224106553942,-71567.13726775307,303.4547761260949,64.0,0.9680735185677091,618
38350000,-87446.52189676795,15335.854547065217,-72110.66734970274,298.58022549060826,64.0,0.9680735185677091,618
38400000,-87503.22148172889,15793.052476726007,-71710.16900500288,307.4816049678987,64.0,0.9680735185677091,618
38450000,-86514.29765360389,15488.491360107902,-71025.80629349599,301.55197603222865,64.0,0.9680735185677091,618
38500000,-86452.4271091703,15500.044007802848,-70952.38310136745,301.7768994066115,64.0,0.9680735185677091,618
38550000,-86592.62211649452,15196.02277260879,-71396.59934388573,295.85778165027193,64.0,0.9680735185677091,618
38600000,-86492.10563700233,15214.476212672424,-71277.6294243299,296.21705946412754,64.0,0.9680735185677091,618
38650000,-87080.21147196327,15315.073951543309,-71765.13752041996,298.17563930483567,64.0,0.9680735185677091,618
38700000,-86578.4042209867,15699.631879116641,-70878.77234187006,305.6627599199057,64.0,0.9680735185677091,618
38750000,-86843.7284397367,15584.787786304485,-71258.94065343222,303.42681180088283,64.0,0.9680735185677091,618
38800000,-86820.62773172889,15030.995724056382,-71789.63200767251,292.64480038355424,64.0,0.9680735185677091,618
38850000,-86387.4335178617,15343.822646501241,-71043.61087136046,298.73535978188875,64.0,0.9680735185677091,618
38900000,-86804.04545633827,15407.235666802619,-71396.80978953565,299.96997464097717,64.0,0.9680735185677091,618
38950000,-86679.59501688514,15486.402005836368,-71193.19301104877,301.51129751199295,64.0,0.9680735185677091,618
39000000,-86651.52384989295,15485.251598019328,-71166.27225187363,301.48889973661215,64.0,0.9680735185677091,618
39050000,-87040.2626194242,15611.032353857066,-71429.23026556714,303.9377783644809,64.0,0.9680735185677091,618
39100000,-86351.50785868202,15562.414926838828,-70789.09293184319,302.9912251562896,64.0,0.9680735185677091,618
39150000,-86794.26860086952,15449.572585219692,-71344.69601564982,300.79424997618935,64.0,0.9680735185677091,618
39200000,-86208.74980204139,15307.407567530929,-70901.34223451046,298.0263792384931,64.0,0.9680735185677091,618
39250000,-86220.06193583045,15426.89464928303,-70793.16728654742,300.3527236690084,64.0,0.9680735185677091,618
39300000,-86596.66056864295,15308.722046459792,-71287.93852218316,298.051971383605,64.0,0.9680735185677091,618
39350000,-86347.78373758827,15716.73291048687,-70631.0508271014,305.99570711805325,64.0,0.9680735185677091,618
39400000,-85930.55595438514,15303.421622959431,-70627.13433142571,297.94877520115057,64.0,0.9680735185677091,618
39450000,-86664.59318583045,15936.953617460327,-70727.63956837013,310.283277017992,64.0,0.9680735185677091,618
39500000,-86603.01835672889,15282.71640231344,-71320.30195441545,297.54565652065315,64.0,0.9680735185677091,618
39550000,-87001.58342020545,15140.92568808468,-71860.65773212077,294.7850732550145,64.0,0.9680735185677091,618
39600000,-86546.23423807655,15495.248652315466,-71050.98558576108,301.6835366064926,64.0,0.9680735185677091,618
39650000,-86772.9120334867,15505.627989953384,-71267.28404353332,301.8856163121172,64.0,0.9680735185677091,618
39700000,-86164.93180887733,15485.089371522889,-70679.84243735444,301.48574128047665,64.0,0.9680735185677091,618
39750000,-86896.5599216703,15353.56791183725,-71542.99200983305,298.9250944662235,64.0,0.9680735185677091,618
39800000,-86885.41667215858,15336.079986165976,-71549.3366859926,298.5846146596195,64.0,0.9680735185677091,618
39850000,-86557.38639872108,15587.567253280897,-70969.81914544018,303.4809264166686,64.0,0.9680735185677091,618
39900000,-86987.32060282264,15346.921863216907,-71640.39873960573,298.79569974031546,64.0,0.9680735185677091,618
39950000,-86118.63884012733,15697.435031463508,-70421.20380866382,305.6199885656503,64.0,0.9680735185677091,618
40000000,-86572.40141336952,15807.065991431475,-70765.33542193804,307.75444000084934,64.0,0.9680735185677091,618
40050000,-86896.96305887733,15566.19196366542,-71330.77109521191,303.06476188056604,64.0,0.9680735185677091,618
40100000,-86422.47245829139,15276.05118271173,-71146.42127557966,297.41588854681675,64.0,0.9680735185677091,618
40150000,-86672.69645731483,15120.114699164638,-71552.58175815019,294.3798953273445,64.0,0.9680735185677091,618
40200000,-86917.96440165077,15532.375596649945,-71385.58880500082,302.40637675714385,64.0,0.9680735185677091,618
40250000,-87315.21440165077,15132.959242274053,-72182.25515937671,294.62997115886486,64.0,0.9680735185677091,618
40300000,-86312.15238993202,15604.676774505526,-70707.47561542649,303.8140389073751,64.0,0.9680735185677091,618
40350000,-86638.07963602577,15448.803881691303,-71189.27575433446,300.7792837627229,64.0,0.9680735185677091,618
40400000,-86630.93803446327,15677.300348377321,-70953.63768608595,305.2279779217304,64.0,0.9680735185677091,618
40450000,-86343.55204813514,15388.343422732956,-70955.20862540219,299.6021535667076,64.0,0.9680735185677091,618
40500000,-86496.1102756742,15484.22955477846,-71011.88072089574,301.46900114534793,64.0,0.9680735185677091,618
40550000,-86521.70512430702,15447.024513704702,-71074.68061060231,300.74464049631484,64.0,0.9680735185677091,618
40600000,-87007.02738993202,15285.1618619957,-71721.86552793632,297.59326820744354,64.0,0.9680735185677091,618
40650000,-86477.91313211952,15327.82465921063,-71150.08847290889,298.4238882145256,64.0,0.9680735185677091,618
40700000,-86662.91679422889,15412.957335672341,-71249.95945855655,300.0813722273368,64.0,0.9680735185677091,618
40750000,-86863.61650126014,15192.854834529571,-71670.76166673057,295.7961037266107,64.0,0.9680735185677091,618
40800000,-86731.91728251014,15181.673088595038,-71550.2441939151,295.57840159516013,64.0,0.9680735185677091,618
40850000,-86934.27690165077,15235.8601018216,-71698.41679982917,296.6333914281816,64.0,0.9680735185677091,618
40900000,-86643.6815647367,15562.522011938272,-71081.15955279843,302.99331004129164,64.0,0.9680735185677091,618
40950000,-86255.12370340858,15584.623351088725,-70670.50035231985,303.42361034225854,64.0,0.9680735185677091,618
41000000,-86928.63945047889,15059.823984751827,-71868.81546572706,293.2060699595359,64.0,0.9680735185677091,618
41050000,-86703.62175028358,16007.950990188867,-70695.67076009471,311.6655548358646,64.0,0.9680735185677091,618
41100000,-86594.02690165077,15417.579423176358,-71176.44747847441,300.17136159995056,64.0,0.9680735185677091,618
41150000,-86812.41044657264,15659.506820101757,-71152.90362647088,304.8815482090277,64.0,0.9680735185677091,618
41200000,-86855.02677958045,15319.270341973286,-71535.75643760717,298.25734060142685,64.0,0.9680735185677091,618
41250000,-86681.19072001014,15310.623332956922,-71370.56738705322,298.08898833295683,64.0,0.9680735185677091,618
41300000,-87343.52812235389,15302.191262334702,-72041.33686001919,297.9248207908085,64.0,0.9680735185677091,618
41350000,-86576.05143778358,15135.993652076693,-71440.05778570689,294.6890493641466,64.0,0.9680735185677091,618
41400000,-86712.03459208045,15617.425375431776,-71094.60921664868,304.06224680003396,64.0,0.9680735185677091,618
41450000,-86841.78056376014,15598.466655876255,-71243.31390788389,303.6931314864707,64.0,0.9680735185677091,618
41500000,-86601.38438456092,15273.104988271545,-71328.27939628938,297.35852784366256,64.0,0.9680735185677091,618
41550000,-86822.75810282264,15415.412464142311,-71407.34563868033,300.12917215983623,64.0,0.9680735185677091,618
41600000,-86869.58634989295,15323.653104503173,-71545.93324538978,298.3426704550995,64.0,0.9680735185677091,618
41650000,-86770.61039774452,15501.068163014017,-71269.5422347305,301.796839116717,64.0,0.9680735185677091,618
41700000,-86629.88688700233,15439.435476670275,-71190.45141033205,300.59688633093447,64.0,0.9680735185677091,618
41750000,-86465.97917215858,14905.672243385052,-71560.30692877353,290.20482463891767,64.0,0.9680735185677091,618
41800000,-86074.51396219764,15237.626055670902,-70836.88790652674,296.66777352908844,64.0,0.9680735185677091,618
41850000,-86974.18925516639,15468.584611211787,-71505.6046439546,301.1644031352671,64.0,0.9680735185677091,617
41900000,-86520.22770731483,15106.200776313664,-71414.02693100116,294.108999290247,64.0,0.9680735185677091,617
41950000,-86113.2020725492,15471.61873472808,-70641.58333782112,301.22347576671916,64.0,0.9680735185677091,617
42000000,-86494.34928934608,15330.35183603433,-71163.99745331175,298.4730908868358,64.0,0.9680735185677091,617
42050000,-86650.35136454139,15627.410730897915,-71022.94063364348,304.25665590045503,64.0,0.9680735185677091,617
42100000,-87049.6259006742,15452.255823697313,-71597.37007697689,300.8464910787138,64.0,0.9680735185677091,617
42150000,-86638.1815647367,15251.06573851034,-71387.11582622636,296.92943638722306,64.0,0.9680735185677091,617
42200000,-86398.96733133827,15479.596659713192,-70919.37067162507,301.3788013557622,64.0,0.9680735185677091,617
42250000,-86742.30326883827,15852.246184850112,-70890.05708398815,308.6340722572225,64.0,0.9680735185677091,617
42300000,-86089.06279032264,15486.447869937634,-70602.61492038501,301.5121904595399,64.0,0.9680735185677091,617
42350000,-86208.42131083045,15081.611464879476,-71126.80984595098,293.6302596067069,64.0,0.9680735185677091,617
42400000,-87305.60893290077,15208.397962824209,-72097.21097007656,296.0987194521837,64.0,0.9680735185677091,617
42450000,-86677.10697977577,15335.711988696596,-71341.39499107917,298.5774499615552,64.0,0.9680735185677091,617
42500000,-86217.06901590858,15232.259121845593,-70984.80989406299,296.5632824290434,64.0,0.9680735185677091,617
42550000,-86379.85392801795,15276.796158573125,-71103.05776944483,297.4303927963189,64.0,0.9680735185677091,617
42600000,-87108.00663797889,15688.875556331826,-71419.13108164707,305.45334053132945,64.0,0.9680735185677091,617
42650000,-86923.91801493202,15210.15319038136,-71713.76482455066,296.13289271838113,64.0,0.9680735185677091,617
42700000,-86258.21879618202,15444.329034928465,-70813.88976125355,300.6921610822499,64.0,0.9680735185677091,617
42750000,-86822.6805881742,15657.588766343193,-71165.09182183101,304.8442048107855,64.0,0.9680735185677091,617
42800000,-87127.44059793983,15828.406862239353,-71299.03373570048,308.1699344226585,64.0,0.9680735185677091,617
42850000,-86778.00987284217,15570.319444627967,-71207.6904282142,303.1451215496489,64.0,0.9680735185677091,617
42900000,-87091.96550028358,15731.698239919031,-71360.26726036455,306.28707343368194,64.0,0.9680735185677091,617
42950000,-86778.64872782264,15434.39563908521,-71344.25308873743,300.4987636056591,64.0,0.9680735185677091,617
43000000,-86672.16374247108,15227.502702698112,-71444.66103977297,296.4706776969612,64.0,0.9680735185677091,617
43050000,-86533.91813700233,15269.564371016342,-71264.35376598599,297.28959407181503,64.0,0.9680735185677091,617
43100000,-86735.45134012733,15324.544834487606,-71410.90650563972,298.3600319225685,64.0,0.9680735185677091,617
43150000,-86421.97709696327,15510.007964803372,-70911.9691321599,301.9708918912732,64.0,0.9680735185677091,617
43200000,-86508.06962626014,15610.8201116001,-70897.24951466004,303.9336461303919,64.0,0.9680735185677091,617
43250000,-86406.04905741249,15231.693051745184,-71174.3560056673,296.55226137131854,64.0,0.9680735185677091,617
43300000,-86125.1981662992,15530.787845618324,-70594.41032068088,302.3754641621144,64.0,0.9680735185677091,617
43350000,-86963.67881815467,15609.127461255179,-71354.5513568995,303.9006912063534,64.0,0.9680735185677091,617
43400000,-86702.90690653358,15634.821445282549,-71068.08546125103,304.400938226896,64.0,0.9680735185677091,617
43450000,-86795.4276584867,15363.459821502212,-71431.96783698449,299.11768423089774,64.0,0.9680735185677091,617
43500000,-86292.5917209867,15663.409331759438,-70629.18238922727,304.9575278557539,64.0,0.9680735185677091,617
43550000,-86838.55131571327,15466.14637578791,-71372.40493992536,301.1169321006126,64.0,0.9680735185677091,617
43600000,-86679.97465555702,15267.471110545332,-71412.50354501168,297.24883950013293,64.0,0.9680735185677091,617
43650000,-86775.15007059608,15415.50823500962,-71359.64183558646,300.13103676327705,64.0,0.9680735185677091,617
43700000,-86130.50724833045,15076.855021074414,-71053.65222725604,293.5376543945559,64.0,0.9680735185677091,617
43750000,-86534.09208719764,15440.057402031147,-71094.0346851665,300.608994858302,64.0,0.9680735185677091,617
43800000,-86706.88615458045,15207.30253165448,-71499.58362292597,296.0773920403552,64.0,0.9680735185677091,617
43850000,-87234.64628641639,15369.888572439551,-71864.75771397684,299.2428482964933,64.0,0.9680735185677091,617
43900000,-87039.60392801795,15570.817171434872,-71468.78675658308,303.1548120029446,64.0,0.9680735185677091,617
43950000,-86603.30332987342,15125.862891041674,-71477.44043883175,294.49180930132883,64.0,0.9680735185677091,617
44000000,-86715.79228251014,15457.569112667581,-71258.22316984256,300.9499377444324,64.0,0.9680735185677091,617
44050000,-86445.5341037992,15162.605637836503,-71282.9284659627,295.2071693479096,64.0,0.9680735185677091,617
44100000,-86663.59550516639,15314.332301124232,-71349.26320404216,298.1611997997736,64.0,0.9680735185677091,617
44150000,-86505.51872293983,15504.472371496959,-71001.04635144287,301.8631170885988,64.0,0.9680735185677091,617
44200000,-86892.49613993202,14987.274978933623,-71905.2211609984,291.7935827420913,64.0,0.9680735185677091,617
44250000,-86204.28282206092,15464.499611123232,-70739.78321093769,301.0848705442513,64.0,0.9680735185677091,617
44300000,-86954.60234110389,15216.40494232485,-71738.19739877904,296.25461071585363,64.0,0.9680735185677091,617
44350000,-86796.43583719764,15398.70016286755,-71397.73567433009,299.8037933120015,64.0,0.9680735185677091,617
44400000,-86890.49235575233,15246.014953807928,-71644.4774019444,296.8311005278993,64.0,0.9680735185677091,617
44450000,-86559.0780491117,15220.5608057942,-71338.5172433175,296.33552297594184,64.0,0.9680735185677091,617
44500000,-86649.02775614295,15193.159592580516,-71455.86816356244,295.8020371897439,64.0,0.9680735185677091,617
44550000,-86130.9280857328,15192.007227398455,-70938.92085833434,295.7796013055973,64.0,0.9680735185677091,617
44600000,-86417.50907938514,15671.54573200224,-70745.9633473829,305.1159388664818,64.0,0.9680735185677091,617
44650000,-86713.8348850492,15412.602489104029,-71301.23239594518,300.0744635697164,64.0,0.9680735185677091,617
44700000,-86789.57011454139,15542.146082967782,-71247.42403157361,302.5966024794197,64.0,0.9680735185677091,617
44750000,-86791.50334208045,15228.065190038644,-71563.43815204181,296.4816290004217,64.0,0.9680735185677091,617
44800000,-86843.93180887733,15757.262463221792,-71086.66934565554,306.7847940879047,64.0,0.9680735185677091,617
44850000,-86495.09770243202,15663.823940308765,-70831.27376212325,304.9656000446083,64.0,0.9680735185677091,617
44900000,-86795.58024637733,15349.393040637951,-71446.18720573938,298.84381213661777,64.0,0.9680735185677091,617
44950000,-86546.76799051795,15569.734364681877,-70977.03362583608,303.1337303812143,64.0,0.9680735185677091,617
45000000,-86452.90495340858,15032.235187271086,-71420.6697661375,292.66893201606274,64.0,0.9680735185677091,617
45050000,-86905.36186258827,15517.175749385031,-71388.18611320324,302.11044451483855,64.0,0.9680735185677091,617
45100000,-86767.06498758827,15637.149759802036,-71129.91522778623,304.44626916506496,64.0,0.9680735185677091,617
45150000,-86122.32548563514,15524.831373890862,-70597.49411174428,302.25949509980643,64.0,0.9680735185677091,617
45200000,-86618.83439676795,15333.462259720429,-71285.37213704753,298.53364903850036,64.0,0.9680735185677091,617
45250000,-86503.76799051795,15246.324535961263,-71257.44345455669,296.8371279135182,64.0,0.9680735185677091,617
45300000,-86858.5214084867,15476.663661410392,-71381.85774707631,301.321697573777,64.0,0.9680735185677091,617
45350000,-86709.80485575233,15273.110246885568,-71436.69460886676,297.3586302258387,64.0,0.9680735185677091,617
45400000,-86860.28520243202,15319.646114912117,-71540.6390875199,298.2646566833879,64.0,0.9680735185677091,617
45450000,-86824.31376688514,15350.477072375128,-71473.83669451001,298.8649176080821,64.0,0.9680735185677091,617
45500000,-86899.40470926795,15479.097533607855,-71420.3071756601,301.3690836589347,64.0,0.9680735185677091,617
45550000,-86559.69474833045,15587.545112761436,-70972.14963556902,303.4804953535496,64.0,0.9680735185677091,617
45600000,-86777.2440647367,15534.30263167189,-71242.94143306481,302.4438950153938,64.0,0.9680735185677091,617
45650000,-87392.36296122108,15356.840551328612,-72035.52240989247,298.9888108658726,64.0,0.9680735185677091,617
45700000,-86588.52800028358,15575.844327087048,-71012.68367319653,303.2526878183155,64.0,0.9680735185677091,617
45750000,-86893.88615458045,15436.17764103436,-71457.7085135461,300.53345815379583,64.0,0.9680735185677091,617
45800000,-86674.6971897367,15645.898790136911,-71028.7983995998,304.61660772964865,64.0,0.9680735185677091,617
45850000,-86903.74784891639,15519.834628601559,-71383.91322031483,302.16221135662664,64.0,0.9680735185677091,617
45900000,-86559.18168680702,15674.645853327122,-70884.5358334799,305.1762964371272,64.0,0.9680735185677091,617
45950000,-86890.67301981483,15451.230293114204,-71439.44272670062,300.82652459091145,64.0,0.9680735185677091,617
46000000,-86988.3788303617,15637.316487522796,-71351.06234283891,304.44951525743676,64.0,0.9680735185677091,617
46050000,-86719.28398172889,15510.880177206593,-71208.4038045223,301.98787336271516,64.0,0.9680735185677091,617
46100000,-86301.4842991117,15074.3854739503,-71227.0988251614,293.4895737391927,64.0,0.9680735185677091,617
46150000,-86325.2382053617,15715.809983342187,-70609.42822201952,305.97773825990294,64.0,0.9680735185677091,617
46200000,-86513.49650614295,15508.559399759164,-71004.93710638379,301.94268916698354,64.0,0.9680735185677091,617
46250000,-86505.93107645545,15562.70418529096,-70943.2268911645,302.9968568511911,64.0,0.9680735185677091,617
46300000,-86657.1698459867,15655.40101812,-71001.7688278667,304.8016106171725,64.0,0.9680735185677091,617
46350000,-86577.68522684608,15185.149327856954,-71392.53589898912,295.64608196468225,64.0,0.9680735185677091,617
46400000,-86912.37272684608,15239.714516483247,-71672.65821036283,296.7084346541901,64.0,0.9680735185677091,617
46450000,-86524.14567606483,15619.039389884565,-70905.10628618026,304.09367072869605,64.0,0.9680735185677091,617
46500000,-86605.64115946327,15189.700501465239,-71415.94065799803,295.734690684727,64.0,0.9680735185677091,617
46550000,-86855.92326395545,15588.294437258272,-71267.62882669718,303.49508426847075,64.0,0.9680735185677091,617
46600000,-86441.82206766639,15248.614886223804,-71193.20718144259,296.88171970954386,64.0,0.9680735185677091,617
46650000,-86458.95964090858,15457.747065019561,-71001.21257588902,300.95340237388734,64.0,0.9680735185677091,617
46700000,-86203.68681376014,15099.046795514558,-71104.64001824558,293.96971541835075,64.0,0.9680735185677091,617
46750000,-86920.1532444242,15283.872325924924,-71636.28091849928,297.56816168536426,64.0,0.9680735185677091,617
46800000,-86420.11381571327,15711.331354498398,-70708.78246121487,305.89054194449943,64.0,0.9680735185677091,617
46850000,-86562.5194553617,15416.465986389434,-71146.05346897227,300.1496836291607,64.0,0.9680735185677091,617
46900000,-86633.77067606483,15366.409816972562,-71267.36085909227,299.1751189379126,64.0,0.9680735185677091,617
46950000,-86673.94926493202,15536.813880924601,-71137.13538400742,302.49278758710125,64.0,0.9680735185677091,617
47000000,-86511.18290751014,15378.638254227117,-71132.54465328302,299.4131995444844,64.0,0.9680735185677091,617
47050000,-86665.90647928749,15361.50332643371,-71304.40315285377,299.07959240256616,64.0,0.9680735185677091,617
47100000,-86728.63151590858,15354.311818810413,-71374.31969709817,298.93957790508955,64.0,0.9680735185677091,617
47150000,-86677.81987040077,15413.053533777478,-71264.76633662329,300.08324514885123,64.0,0.9680735185677091,617
47200000,-87145.25492899452,15489.996264230227,-71655.25866476429,301.5812756458111,64.0,0.9680735185677091,617
47250000,-86462.2635959867,15607.617542561493,-70854.64605342521,303.87129396196445,64.0,0.9680735185677091,617
47300000,-86473.13041727577,15427.021792537533,-71046.10862473823,300.35519907469785,64.0,0.9680735185677091,617
47350000,-86688.05705301795,15578.34836938954,-71109.70868362841,303.30144007486706,64.0,0.9680735185677091,617
47400000,-87373.00468485389,15283.589179141447,-72089.41550571244,297.56264898111954,64.0,0.9680735185677091,617
47450000,-86398.57743876014,15674.087012001313,-70724.49042675883,305.1654161194663,64.0,0.9680735185677091,617
47500000,-86658.40568583045,15259.65703767701,-71398.74864815344,297.0967040171141,64.0,0.9680735185677091,617
47550000,-87331.12602274452,15622.080360448686,-71709.04566229583,304.1528766682124,64.0,0.9680735185677091,617
47600000,-86301.9032444242,15421.527217443916,-70880.37602698029,300.2482228729223,64.0,0.9680735185677091,617
47650000,-86699.34294168983,15656.612921648659,-71042.73002004117,304.82520567852043,64.0,0.9680735185677091,617
47700000,-86329.07878153358,15827.419478528667,-70501.65930300491,308.15071063241726,64.0,0.9680735185677091,617
47750000,-87109.63774149452,15393.399385742377,-71716.23835575214,299.7005902446764,64.0,0.9680735185677091,617
47800000,-86666.30632059608,15431.313338598207,-71234.99298199787,300.43875299642866,64.0,0.9680735185677091,617
47850000,-86379.67912333045,15169.356277658837,-71210.32284567162,295.3386004040775,64.0,0.9680735185677091,617
47900000,-86743.25407450233,15459.146511595696,-71284.10756290663,300.9806487899891,64.0,0.9680735185677091,617
47950000,-86634.10429422889,15756.371044319123,-70877.73324990977,306.7674386770179,64.0,0.9680735185677091,617
48000000,-86762.58342020545,15442.312681643292,-71320.27073856216,300.65290384903165,64.0,0.9680735185677091,617
48050000,-86212.48710672889,15522.087478964822,-70690.39962776407,302.2060730512844,64.0,0.9680735185677091,617
48100000,-86136.29002420936,15460.799463786185,-70675.49056042318,301.01283081390216,64.0,0.9680735185677091,617
48150000,-86484.51188700233,15201.568457894959,-71282.94342910737,295.96575293796,64.0,0.9680735185677091,617
48200000,-86758.68467752967,15383.006637588027,-71375.67803994165,299.49824944404673,64.0,0.9680735185677091,617
48250000,-86349.32670633827,15567.219414268853,-70782.10729206941,303.08476575005443,64.0,0.9680735185677091,617
48300000,-86277.53593485389,15573.150662404252,-70704.38527244964,303.20024372360155,64.0,0.9680735185677091,617
48350000,-86592.12858622108,15565.512965885224,-71026.61562033586,303.0515421861762,64.0,0.9680735185677091,617
48400000,-86583.23649637733,15417.690462775528,-71165.5460336018,300.17352347677695,64.0,0.9680735185677091,617
48450000,-85865.71647684608,15068.40332270274,-70797.31315414334,293.37310471146856,64.0,0.9680735185677091,617
48500000,-86974.36528055702,15383.585525592789,-71590.77975496423,299.5095200589619,64.0,0.9680735185677091,617
48550000,-86320.21318094764,15541.171479758807,-70779.04170118883,302.57762751816097,64.0,0.9680735185677091,617
48600000,-86148.10966532264,15773.034860172309,-70375.07480515033,307.09187354171405,64.0,0.9680735185677091,617
48650000,-86824.81071512733,15509.149410906248,-71315.66130422108,301.9541763430517,64.0,0.9680735185677091,617
48700000,-86554.94145243202,15469.331483912654,-71085.60996851936,301.1789443151377,64.0,0.9680735185677091,617
48750000,-86926.85771219764,15597.359870307613,-71329.49784189003,303.671583011057,64.0,0.9680735185677091,617
48800000,-87008.57182352577,15106.634863022948,-71901.93696050282,294.11745070761947,64.0,0.9680735185677091,617
48850000,-86538.71293680702,15542.9749594233,-70995.73797738372,302.6127402250036,64.0,0.9680735185677091,617
48900000,-86643.0608982328,15532.566812127596,-71110.4940861052,302.4100996119909,64.0,0.9680735185677091,617
48950000,-86808.90165751014,15464.749067191355,-71344.15259031879,301.0897273097378,64.0,0.9680735185677091,617
49000000,-86240.00614969764,15513.492582549516,-70726.51356714813,302.03873538504126,64.0,0.9680735185677091,617
49050000,-86477.91374247108,15439.626480404404,-71038.28726206667,300.60060506325755,64.0,0.9680735185677091,617
49100000,-86831.71244852577,15260.819028315367,-71570.8934202104,297.11932730333234,64.0,0.9680735185677091,617
49150000,-86251.11967508827,15327.410507397726,-70923.70916769054,298.4158249180654,64.0,0.9680735185677091,617
49200000,-86669.3104709867,15531.065662165172,-71138.24480882153,302.38087308973223,64.0,0.9680735185677091,617
49250000,-86853.58830301795,15381.139879227849,-71472.4484237901,299.4619047375677,64.0,0.9680735185677091,617
49300000,-86633.90068094764,15228.817369469558,-71405.08331147808,296.4962734992596,64.0,0.9680735185677091,617
49350000,-86518.47441141639,15640.073183727916,-70878.40122768848,304.5031865394646,64.0,0.9680735185677091,617
49400000,-87155.6454319242,15230.174566496862,-71925.47086542734,296.5226973410614,64.0,0.9680735185677091,617
49450000,-86483.52299540077,15110.504397781915,-71373.01859761885,294.1927883131849,64.0,0.9680735185677091,617
49500000,-86714.92875711952,15640.072333870223,-71074.8564232493,304.50316999322644,64.0,0.9680735185677091,617
49550000,-86682.05241434608,15418.897675694549,-71263.15473865153,300.19702721466587,64.0,0.9680735185677091,617
49600000,-86841.32768290077,15164.9769012935,-71676.35078160727,295.25333647707185,64.0,0.9680735185677091,617
49650000,-86468.99095194374,16041.168586213607,-70427.82236573013,312.31228223412495,64.0,0.9680735185677091,617
49700000,-86770.77128641639,15030.990968532977,-71739.78031788341,292.64470779626174,64.0,0.9680735185677091,617
49750000,-86946.6356662992,15196.440187216038,-71750.19547908317,295.8659084714525,64.0,0.9680735185677091,617
49800000,-86576.51994364295,15302.959194204537,-71273.56074943842,297.93977198052886,64.0,0.9680735185677091,617
49850000,-85905.23466532264,15748.563145988155,-70156.67151933449,306.6154234086731,64.0,0.9680735185677091,617
49900000,-86629.39958231483,15155.880294819595,-71473.51928749523,295.07623080592435,64.0,0.9680735185677091,617
49950000,-86497.09574930702,15288.97557779291,-71208.1201715141,297.6675190500812,64.0,0.9680735185677091,617
50000000,-86718.88481180702,15581.832190492656,-71137.05262131436,303.36926805845576,64.0,0.9680735185677091,617
